Cell Line;Collection Date;Created By Name;Experiment #;Freezerworks ID;Globally Unique Sample ID;Lab Member;Notes;Number of Aliquots Total;Number of Aliquots with Positions;Passage Number;Result;Sample Creation Date;Sample Creation Time;Sample Modification Date;Sample Modification Time;Sample Modified By;Sample Type;Source;Subject ID;Total Current Amount;Aliquot Modification Date;Aliquot Modification Time;Aliquot Modified By;Aliquot Notes;Aliquot Number;Aliquot Type;Aliquot/SubA Passage#;Aliquots Creation Date;Current Amount;Disposition;Freezer Alias;Freezer Name;Freezer Section;Globally Unique Aliquot ID;Initial Amount;Lab Member (sub-aliquots);Parent Aliquot ID;Position 1;Position 2;Position 3;Position 4;Position 5;Thaws;Unique Aliquot ID;Transaction Activity;Transaction Creation Date;Transaction Date;Transaction Notes;Transaction Time;Transaction User Name;Sample Notes
MDA MB 134VI (MM134);2/2/2017;admin;;100000;ZZZ100033;Matt Sikora;;6;6;p+33;;2/8/2017;15:48:14;;;;;UPMC/MJS;;0;9/4/2019;11:59:29;;Thawed by MTS on 09.04.19;1;Cells;p+33;3/28/2017;;Checked Out;;Sikora LN2 #1;LN2 Canes;SQZ100000A;;MTS;0;4;F;1;1;;0;100000;;;;;;;Legacy MM134 from Oesterreich Lab banks
MDA MB 134VI (MM134);2/2/2017;admin;;100000;ZZZ100033;Matt Sikora;;6;6;p+33;;2/8/2017;15:48:14;;;;;UPMC/MJS;;0;11/5/2019;12:27:36;;11-5-19 MTS Checked out;2;Cells;p+33;3/28/2017;;Checked Out;;Sikora LN2 #1;LN2 Canes;SQZ100001A;;MTS;0;4;F;1;2;;0;100001;;;;;;;Legacy MM134 from Oesterreich Lab banks
MDA MB 134VI (MM134);2/2/2017;admin;;100000;ZZZ100033;Matt Sikora;;6;6;p+33;;2/8/2017;15:48:14;;;;;UPMC/MJS;;0;00/00/00;00:00:00;;;3;Cells;p+33;3/28/2017;;In Storage;;Sikora LN2 #1;LN2 Canes;SQZ100002A;;;0;4;F;1;3;;0;100002;;;;;;;Legacy MM134 from Oesterreich Lab banks
MDA MB 134VI (MM134);2/2/2017;admin;;100000;ZZZ100033;Matt Sikora;;6;6;p+33;;2/8/2017;15:48:14;;;;;UPMC/MJS;;0;00/00/00;00:00:00;;;4;Cells;p+33;3/28/2017;;In Storage;;Sikora LN2 #1;LN2 Canes;SQZ100003A;;;0;4;F;1;4;;0;100003;;;;;;;Legacy MM134 from Oesterreich Lab banks
MDA MB 134VI (MM134);2/2/2017;admin;;100000;ZZZ100033;Matt Sikora;;6;6;p+33;;2/8/2017;15:48:14;;;;;UPMC/MJS;;0;00/00/00;00:00:00;;;5;Cells;p+33;3/28/2017;;In Storage;;Sikora LN2 #1;LN2 Canes;SQZ100004A;;;0;4;F;1;5;;0;100004;;;;;;;Legacy MM134 from Oesterreich Lab banks
MDA MB 134VI (MM134);2/2/2017;admin;;100000;ZZZ100033;Matt Sikora;;6;6;p+33;;2/8/2017;15:48:14;;;;;UPMC/MJS;;0;00/00/00;00:00:00;;;6;Cells;p+33;3/28/2017;;In Storage;;Sikora LN2 #1;LN2 Canes;SQZ100005A;;;0;4;F;1;6;;0;100005;;;;;;;Legacy MM134 from Oesterreich Lab banks
134:L/E;2/2/2017;admin;MJS_0049;100001;ZZZ100034;Matt Sikora;;9;8;pX13;;2/8/2017;15:50:11;;;;;UPMC/MJS;;0;00/00/00;00:00:00;;;1;Cells;pX13;3/28/2017;;In Storage;;Sikora LN2 #1;LN2 Canes;SQZ100006A;;;0;4;F;1;7;;0;100006;;;;;;;From early passage frozen vials shipped from SO Lab
134:L/E;2/2/2017;admin;MJS_0049;100001;ZZZ100034;Matt Sikora;;9;8;pX13;;2/8/2017;15:50:11;;;;;UPMC/MJS;;0;9/3/2019;14:04:21;;Checked out by EKB on 09/03/19;2;Cells;pX13;3/28/2017;;Checked Out;;Sikora LN2 #1;LN2 Canes;SQZ100007A;;EKB;0;4;F;1;8;;0;100007;;;;;;;From early passage frozen vials shipped from SO Lab
134:L/E;2/2/2017;admin;MJS_0049;100001;ZZZ100034;Matt Sikora;;9;8;pX13;;2/8/2017;15:50:11;;;;;UPMC/MJS;;0;1/17/2019;16:27:58;;Checked out by EKB on 11.28.18;3;Cells;pX13;3/28/2017;;Used;;;;SQZ100008A;;EKB;0;;;;;;0;100008;;;;;;;From early passage frozen vials shipped from SO Lab
134:L/E;2/2/2017;admin;MJS_0049;100001;ZZZ100034;Matt Sikora;;9;8;pX13;;2/8/2017;15:50:11;;;;;UPMC/MJS;;0;1/20/2022;10:32:44;;;4;Cells;pX13;3/28/2017;;Checked Out;;Sikora LN2 #1;LN2 Canes;SQZ100009A;;JS;0;4;F;2;1;;0;100009;;;;;;;From early passage frozen vials shipped from SO Lab
134:L/E;2/2/2017;admin;MJS_0049;100001;ZZZ100034;Matt Sikora;;9;8;pX13;;2/8/2017;15:50:11;;;;;UPMC/MJS;;0;6/8/2023;17:11:11;;Checked out 6.8.23 MTS;5;Cells;pX13;3/28/2017;;Checked Out;;Sikora LN2 #1;LN2 Canes;SQZ100010A;;MTS;0;4;F;2;2;;0;100010;;;;;;;From early passage frozen vials shipped from SO Lab
134:L/E;2/2/2017;admin;MJS_0049;100001;ZZZ100034;Matt Sikora;;9;8;pX13;;2/8/2017;15:50:11;;;;;UPMC/MJS;;0;00/00/00;00:00:00;;;6;Cells;pX13;3/28/2017;;In Storage;;Sikora LN2 #1;LN2 Canes;SQZ100011A;;;0;4;F;2;3;;0;100011;;;;;;;From early passage frozen vials shipped from SO Lab
134:L/E;2/2/2017;admin;MJS_0049;100001;ZZZ100034;Matt Sikora;;9;8;pX13;;2/8/2017;15:50:11;;;;;UPMC/MJS;;0;00/00/00;00:00:00;;;7;Cells;pX13;3/28/2017;;In Storage;;Sikora LN2 #1;LN2 Canes;SQZ100012A;;;0;4;F;2;4;;0;100012;;;;;;;From early passage frozen vials shipped from SO Lab
134:L/E;2/2/2017;admin;MJS_0049;100001;ZZZ100034;Matt Sikora;;9;8;pX13;;2/8/2017;15:50:11;;;;;UPMC/MJS;;0;00/00/00;00:00:00;;;8;Cells;pX13;3/28/2017;;In Storage;;Sikora LN2 #1;LN2 Canes;SQZ100013A;;;0;4;F;2;5;;0;100013;;;;;;;From early passage frozen vials shipped from SO Lab
134:L/E;2/2/2017;admin;MJS_0049;100001;ZZZ100034;Matt Sikora;;9;8;pX13;;2/8/2017;15:50:11;;;;;UPMC/MJS;;0;00/00/00;00:00:00;;;9;Cells;pX13;3/28/2017;;In Storage;;Sikora LN2 #1;LN2 Canes;SQZ100014A;;;0;4;F;2;6;;0;100014;;;;;;;From early passage frozen vials shipped from SO Lab
134:L/E;2/2/2017;admin;MJS_0049;100002;ZZZ100035;Matt Sikora;;9;8;pX20;;2/8/2017;15:51:02;;;;;UPMC/MJS;;0;00/00/00;00:00:00;;;1;Cells;pX20;3/28/2017;;In Storage;;Sikora LN2 #1;LN2 Canes;SQZ100015A;;;0;4;F;2;7;;0;100015;;;;;;;From early passage frozen vials from SO Lab
134:L/E;2/2/2017;admin;MJS_0049;100002;ZZZ100035;Matt Sikora;;9;8;pX20;;2/8/2017;15:51:02;;;;;UPMC/MJS;;0;00/00/00;00:00:00;;;2;Cells;pX20;3/28/2017;;In Storage;;Sikora LN2 #1;LN2 Canes;SQZ100016A;;;0;4;F;2;8;;0;100016;;;;;;;From early passage frozen vials from SO Lab
134:L/E;2/2/2017;admin;MJS_0049;100002;ZZZ100035;Matt Sikora;;9;8;pX20;;2/8/2017;15:51:02;;;;;UPMC/MJS;;0;00/00/00;00:00:00;;;3;Cells;pX20;3/28/2017;;In Storage;;Sikora LN2 #1;LN2 Canes;SQZ100017A;;;0;4;F;2;9;;0;100017;;;;;;;From early passage frozen vials from SO Lab
134:L/E;2/2/2017;admin;MJS_0049;100002;ZZZ100035;Matt Sikora;;9;8;pX20;;2/8/2017;15:51:02;;;;;UPMC/MJS;;0;00/00/00;00:00:00;;;4;Cells;pX20;3/28/2017;;In Storage;;Sikora LN2 #1;LN2 Canes;SQZ100018A;;;0;4;F;3;1;;0;100018;;;;;;;From early passage frozen vials from SO Lab
134:L/E;2/2/2017;admin;MJS_0049;100002;ZZZ100035;Matt Sikora;;9;8;pX20;;2/8/2017;15:51:02;;;;;UPMC/MJS;;0;00/00/00;00:00:00;;;5;Cells;pX20;3/28/2017;;In Storage;;Sikora LN2 #1;LN2 Canes;SQZ100019A;;;0;4;F;3;2;;0;100019;;;;;;;From early passage frozen vials from SO Lab
134:L/E;2/2/2017;admin;MJS_0049;100002;ZZZ100035;Matt Sikora;;9;8;pX20;;2/8/2017;15:51:02;;;;;UPMC/MJS;;0;00/00/00;00:00:00;;;6;Cells;pX20;3/28/2017;;In Storage;;Sikora LN2 #1;LN2 Canes;SQZ100020A;;;0;4;F;3;3;;0;100020;;;;;;;From early passage frozen vials from SO Lab
134:L/E;2/2/2017;admin;MJS_0049;100002;ZZZ100035;Matt Sikora;;9;8;pX20;;2/8/2017;15:51:02;;;;;UPMC/MJS;;0;00/00/00;00:00:00;;;7;Cells;pX20;3/28/2017;;In Storage;;Sikora LN2 #1;LN2 Canes;SQZ100021A;;;0;4;F;3;4;;0;100021;;;;;;;From early passage frozen vials from SO Lab
134:L/E;2/2/2017;admin;MJS_0049;100002;ZZZ100035;Matt Sikora;;9;8;pX20;;2/8/2017;15:51:02;;;;;UPMC/MJS;;0;00/00/00;00:00:00;;;8;Cells;pX20;3/28/2017;;In Storage;;Sikora LN2 #1;LN2 Canes;SQZ100022A;;;0;4;F;3;5;;0;100022;;;;;;;From early passage frozen vials from SO Lab
134:L/E;2/2/2017;admin;MJS_0049;100002;ZZZ100035;Matt Sikora;;9;8;pX20;;2/8/2017;15:51:02;;;;;UPMC/MJS;;0;5/31/2018;11:13:32;;;9;Cells;pX20;3/28/2017;;Used;;;;SQZ100023A;;Matt;0;;;;;;0;100023;;;;;;;From early passage frozen vials from SO Lab
134:L/B;2/8/2017;admin;MJS_0049;100003;ZZZ100036;Matt Sikora;;5;5;pX47;;2/9/2017;16:07:14;;;;;UPMC/MJS;;0;00/00/00;00:00:00;;;1;Cells;pX47;3/28/2017;;In Storage;;Sikora LN2 #1;LN2 Canes;SQZ100024A;;;0;4;F;3;7;;0;100024;;;;;;;From viable cultures shipped from SO Lab
134:L/B;2/8/2017;admin;MJS_0049;100003;ZZZ100036;Matt Sikora;;5;5;pX47;;2/9/2017;16:07:14;;;;;UPMC/MJS;;0;00/00/00;00:00:00;;;2;Cells;pX47;3/28/2017;;In Storage;;Sikora LN2 #1;LN2 Canes;SQZ100025A;;;0;4;F;3;8;;0;100025;;;;;;;From viable cultures shipped from SO Lab
134:L/B;2/8/2017;admin;MJS_0049;100003;ZZZ100036;Matt Sikora;;5;5;pX47;;2/9/2017;16:07:14;;;;;UPMC/MJS;;0;00/00/00;00:00:00;;;3;Cells;pX47;3/28/2017;;In Storage;;Sikora LN2 #1;LN2 Canes;SQZ100026A;;;0;4;F;3;9;;0;100026;;;;;;;From viable cultures shipped from SO Lab
134:L/B;2/8/2017;admin;MJS_0049;100003;ZZZ100036;Matt Sikora;;5;5;pX47;;2/9/2017;16:07:14;;;;;UPMC/MJS;;0;00/00/00;00:00:00;;;4;Cells;pX47;3/28/2017;;In Storage;;Sikora LN2 #1;LN2 Canes;SQZ100027A;;;0;4;F;4;1;;0;100027;;;;;;;From viable cultures shipped from SO Lab
134:L/B;2/8/2017;admin;MJS_0049;100003;ZZZ100036;Matt Sikora;;5;5;pX47;;2/9/2017;16:07:14;;;;;UPMC/MJS;;0;00/00/00;00:00:00;;;5;Cells;pX47;3/28/2017;;In Storage;;Sikora LN2 #1;LN2 Canes;SQZ100028A;;;0;4;F;4;2;;0;100028;;;;;;;From viable cultures shipped from SO Lab
134:L/E;2/8/2017;admin;MJS_0049;100004;ZZZ100037;Matt Sikora;;5;4;pX50;;2/9/2017;16:07:57;;;;;UPMC/MJS;;0;00/00/00;00:00:00;;;1;Cells;pX50;3/28/2017;;In Storage;;Sikora LN2 #1;LN2 Canes;SQZ100029A;;;0;4;F;4;3;;0;100029;;;;;;;From viable cultures shipped from SO lab
134:L/E;2/8/2017;admin;MJS_0049;100004;ZZZ100037;Matt Sikora;;5;4;pX50;;2/9/2017;16:07:57;;;;;UPMC/MJS;;0;00/00/00;00:00:00;;;2;Cells;pX50;3/28/2017;;In Storage;;Sikora LN2 #1;LN2 Canes;SQZ100030A;;;0;4;F;4;4;;0;100030;;;;;;;From viable cultures shipped from SO lab
134:L/E;2/8/2017;admin;MJS_0049;100004;ZZZ100037;Matt Sikora;;5;4;pX50;;2/9/2017;16:07:57;;;;;UPMC/MJS;;0;00/00/00;00:00:00;;;3;Cells;pX50;3/28/2017;;In Storage;;Sikora LN2 #1;LN2 Canes;SQZ100031A;;;0;4;F;4;5;;0;100031;;;;;;;From viable cultures shipped from SO lab
134:L/E;2/8/2017;admin;MJS_0049;100004;ZZZ100037;Matt Sikora;;5;4;pX50;;2/9/2017;16:07:57;;;;;UPMC/MJS;;0;00/00/00;00:00:00;;;4;Cells;pX50;3/28/2017;;In Storage;;Sikora LN2 #1;LN2 Canes;SQZ100032A;;;0;4;F;4;6;;0;100032;;;;;;;From viable cultures shipped from SO lab
134:L/E;2/8/2017;admin;MJS_0049;100004;ZZZ100037;Matt Sikora;;5;4;pX50;;2/9/2017;16:07:57;;;;;UPMC/MJS;;0;4/30/2019;10:21:46;;Shipped to Beth Knapick/Jennifer Xavier on 4/30/19 by DMR.;5;Cells;pX50;3/28/2017;;Used;;;;SQZ100033A;;DMR;0;;;;;;0;100033;;;;;;;From viable cultures shipped from SO lab
44:L/A;2/8/2017;admin;MJS_0049;100005;ZZZ100038;Matt Sikora;;5;3;pX55;;2/9/2017;16:08:35;;;;;UPMC/MJS;;0;00/00/00;00:00:00;;;1;Cells;pX55;3/28/2017;;In Storage;;Sikora LN2 #1;LN2 Canes;SQZ100034A;;;0;4;F;4;8;;0;100034;;;;;;;From viable cultures shipped from SO Lab
44:L/A;2/8/2017;admin;MJS_0049;100005;ZZZ100038;Matt Sikora;;5;3;pX55;;2/9/2017;16:08:35;;;;;UPMC/MJS;;0;6/8/2023;17:12:10;;Checked out 6.8.23 MTS;2;Cells;pX55;3/28/2017;;Checked Out;;Sikora LN2 #1;LN2 Canes;SQZ100035A;;MTS;0;4;F;4;9;;0;100035;;;;;;;From viable cultures shipped from SO Lab
44:L/A;2/8/2017;admin;MJS_0049;100005;ZZZ100038;Matt Sikora;;5;3;pX55;;2/9/2017;16:08:35;;;;;UPMC/MJS;;0;9/3/2019;14:08:10;;Thawed by EKB on 09/03/19;3;Cells;pX55;3/28/2017;;Checked Out;;Sikora LN2 #1;LN2 Canes;SQZ100036A;;MJS;0;4;F;5;1;;0;100036;;;;;;;From viable cultures shipped from SO Lab
44:L/A;2/8/2017;admin;MJS_0049;100005;ZZZ100038;Matt Sikora;;5;3;pX55;;2/9/2017;16:08:35;;;;;UPMC/MJS;;0;4/30/2019;10:22:59;;Shipped to Beth Knapick/Jennifer Xavier on 4/30/19 by DMR.;4;Cells;pX55;3/28/2017;;Used;;;;SQZ100037A;;DMR;0;;;;;;0;100037;;;;;;;From viable cultures shipped from SO Lab
44:L/A;2/8/2017;admin;MJS_0049;100005;ZZZ100038;Matt Sikora;;5;3;pX55;;2/9/2017;16:08:35;;;;;UPMC/MJS;;0;3/2/2018;16:12:34;;;5;Cells;pX55;3/28/2017;;Used;;;;SQZ100038A;;Matt;0;;;;;;0;100038;;;;;;;From viable cultures shipped from SO Lab
44:L/B;2/8/2017;admin;MJS_0049;100006;ZZZ100039;Matt Sikora;;5;3;pX60;;2/9/2017;16:09:10;;;;;UPMC/MJS;;0;00/00/00;00:00:00;;;1;Cells;pX60;3/28/2017;;In Storage;;Sikora LN2 #1;LN2 Canes;SQZ100039A;;;0;4;F;5;4;;0;100039;;;;;;;From viable cultures shipped from SO Lab
44:L/B;2/8/2017;admin;MJS_0049;100006;ZZZ100039;Matt Sikora;;5;3;pX60;;2/9/2017;16:09:10;;;;;UPMC/MJS;;0;00/00/00;00:00:00;;;2;Cells;pX60;3/28/2017;;In Storage;;Sikora LN2 #1;LN2 Canes;SQZ100040A;;;0;4;F;5;5;;0;100040;;;;;;;From viable cultures shipped from SO Lab
44:L/B;2/8/2017;admin;MJS_0049;100006;ZZZ100039;Matt Sikora;;5;3;pX60;;2/9/2017;16:09:10;;;;;UPMC/MJS;;0;00/00/00;00:00:00;;;3;Cells;pX60;3/28/2017;;In Storage;;Sikora LN2 #1;LN2 Canes;SQZ100041A;;;0;4;F;5;6;;0;100041;;;;;;;From viable cultures shipped from SO Lab
44:L/B;2/8/2017;admin;MJS_0049;100006;ZZZ100039;Matt Sikora;;5;3;pX60;;2/9/2017;16:09:10;;;;;UPMC/MJS;;0;4/30/2019;10:24:05;;Shipped to Beth Knapick/Jennifer Xavier on 4/30/19 by DMR.;4;Cells;pX60;3/28/2017;;Used;;;;SQZ100042A;;DMR;0;;;;;;0;100042;;;;;;;From viable cultures shipped from SO Lab
44:L/B;2/8/2017;admin;MJS_0049;100006;ZZZ100039;Matt Sikora;;5;3;pX60;;2/9/2017;16:09:10;;;;;UPMC/MJS;;0;1/17/2019;16:29:05;;Checked out by EKB on 11.28.18;5;Cells;pX60;3/28/2017;;Used;;;;SQZ100043A;;EKB;0;;;;;;0;100043;;;;;;;From viable cultures shipped from SO Lab
44:L/A;2/9/2017;admin;MJS_0049;100007;ZZZ100040;Matt Sikora;;3;1;pX7;;2/12/2017;14:39:31;;;;;UPMC/MJS;;0;1/17/2019;16:28:26;;Checked out bu EKB on 11.28.18;1;Cells;pX7;3/28/2017;;Used;;;;SQZ100044A;;EKB;0;;;;;;0;100044;;;;;;;From early passage frozen vials; viability concerns.
44:L/A;2/9/2017;admin;MJS_0049;100007;ZZZ100040;Matt Sikora;;3;1;pX7;;2/12/2017;14:39:31;;;;;UPMC/MJS;;0;1/20/2022;10:33:15;;;2;Cells;pX7;3/28/2017;;Checked Out;;;;SQZ100045A;;JS;0;;;;;;0;100045;;;;;;;From early passage frozen vials; viability concerns.
44:L/A;2/9/2017;admin;MJS_0049;100007;ZZZ100040;Matt Sikora;;3;1;pX7;;2/12/2017;14:39:31;;;;;UPMC/MJS;;0;3/21/2022;09:37:10;;;3;Cells;pX7;3/28/2017;;Checked Out;;Sikora LN2 #1;LN2 Canes;SQZ100046A;;Joe Sottnik;0;4;F;6;2;;0;100046;;;;;;;From early passage frozen vials; viability concerns.
44:L/B;2/9/2017;admin;MJS_0049;100008;ZZZ100041;Matt Sikora;;4;4;pX7;;2/12/2017;14:40:01;;;;;UPMC/MJS;;0;00/00/00;00:00:00;;;1;Cells;pX7;3/28/2017;;In Storage;;Sikora LN2 #1;LN2 Canes;SQZ100047A;;;0;4;F;6;3;;0;100047;;;;;;;From early passage frozen vials; viability concerns.
44:L/B;2/9/2017;admin;MJS_0049;100008;ZZZ100041;Matt Sikora;;4;4;pX7;;2/12/2017;14:40:01;;;;;UPMC/MJS;;0;00/00/00;00:00:00;;;2;Cells;pX7;3/28/2017;;In Storage;;Sikora LN2 #1;LN2 Canes;SQZ100048A;;;0;4;F;6;4;;0;100048;;;;;;;From early passage frozen vials; viability concerns.
44:L/B;2/9/2017;admin;MJS_0049;100008;ZZZ100041;Matt Sikora;;4;4;pX7;;2/12/2017;14:40:01;;;;;UPMC/MJS;;0;00/00/00;00:00:00;;;3;Cells;pX7;3/28/2017;;In Storage;;Sikora LN2 #1;LN2 Canes;SQZ100049A;;;0;4;F;6;5;;0;100049;;;;;;;From early passage frozen vials; viability concerns.
44:L/B;2/9/2017;admin;MJS_0049;100008;ZZZ100041;Matt Sikora;;4;4;pX7;;2/12/2017;14:40:01;;;;;UPMC/MJS;;0;00/00/00;00:00:00;;;4;Cells;pX7;3/28/2017;;In Storage;;Sikora LN2 #1;LN2 Canes;SQZ100050A;;;0;4;F;6;6;;0;100050;;;;;;;From early passage frozen vials; viability concerns.
134:L/A;2/12/2017;admin;MJS_0049;100009;ZZZ100042;Matt Sikora;;5;4;pX45;;2/13/2017;09:11:57;;;;;UPMC/MJS;;0;00/00/00;00:00:00;;;1;Cells;pX45;3/28/2017;;In Storage;;Sikora LN2 #1;LN2 Canes;SQZ100051A;;;0;4;F;6;7;;0;100051;;;;;;;From viable cultures shipped from SO Lab
134:L/A;2/12/2017;admin;MJS_0049;100009;ZZZ100042;Matt Sikora;;5;4;pX45;;2/13/2017;09:11:57;;;;;UPMC/MJS;;0;00/00/00;00:00:00;;;2;Cells;pX45;3/28/2017;;In Storage;;Sikora LN2 #1;LN2 Canes;SQZ100052A;;;0;4;F;6;8;;0;100052;;;;;;;From viable cultures shipped from SO Lab
134:L/A;2/12/2017;admin;MJS_0049;100009;ZZZ100042;Matt Sikora;;5;4;pX45;;2/13/2017;09:11:57;;;;;UPMC/MJS;;0;00/00/00;00:00:00;;;3;Cells;pX45;3/28/2017;;In Storage;;Sikora LN2 #1;LN2 Canes;SQZ100053A;;;0;4;F;6;9;;0;100053;;;;;;;From viable cultures shipped from SO Lab
134:L/A;2/12/2017;admin;MJS_0049;100009;ZZZ100042;Matt Sikora;;5;4;pX45;;2/13/2017;09:11:57;;;;;UPMC/MJS;;0;1/17/2019;16:29:36;;Checked out by EKB on 11.28.18;4;Cells;pX45;3/28/2017;;Used;;;;SQZ100054A;;EKB;0;;;;;;0;100054;;;;;;;From viable cultures shipped from SO Lab
134:L/A;2/12/2017;admin;MJS_0049;100009;ZZZ100042;Matt Sikora;;5;4;pX45;;2/13/2017;09:11:57;;;;;UPMC/MJS;;0;00/00/00;00:00:00;;;5;Cells;pX45;3/28/2017;;In Storage;;Sikora LN2 #1;LN2 Canes;SQZ100055A;;;0;4;F;7;2;;0;100055;;;;;;;From viable cultures shipped from SO Lab
134:L/D;2/12/2017;admin;MJS_0049;100010;ZZZ100043;Matt Sikora;;5;5;pX47;;2/13/2017;09:12:32;;;;;UPMC/MJS;;0;00/00/00;00:00:00;;;1;Cells;pX47;3/28/2017;;In Storage;;Sikora LN2 #1;LN2 Canes;SQZ100056A;;;0;4;F;7;3;;0;100056;;;;;;;From viable cultures shipped from SO Lab
134:L/D;2/12/2017;admin;MJS_0049;100010;ZZZ100043;Matt Sikora;;5;5;pX47;;2/13/2017;09:12:32;;;;;UPMC/MJS;;0;00/00/00;00:00:00;;;2;Cells;pX47;3/28/2017;;In Storage;;Sikora LN2 #1;LN2 Canes;SQZ100057A;;;0;4;F;7;4;;0;100057;;;;;;;From viable cultures shipped from SO Lab
134:L/D;2/12/2017;admin;MJS_0049;100010;ZZZ100043;Matt Sikora;;5;5;pX47;;2/13/2017;09:12:32;;;;;UPMC/MJS;;0;00/00/00;00:00:00;;;3;Cells;pX47;3/28/2017;;In Storage;;Sikora LN2 #1;LN2 Canes;SQZ100058A;;;0;4;F;7;5;;0;100058;;;;;;;From viable cultures shipped from SO Lab
134:L/D;2/12/2017;admin;MJS_0049;100010;ZZZ100043;Matt Sikora;;5;5;pX47;;2/13/2017;09:12:32;;;;;UPMC/MJS;;0;00/00/00;00:00:00;;;4;Cells;pX47;3/28/2017;;In Storage;;Sikora LN2 #1;LN2 Canes;SQZ100059A;;;0;4;F;7;6;;0;100059;;;;;;;From viable cultures shipped from SO Lab
134:L/D;2/12/2017;admin;MJS_0049;100010;ZZZ100043;Matt Sikora;;5;5;pX47;;2/13/2017;09:12:32;;;;;UPMC/MJS;;0;00/00/00;00:00:00;;;5;Cells;pX47;3/28/2017;;In Storage;;Sikora LN2 #1;LN2 Canes;SQZ100060A;;;0;4;F;7;7;;0;100060;;;;;;;From viable cultures shipped from SO Lab
MDA MB 134VI (MM134);2/13/2017;admin;;100011;ZZZ100044;Matt Sikora;;21;14;p+36;;2/17/2017;14:34:42;;;;;UPMC/MJS;;0;00/00/00;00:00:00;;;1;Cells;p+36;3/28/2017;;In Storage;;Sikora LN2 #1;LN2 Canes;SQZ100061A;;;0;4;F;7;8;;0;100061;;;;;;;Continuous maintenance from p+33 (FWID 100000)
MDA MB 134VI (MM134);2/13/2017;admin;;100011;ZZZ100044;Matt Sikora;;21;14;p+36;;2/17/2017;14:34:42;;;;;UPMC/MJS;;0;00/00/00;00:00:00;;;2;Cells;p+36;3/28/2017;;In Storage;;Sikora LN2 #1;LN2 Canes;SQZ100062A;;;0;4;F;7;9;;0;100062;;;;;;;Continuous maintenance from p+33 (FWID 100000)
MDA MB 134VI (MM134);2/13/2017;admin;;100011;ZZZ100044;Matt Sikora;;21;14;p+36;;2/17/2017;14:34:42;;;;;UPMC/MJS;;0;6/3/2019;12:30:15;;Thawed by EKB on 03/06/19;3;Cells;p+36;3/28/2017;;Used;;;;SQZ100063A;;EKB;0;;;;;;0;100063;;;;;;;Continuous maintenance from p+33 (FWID 100000)
MDA MB 134VI (MM134);2/13/2017;admin;;100011;ZZZ100044;Matt Sikora;;21;14;p+36;;2/17/2017;14:34:42;;;;;UPMC/MJS;;0;4/9/2019;15:52:42;;Thawed by EKB on 03/08/19;4;Cells;p+36;3/28/2017;;Used;;;;SQZ100064A;;EKB;0;;;;;;0;100064;;;;;;;Continuous maintenance from p+33 (FWID 100000)
MDA MB 134VI (MM134);2/13/2017;admin;;100011;ZZZ100044;Matt Sikora;;21;14;p+36;;2/17/2017;14:34:42;;;;;UPMC/MJS;;0;00/00/00;00:00:00;;;5;Cells;p+36;3/28/2017;;In Storage;;Sikora LN2 #1;LN2 Canes;SQZ100065A;;;0;4;F;8;3;;0;100065;;;;;;;Continuous maintenance from p+33 (FWID 100000)
MDA MB 134VI (MM134);2/13/2017;admin;;100011;ZZZ100044;Matt Sikora;;21;14;p+36;;2/17/2017;14:34:42;;;;;UPMC/MJS;;0;3/29/2018;11:25:28;;;6;Cells;p+36;3/28/2017;;In Storage;;Sikora LN2 #1;LN2 Canes;SQZ100066A;;RF;0;4;F;8;4;;0;100066;;;;;;;Continuous maintenance from p+33 (FWID 100000)
MDA MB 134VI (MM134);2/13/2017;admin;;100011;ZZZ100044;Matt Sikora;;21;14;p+36;;2/17/2017;14:34:42;;;;;UPMC/MJS;;0;3/18/2019;07:26:58;;Checkout by DMR on 6/5/18.;7;Cells;p+36;3/28/2017;;Used;;;;SQZ100067A;;RF;0;;;;;;0;100067;;;;;;;Continuous maintenance from p+33 (FWID 100000)
MDA MB 134VI (MM134);2/13/2017;admin;;100011;ZZZ100044;Matt Sikora;;21;14;p+36;;2/17/2017;14:34:42;;;;;UPMC/MJS;;0;5/31/2018;11:14:17;;;8;Cells;p+36;3/28/2017;;Used;;;;SQZ100068A;;MJS;0;;;;;;0;100068;;;;;;;Continuous maintenance from p+33 (FWID 100000)
MDA MB 134VI (MM134);2/13/2017;admin;;100011;ZZZ100044;Matt Sikora;;21;14;p+36;;2/17/2017;14:34:42;;;;;UPMC/MJS;;0;5/31/2018;11:15:43;;;9;Cells;p+36;3/28/2017;;Used;;;;SQZ100069A;;Matt;0;;;;;;0;100069;;;;;;;Continuous maintenance from p+33 (FWID 100000)
MDA MB 134VI (MM134);2/13/2017;admin;;100011;ZZZ100044;Matt Sikora;;21;14;p+36;;2/17/2017;14:34:42;;;;;UPMC/MJS;;0;11/30/2017;00:00:00;;;10;Cells;p+36;3/28/2017;;Used;;;;SQZ100070A;;Matt;0;;;;;;0;100070;;;;;;;Continuous maintenance from p+33 (FWID 100000)
SUM44PE;2/16/2017;admin;;100012;ZZZ100045;Matt Sikora;;23;16;p77;;2/17/2017;14:35:49;;;;;UPMC/MJS;;0;5/31/2018;11:16:41;;Checked out by RF on 11/15/17;1;Cells;p77;3/28/2017;;Checked Out;;;;SQZ100071A;;MJS;0;;;;;;0;100071;;;;;;;Originally obtained from Rae Laboratory at U.Michigan (Rae Lab obtained directly from Ethier Lab).
SUM44PE;2/16/2017;admin;;100012;ZZZ100045;Matt Sikora;;23;16;p77;;2/17/2017;14:35:49;;;;;UPMC/MJS;;0;5/31/2018;11:17:11;;Checkout out by RF on 2/4/18;2;Cells;p77;3/28/2017;;Used;;;;SQZ100072A;;RF;0;;;;;;0;100072;;;;;;;Originally obtained from Rae Laboratory at U.Michigan (Rae Lab obtained directly from Ethier Lab).
SUM44PE;2/16/2017;admin;;100012;ZZZ100045;Matt Sikora;;23;16;p77;;2/17/2017;14:35:49;;;;;UPMC/MJS;;0;5/31/2018;11:17:47;;Thawed by RF on 2/6/18;3;Cells;p77;3/28/2017;;Checked Out;;;;SQZ100073A;;RF;0;;;;;;0;100073;;;;;;;Originally obtained from Rae Laboratory at U.Michigan (Rae Lab obtained directly from Ethier Lab).
SUM44PE;2/16/2017;admin;;100012;ZZZ100045;Matt Sikora;;23;16;p77;;2/17/2017;14:35:49;;;;;UPMC/MJS;;0;3/5/2019;12:17:04;;Checked out by EKB on 01/17/19;4;Cells;p77;3/28/2017;;Used;;;;SQZ100074A;;EKB;0;;;;;;0;100074;;;;;;;Originally obtained from Rae Laboratory at U.Michigan (Rae Lab obtained directly from Ethier Lab).
SUM44PE;2/16/2017;admin;;100012;ZZZ100045;Matt Sikora;;23;16;p77;;2/17/2017;14:35:49;;;;;UPMC/MJS;;0;3/18/2019;07:27:20;;Thawed by DMR on 2-26-19.;5;Cells;p77;3/28/2017;;Used;;;;SQZ100075A;;DMR;0;;;;;;0;100075;;;;;;;Originally obtained from Rae Laboratory at U.Michigan (Rae Lab obtained directly from Ethier Lab).
SUM44PE;2/16/2017;admin;;100012;ZZZ100045;Matt Sikora;;23;16;p77;;2/17/2017;14:35:49;;;;;UPMC/MJS;;0;4/9/2019;16:12:35;;Thawed by EKB on 03/06/19;6;Cells;p77;3/28/2017;;Checked Out;;Sikora LN2 #1;LN2 Canes;SQZ100076A;;EKB;0;4;F;9;6;;0;100076;;;;;;;Originally obtained from Rae Laboratory at U.Michigan (Rae Lab obtained directly from Ethier Lab).
SUM44PE;2/16/2017;admin;;100012;ZZZ100045;Matt Sikora;;23;16;p77;;2/17/2017;14:35:49;;;;;UPMC/MJS;;0;4/9/2019;15:52:15;;Thawed by EKB on 03/08/19;7;Cells;p77;3/28/2017;;Used;;;;SQZ100077A;;EKB;0;;;;;;0;100077;;;;;;;Originally obtained from Rae Laboratory at U.Michigan (Rae Lab obtained directly from Ethier Lab).
SUM44PE;2/16/2017;admin;;100012;ZZZ100045;Matt Sikora;;23;16;p77;;2/17/2017;14:35:49;;;;;UPMC/MJS;;0;1/17/2019;16:36:45;;Thawed by DMR on 9-24-18.;8;Cells;p77;3/28/2017;;Used;;;;SQZ100078A;;DMR;0;;;;;;0;100078;;;;;;;Originally obtained from Rae Laboratory at U.Michigan (Rae Lab obtained directly from Ethier Lab).
134:L/E;2/18/2017;admin;MJS_0049;100013;ZZZ100046;Matt Sikora;;5;5;pX52;;2/20/2017;17:21:12;;;;;UPMC/MJS;;0;00/00/00;00:00:00;;;1;Cells;pX52;3/28/2017;;In Storage;;Sikora LN2 #1;LN2 Canes;SQZ100079A;;;0;4;G;1;1;;0;100079;;;;;;;Continuous maintenance from pX50 (FWID 100004)
134:L/E;2/18/2017;admin;MJS_0049;100013;ZZZ100046;Matt Sikora;;5;5;pX52;;2/20/2017;17:21:12;;;;;UPMC/MJS;;0;00/00/00;00:00:00;;;2;Cells;pX52;3/28/2017;;In Storage;;Sikora LN2 #1;LN2 Canes;SQZ100080A;;;0;4;G;1;2;;0;100080;;;;;;;Continuous maintenance from pX50 (FWID 100004)
134:L/E;2/18/2017;admin;MJS_0049;100013;ZZZ100046;Matt Sikora;;5;5;pX52;;2/20/2017;17:21:12;;;;;UPMC/MJS;;0;00/00/00;00:00:00;;;3;Cells;pX52;3/28/2017;;In Storage;;Sikora LN2 #1;LN2 Canes;SQZ100081A;;;0;4;G;1;3;;0;100081;;;;;;;Continuous maintenance from pX50 (FWID 100004)
134:L/E;2/18/2017;admin;MJS_0049;100013;ZZZ100046;Matt Sikora;;5;5;pX52;;2/20/2017;17:21:12;;;;;UPMC/MJS;;0;00/00/00;00:00:00;;;4;Cells;pX52;3/28/2017;;In Storage;;Sikora LN2 #1;LN2 Canes;SQZ100082A;;;0;4;G;1;4;;0;100082;;;;;;;Continuous maintenance from pX50 (FWID 100004)
134:L/E;2/18/2017;admin;MJS_0049;100013;ZZZ100046;Matt Sikora;;5;5;pX52;;2/20/2017;17:21:12;;;;;UPMC/MJS;;0;00/00/00;00:00:00;;;5;Cells;pX52;3/28/2017;;In Storage;;Sikora LN2 #1;LN2 Canes;SQZ100083A;;;0;4;G;1;5;;0;100083;;;;;;;Continuous maintenance from pX50 (FWID 100004)
134:L/B;2/21/2017;admin;MJS_0049;100014;ZZZ100047;Matt Sikora;;5;4;pX49;;2/22/2017;11:44:45;;;;;UM/LCCC;;0;00/00/00;00:00:00;;;1;Cells;pX49;3/28/2017;;In Storage;;Sikora LN2 #1;LN2 Canes;SQZ100084A;;;0;4;G;1;6;;0;100084;;;;;;;Continuous maintenance from pX47 (FWID 100003)
134:L/B;2/21/2017;admin;MJS_0049;100014;ZZZ100047;Matt Sikora;;5;4;pX49;;2/22/2017;11:44:45;;;;;UM/LCCC;;0;00/00/00;00:00:00;;;2;Cells;pX49;3/28/2017;;In Storage;;Sikora LN2 #1;LN2 Canes;SQZ100085A;;;0;4;G;1;7;;0;100085;;;;;;;Continuous maintenance from pX47 (FWID 100003)
134:L/B;2/21/2017;admin;MJS_0049;100014;ZZZ100047;Matt Sikora;;5;4;pX49;;2/22/2017;11:44:45;;;;;UM/LCCC;;0;00/00/00;00:00:00;;;3;Cells;pX49;3/28/2017;;In Storage;;Sikora LN2 #1;LN2 Canes;SQZ100086A;;;0;4;G;1;8;;0;100086;;;;;;;Continuous maintenance from pX47 (FWID 100003)
134:L/B;2/21/2017;admin;MJS_0049;100014;ZZZ100047;Matt Sikora;;5;4;pX49;;2/22/2017;11:44:45;;;;;UM/LCCC;;0;00/00/00;00:00:00;;;4;Cells;pX49;3/28/2017;;In Storage;;Sikora LN2 #1;LN2 Canes;SQZ100087A;;;0;4;G;1;9;;0;100087;;;;;;;Continuous maintenance from pX47 (FWID 100003)
134:L/B;2/21/2017;admin;MJS_0049;100014;ZZZ100047;Matt Sikora;;5;4;pX49;;2/22/2017;11:44:45;;;;;UM/LCCC;;0;4/30/2019;10:19:33;;Shipped to Beth Knapick/Jennifer Xavier on 4/30/19 by DMR.;5;Cells;pX49;3/28/2017;;Used;;;;SQZ100088A;;DMR;0;;;;;;0;100088;;;;;;;Continuous maintenance from pX47 (FWID 100003)
44:L/A;2/21/2017;admin;MJS_0049;100015;ZZZ100048;Matt Sikora;;5;4;pX57;;2/22/2017;11:45:23;;;;;UPMC/MJS;;0;00/00/00;00:00:00;;;1;Cells;pX57;3/28/2017;;In Storage;;Sikora LN2 #1;LN2 Canes;SQZ100089A;;;0;4;G;2;2;;0;100089;;;;;;;Continuous maintenance from pX55 (FWID 100005)
44:L/A;2/21/2017;admin;MJS_0049;100015;ZZZ100048;Matt Sikora;;5;4;pX57;;2/22/2017;11:45:23;;;;;UPMC/MJS;;0;00/00/00;00:00:00;;;2;Cells;pX57;3/28/2017;;In Storage;;Sikora LN2 #1;LN2 Canes;SQZ100090A;;;0;4;G;2;3;;0;100090;;;;;;;Continuous maintenance from pX55 (FWID 100005)
44:L/A;2/21/2017;admin;MJS_0049;100015;ZZZ100048;Matt Sikora;;5;4;pX57;;2/22/2017;11:45:23;;;;;UPMC/MJS;;0;00/00/00;00:00:00;;;3;Cells;pX57;3/28/2017;;In Storage;;Sikora LN2 #1;LN2 Canes;SQZ100091A;;;0;4;G;2;4;;0;100091;;;;;;;Continuous maintenance from pX55 (FWID 100005)
44:L/A;2/21/2017;admin;MJS_0049;100015;ZZZ100048;Matt Sikora;;5;4;pX57;;2/22/2017;11:45:23;;;;;UPMC/MJS;;0;00/00/00;00:00:00;;;4;Cells;pX57;3/28/2017;;In Storage;;Sikora LN2 #1;LN2 Canes;SQZ100092A;;;0;4;G;2;5;;0;100092;;;;;;;Continuous maintenance from pX55 (FWID 100005)
44:L/A;2/21/2017;admin;MJS_0049;100015;ZZZ100048;Matt Sikora;;5;4;pX57;;2/22/2017;11:45:23;;;;;UPMC/MJS;;0;5/31/2018;11:18:24;;;5;Cells;pX57;3/28/2017;;Checked Out;;;;SQZ100093A;;Matt;0;;;;;;0;100093;;;;;;;Continuous maintenance from pX55 (FWID 100005)
44:L/B;2/21/2017;admin;MJS_0049;100016;ZZZ100049;Matt Sikora;;5;5;pX62;;2/22/2017;11:45:57;;;;;UPMC/MJS;;0;00/00/00;00:00:00;;;1;Cells;pX62;3/28/2017;;In Storage;;Sikora LN2 #1;LN2 Canes;SQZ100094A;;;0;4;G;2;7;;0;100094;;;;;;;Continuous maintenance from pX60 (FWID 100006)
44:L/B;2/21/2017;admin;MJS_0049;100016;ZZZ100049;Matt Sikora;;5;5;pX62;;2/22/2017;11:45:57;;;;;UPMC/MJS;;0;00/00/00;00:00:00;;;2;Cells;pX62;3/28/2017;;In Storage;;Sikora LN2 #1;LN2 Canes;SQZ100095A;;;0;4;G;2;8;;0;100095;;;;;;;Continuous maintenance from pX60 (FWID 100006)
44:L/B;2/21/2017;admin;MJS_0049;100016;ZZZ100049;Matt Sikora;;5;5;pX62;;2/22/2017;11:45:57;;;;;UPMC/MJS;;0;00/00/00;00:00:00;;;3;Cells;pX62;3/28/2017;;In Storage;;Sikora LN2 #1;LN2 Canes;SQZ100096A;;;0;4;G;2;9;;0;100096;;;;;;;Continuous maintenance from pX60 (FWID 100006)
44:L/B;2/21/2017;admin;MJS_0049;100016;ZZZ100049;Matt Sikora;;5;5;pX62;;2/22/2017;11:45:57;;;;;UPMC/MJS;;0;00/00/00;00:00:00;;;4;Cells;pX62;3/28/2017;;In Storage;;Sikora LN2 #1;LN2 Canes;SQZ100097A;;;0;4;G;3;1;;0;100097;;;;;;;Continuous maintenance from pX60 (FWID 100006)
44:L/B;2/21/2017;admin;MJS_0049;100016;ZZZ100049;Matt Sikora;;5;5;pX62;;2/22/2017;11:45:57;;;;;UPMC/MJS;;0;00/00/00;00:00:00;;;5;Cells;pX62;3/28/2017;;In Storage;;Sikora LN2 #1;LN2 Canes;SQZ100098A;;;0;4;G;3;2;;0;100098;;;;;;;Continuous maintenance from pX60 (FWID 100006)
SUM44PE;2/22/2017;admin;;100017;ZZZ100050;Matt Sikora;;7;6;p84;;3/1/2017;15:19:38;;;;;UPMC/MJS;;0;00/00/00;00:00:00;;;1;Cells;p84;3/28/2017;;In Storage;;Sikora LN2 #1;LN2 Canes;SQZ100099A;;;0;4;G;3;3;;0;100099;;;;;;;Same parentage as FWID 100012 (separate freezeback during culture in SO lab)
SUM44PE;2/22/2017;admin;;100017;ZZZ100050;Matt Sikora;;7;6;p84;;3/1/2017;15:19:38;;;;;UPMC/MJS;;0;00/00/00;00:00:00;;;2;Cells;p84;3/28/2017;;In Storage;;Sikora LN2 #1;LN2 Canes;SQZ100100A;;;0;4;G;3;4;;0;100100;;;;;;;Same parentage as FWID 100012 (separate freezeback during culture in SO lab)
SUM44PE;2/22/2017;admin;;100017;ZZZ100050;Matt Sikora;;7;6;p84;;3/1/2017;15:19:38;;;;;UPMC/MJS;;0;00/00/00;00:00:00;;;3;Cells;p84;3/28/2017;;In Storage;;Sikora LN2 #1;LN2 Canes;SQZ100101A;;;0;4;G;3;5;;0;100101;;;;;;;Same parentage as FWID 100012 (separate freezeback during culture in SO lab)
SUM44PE;2/22/2017;admin;;100017;ZZZ100050;Matt Sikora;;7;6;p84;;3/1/2017;15:19:38;;;;;UPMC/MJS;;0;00/00/00;00:00:00;;;4;Cells;p84;3/28/2017;;In Storage;;Sikora LN2 #1;LN2 Canes;SQZ100102A;;;0;4;G;3;6;;0;100102;;;;;;;Same parentage as FWID 100012 (separate freezeback during culture in SO lab)
SUM44PE;2/22/2017;admin;;100017;ZZZ100050;Matt Sikora;;7;6;p84;;3/1/2017;15:19:38;;;;;UPMC/MJS;;0;00/00/00;00:00:00;;;5;Cells;p84;3/28/2017;;In Storage;;Sikora LN2 #1;LN2 Canes;SQZ100103A;;;0;4;G;3;7;;0;100103;;;;;;;Same parentage as FWID 100012 (separate freezeback during culture in SO lab)
SUM44PE;2/22/2017;admin;;100017;ZZZ100050;Matt Sikora;;7;6;p84;;3/1/2017;15:19:38;;;;;UPMC/MJS;;0;9/4/2019;12:12:06;;Thawed by EKB on 09.04.19;6;Cells;p84;3/28/2017;;Checked Out;;Sikora LN2 #1;LN2 Canes;SQZ100104A;;EKB;0;4;G;3;8;;0;100104;;;;;;;Same parentage as FWID 100012 (separate freezeback during culture in SO lab)
SUM44PE;2/22/2017;admin;;100017;ZZZ100050;Matt Sikora;;7;6;p84;;3/1/2017;15:19:38;;;;;UPMC/MJS;;0;11/30/2017;00:00:00;;;7;Cells;p84;3/28/2017;;Used;;;;SQZ100105A;;Matt;0;;;;;;0;100105;;;;;;;Same parentage as FWID 100012 (separate freezeback during culture in SO lab)
134:L/A;2/22/2017;admin;MJS_0049;100018;ZZZ100051;Matt Sikora;;5;4;pX47;;3/1/2017;15:20:08;;;;;UPMC/MJS;;0;00/00/00;00:00:00;;;1;Cells;pX47;3/28/2017;;In Storage;;Sikora LN2 #1;LN2 Canes;SQZ100106A;;;0;4;G;4;1;;0;100106;;;;;;;Continuous maintenance of pX45 (FWID 100009)
134:L/A;2/22/2017;admin;MJS_0049;100018;ZZZ100051;Matt Sikora;;5;4;pX47;;3/1/2017;15:20:08;;;;;UPMC/MJS;;0;00/00/00;00:00:00;;;2;Cells;pX47;3/28/2017;;In Storage;;Sikora LN2 #1;LN2 Canes;SQZ100107A;;;0;4;G;4;2;;0;100107;;;;;;;Continuous maintenance of pX45 (FWID 100009)
134:L/A;2/22/2017;admin;MJS_0049;100018;ZZZ100051;Matt Sikora;;5;4;pX47;;3/1/2017;15:20:08;;;;;UPMC/MJS;;0;00/00/00;00:00:00;;;3;Cells;pX47;3/28/2017;;In Storage;;Sikora LN2 #1;LN2 Canes;SQZ100108A;;;0;4;G;4;3;;0;100108;;;;;;;Continuous maintenance of pX45 (FWID 100009)
134:L/A;2/22/2017;admin;MJS_0049;100018;ZZZ100051;Matt Sikora;;5;4;pX47;;3/1/2017;15:20:08;;;;;UPMC/MJS;;0;00/00/00;00:00:00;;;4;Cells;pX47;3/28/2017;;In Storage;;Sikora LN2 #1;LN2 Canes;SQZ100109A;;;0;4;G;4;4;;0;100109;;;;;;;Continuous maintenance of pX45 (FWID 100009)
134:L/A;2/22/2017;admin;MJS_0049;100018;ZZZ100051;Matt Sikora;;5;4;pX47;;3/1/2017;15:20:08;;;;;UPMC/MJS;;0;4/30/2019;10:18:02;;Shipped to Beth Knapick/Jennifer Xavier on 4/30/19 by DMR.;5;Cells;pX47;3/28/2017;;Used;;;;SQZ100110A;;DMR;0;;;;;;0;100110;;;;;;;Continuous maintenance of pX45 (FWID 100009)
134:L/D;3/1/2017;admin;MJS_0049;100019;ZZZ100052;Matt Sikora;;5;4;pX49;;3/2/2017;12:45:50;;;;;UPMC/MJS;;0;00/00/00;00:00:00;;;1;Cells;pX49;3/28/2017;;In Storage;;Sikora LN2 #1;LN2 Canes;SQZ100111A;;;0;4;G;4;6;;0;100111;;;;;;;Continuous maintenance from pX47 (FWID 100010)
134:L/D;3/1/2017;admin;MJS_0049;100019;ZZZ100052;Matt Sikora;;5;4;pX49;;3/2/2017;12:45:50;;;;;UPMC/MJS;;0;00/00/00;00:00:00;;;2;Cells;pX49;3/28/2017;;In Storage;;Sikora LN2 #1;LN2 Canes;SQZ100112A;;;0;4;G;4;7;;0;100112;;;;;;;Continuous maintenance from pX47 (FWID 100010)
134:L/D;3/1/2017;admin;MJS_0049;100019;ZZZ100052;Matt Sikora;;5;4;pX49;;3/2/2017;12:45:50;;;;;UPMC/MJS;;0;00/00/00;00:00:00;;;3;Cells;pX49;3/28/2017;;In Storage;;Sikora LN2 #1;LN2 Canes;SQZ100113A;;;0;4;G;4;8;;0;100113;;;;;;;Continuous maintenance from pX47 (FWID 100010)
134:L/D;3/1/2017;admin;MJS_0049;100019;ZZZ100052;Matt Sikora;;5;4;pX49;;3/2/2017;12:45:50;;;;;UPMC/MJS;;0;00/00/00;00:00:00;;;4;Cells;pX49;3/28/2017;;In Storage;;Sikora LN2 #1;LN2 Canes;SQZ100114A;;;0;4;G;4;9;;0;100114;;;;;;;Continuous maintenance from pX47 (FWID 100010)
134:L/D;3/1/2017;admin;MJS_0049;100019;ZZZ100052;Matt Sikora;;5;4;pX49;;3/2/2017;12:45:50;;;;;UPMC/MJS;;0;4/30/2019;10:20:48;;Shipped to Beth Knapick/Jennifer Xavier on 4/30/19 by DMR.;5;Cells;pX49;3/28/2017;;Used;;;;SQZ100115A;;DMR;0;;;;;;0;100115;;;;;;;Continuous maintenance from pX47 (FWID 100010)
MCF-7;3/3/2017;admin;;100020;ZZZ100053;Matt Sikora;;9;9;p148;;3/10/2017;15:52:25;;;;;UM/LCCC;;0;00/00/00;00:00:00;;;1;Cells;p148;3/28/2017;;In Storage;;Sikora LN2 #1;LN2 Canes;SQZ100116A;;;0;4;G;5;2;;0;100116;;;;;;;From J. Larios (Rae Lab) 2014 freezeback. Potential viability issues.
MCF-7;3/3/2017;admin;;100020;ZZZ100053;Matt Sikora;;9;9;p148;;3/10/2017;15:52:25;;;;;UM/LCCC;;0;00/00/00;00:00:00;;;2;Cells;p148;3/28/2017;;In Storage;;Sikora LN2 #1;LN2 Canes;SQZ100117A;;;0;4;G;5;3;;0;100117;;;;;;;From J. Larios (Rae Lab) 2014 freezeback. Potential viability issues.
MCF-7;3/3/2017;admin;;100020;ZZZ100053;Matt Sikora;;9;9;p148;;3/10/2017;15:52:25;;;;;UM/LCCC;;0;00/00/00;00:00:00;;;3;Cells;p148;3/28/2017;;In Storage;;Sikora LN2 #1;LN2 Canes;SQZ100118A;;;0;4;G;5;4;;0;100118;;;;;;;From J. Larios (Rae Lab) 2014 freezeback. Potential viability issues.
MCF-7;3/3/2017;admin;;100020;ZZZ100053;Matt Sikora;;9;9;p148;;3/10/2017;15:52:25;;;;;UM/LCCC;;0;00/00/00;00:00:00;;;4;Cells;p148;3/28/2017;;In Storage;;Sikora LN2 #1;LN2 Canes;SQZ100119A;;;0;4;G;5;5;;0;100119;;;;;;;From J. Larios (Rae Lab) 2014 freezeback. Potential viability issues.
MCF-7;3/3/2017;admin;;100020;ZZZ100053;Matt Sikora;;9;9;p148;;3/10/2017;15:52:25;;;;;UM/LCCC;;0;00/00/00;00:00:00;;;5;Cells;p148;3/28/2017;;In Storage;;Sikora LN2 #1;LN2 Canes;SQZ100120A;;;0;4;G;5;6;;0;100120;;;;;;;From J. Larios (Rae Lab) 2014 freezeback. Potential viability issues.
MCF-7;3/3/2017;admin;;100020;ZZZ100053;Matt Sikora;;9;9;p148;;3/10/2017;15:52:25;;;;;UM/LCCC;;0;00/00/00;00:00:00;;;6;Cells;p148;3/28/2017;;In Storage;;Sikora LN2 #1;LN2 Canes;SQZ100121A;;;0;4;G;5;7;;0;100121;;;;;;;From J. Larios (Rae Lab) 2014 freezeback. Potential viability issues.
MCF-7;3/3/2017;admin;;100020;ZZZ100053;Matt Sikora;;9;9;p148;;3/10/2017;15:52:25;;;;;UM/LCCC;;0;00/00/00;00:00:00;;;7;Cells;p148;3/28/2017;;In Storage;;Sikora LN2 #1;LN2 Canes;SQZ100122A;;;0;4;G;5;8;;0;100122;;;;;;;From J. Larios (Rae Lab) 2014 freezeback. Potential viability issues.
MCF-7;3/3/2017;admin;;100020;ZZZ100053;Matt Sikora;;9;9;p148;;3/10/2017;15:52:25;;;;;UM/LCCC;;0;00/00/00;00:00:00;;;8;Cells;p148;3/28/2017;;In Storage;;Sikora LN2 #1;LN2 Canes;SQZ100123A;;;0;4;G;5;9;;0;100123;;;;;;;From J. Larios (Rae Lab) 2014 freezeback. Potential viability issues.
MCF-7;3/3/2017;admin;;100020;ZZZ100053;Matt Sikora;;9;9;p148;;3/10/2017;15:52:25;;;;;UM/LCCC;;0;00/00/00;00:00:00;;;9;Cells;p148;3/28/2017;;In Storage;;Sikora LN2 #1;LN2 Canes;SQZ100124A;;;0;4;G;6;1;;0;100124;;;;;;;From J. Larios (Rae Lab) 2014 freezeback. Potential viability issues.
SUM44PE;3/6/2017;admin;;100021;ZZZ100054;Matt Sikora;;6;5;p86;;3/10/2017;15:53:09;;;;;UPMC/MJS;;0;00/00/00;00:00:00;;;1;Cells;p86;3/28/2017;;In Storage;;Sikora LN2 #1;LN2 Canes;SQZ100125A;;;0;4;G;6;2;;0;100125;;;;;;;Continuous maintenance from p84 (FWID 100017)
SUM44PE;3/6/2017;admin;;100021;ZZZ100054;Matt Sikora;;6;5;p86;;3/10/2017;15:53:09;;;;;UPMC/MJS;;0;00/00/00;00:00:00;;;2;Cells;p86;3/28/2017;;In Storage;;Sikora LN2 #1;LN2 Canes;SQZ100126A;;;0;4;G;6;3;;0;100126;;;;;;;Continuous maintenance from p84 (FWID 100017)
SUM44PE;3/6/2017;admin;;100021;ZZZ100054;Matt Sikora;;6;5;p86;;3/10/2017;15:53:09;;;;;UPMC/MJS;;0;00/00/00;00:00:00;;;3;Cells;p86;3/28/2017;;In Storage;;Sikora LN2 #1;LN2 Canes;SQZ100127A;;;0;4;G;6;4;;0;100127;;;;;;;Continuous maintenance from p84 (FWID 100017)
SUM44PE;3/6/2017;admin;;100021;ZZZ100054;Matt Sikora;;6;5;p86;;3/10/2017;15:53:09;;;;;UPMC/MJS;;0;00/00/00;00:00:00;;;4;Cells;p86;3/28/2017;;In Storage;;Sikora LN2 #1;LN2 Canes;SQZ100128A;;;0;4;G;6;5;;0;100128;;;;;;;Continuous maintenance from p84 (FWID 100017)
SUM44PE;3/6/2017;admin;;100021;ZZZ100054;Matt Sikora;;6;5;p86;;3/10/2017;15:53:09;;;;;UPMC/MJS;;0;00/00/00;00:00:00;;;5;Cells;p86;3/28/2017;;In Storage;;Sikora LN2 #1;LN2 Canes;SQZ100129A;;;0;4;G;6;6;;0;100129;;;;;;;Continuous maintenance from p84 (FWID 100017)
SUM44PE;3/6/2017;admin;;100021;ZZZ100054;Matt Sikora;;6;5;p86;;3/10/2017;15:53:09;;;;;UPMC/MJS;;0;11/1/2018;16:10:08;;Checked out by RF on 5/30/18;6;Cells;p86;3/28/2017;;Used;;;;SQZ100130A;;RF;0;;;;;;0;100130;;;;;;;Continuous maintenance from p84 (FWID 100017)
ZR-75-1;3/12/2017;admin;;100022;ZZZ100056;Matt Sikora;;6;6;p17;;3/17/2017;08:33:28;;;;;U. Michigan;;0;00/00/00;00:00:00;;;1;Cells;p17;3/28/2017;;In Storage;;Sikora LN2 #1;LN2 Canes;SQZ100131A;;;0;4;G;6;8;;0;100131;;;;;;;From Rae Lab, Sikora 2009 freezeback
ZR-75-1;3/12/2017;admin;;100022;ZZZ100056;Matt Sikora;;6;6;p17;;3/17/2017;08:33:28;;;;;U. Michigan;;0;00/00/00;00:00:00;;;2;Cells;p17;3/28/2017;;In Storage;;Sikora LN2 #1;LN2 Canes;SQZ100132A;;;0;4;G;6;9;;0;100132;;;;;;;From Rae Lab, Sikora 2009 freezeback
ZR-75-1;3/12/2017;admin;;100022;ZZZ100056;Matt Sikora;;6;6;p17;;3/17/2017;08:33:28;;;;;U. Michigan;;0;00/00/00;00:00:00;;;3;Cells;p17;3/28/2017;;In Storage;;Sikora LN2 #1;LN2 Canes;SQZ100133A;;;0;4;G;7;1;;0;100133;;;;;;;From Rae Lab, Sikora 2009 freezeback
ZR-75-1;3/12/2017;admin;;100022;ZZZ100056;Matt Sikora;;6;6;p17;;3/17/2017;08:33:28;;;;;U. Michigan;;0;00/00/00;00:00:00;;;4;Cells;p17;3/28/2017;;In Storage;;Sikora LN2 #1;LN2 Canes;SQZ100134A;;;0;4;G;7;2;;0;100134;;;;;;;From Rae Lab, Sikora 2009 freezeback
ZR-75-1;3/12/2017;admin;;100022;ZZZ100056;Matt Sikora;;6;6;p17;;3/17/2017;08:33:28;;;;;U. Michigan;;0;00/00/00;00:00:00;;;5;Cells;p17;3/28/2017;;In Storage;;Sikora LN2 #1;LN2 Canes;SQZ100135A;;;0;4;G;7;3;;0;100135;;;;;;;From Rae Lab, Sikora 2009 freezeback
ZR-75-1;3/12/2017;admin;;100022;ZZZ100056;Matt Sikora;;6;6;p17;;3/17/2017;08:33:28;;;;;U. Michigan;;0;00/00/00;00:00:00;;;6;Cells;p17;3/28/2017;;In Storage;;Sikora LN2 #1;LN2 Canes;SQZ100136A;;;0;4;G;7;4;;0;100136;;;;;;;From Rae Lab, Sikora 2009 freezeback
HT1080;3/12/2017;admin;;100023;ZZZ100057;Matt Sikora;;5;0;p18;;3/24/2017;15:15:38;;;;;UPMC/MJS;;0;12/22/2017;00:00:00;;*HT1080-MJS found to be only 93% fingerprinting match to ATCC line, aliqouts were disposed of and future experiments with HT1080 cell were performed with HT1080 cell line from Virshup/Singapore.;1;Cells;p18;3/28/2017;;Used;;;;SQZ100137A;;DMR;0;;;;;;0;100137;;;;;;;SO Lab banks
HT1080;3/12/2017;admin;;100023;ZZZ100057;Matt Sikora;;5;0;p18;;3/24/2017;15:15:38;;;;;UPMC/MJS;;0;12/22/2017;00:00:00;;*HT1080-MJS found to be only 93% fingerprinting match to ATCC line, aliqouts were disposed of and future experiments with HT1080 cell were performed with HT1080 cell line from Virshup/Singapore.;2;Cells;p18;3/28/2017;;Used;;;;SQZ100138A;;DMR;0;;;;;;0;100138;;;;;;;SO Lab banks
HT1080;3/12/2017;admin;;100023;ZZZ100057;Matt Sikora;;5;0;p18;;3/24/2017;15:15:38;;;;;UPMC/MJS;;0;12/22/2017;00:00:00;;*HT1080-MJS found to be only 93% fingerprinting match to ATCC line, aliqouts were disposed of and future experiments with HT1080 cell were performed with HT1080 cell line from Virshup/Singapore.;3;Cells;p18;3/28/2017;;Used;;;;SQZ100139A;;DMR;0;;;;;;0;100139;;;;;;;SO Lab banks
HT1080;3/12/2017;admin;;100023;ZZZ100057;Matt Sikora;;5;0;p18;;3/24/2017;15:15:38;;;;;UPMC/MJS;;0;12/22/2017;00:00:00;;*HT1080-MJS found to be only 93% fingerprinting match to ATCC line, aliqouts were disposed of and future experiments with HT1080 cell were performed with HT1080 cell line from Virshup/Singapore.;4;Cells;p18;3/28/2017;;Used;;;;SQZ100140A;;DMR;0;;;;;;0;100140;;;;;;;SO Lab banks
HT1080;3/12/2017;admin;;100023;ZZZ100057;Matt Sikora;;5;0;p18;;3/24/2017;15:15:38;;;;;UPMC/MJS;;0;12/22/2017;00:00:00;;;5;Cells;p18;3/28/2017;;Used;;;;SQZ100141A;;Matt Sikora;0;;;;;;0;100141;;;;;;;SO Lab banks
HT1080:iWNT4;3/12/2017;admin;MJS_0021B;100024;ZZZ100058;Matt Sikora;;5;5;pX6;;3/24/2017;15:16:14;;;;;UPMC/MJS;;0;00/00/00;00:00:00;;;1;Cells;pX6;3/28/2017;;In Storage;;Sikora LN2 #1;LN2 Canes;SQZ100142A;;;0;4;G;8;1;;0;100142;;;;;;;
HT1080:iWNT4;3/12/2017;admin;MJS_0021B;100024;ZZZ100058;Matt Sikora;;5;5;pX6;;3/24/2017;15:16:14;;;;;UPMC/MJS;;0;00/00/00;00:00:00;;;2;Cells;pX6;3/28/2017;;In Storage;;Sikora LN2 #1;LN2 Canes;SQZ100143A;;;0;4;G;8;2;;0;100143;;;;;;;
HT1080:iWNT4;3/12/2017;admin;MJS_0021B;100024;ZZZ100058;Matt Sikora;;5;5;pX6;;3/24/2017;15:16:14;;;;;UPMC/MJS;;0;00/00/00;00:00:00;;;3;Cells;pX6;3/28/2017;;In Storage;;Sikora LN2 #1;LN2 Canes;SQZ100144A;;;0;4;G;8;3;;0;100144;;;;;;;
HT1080:iWNT4;3/12/2017;admin;MJS_0021B;100024;ZZZ100058;Matt Sikora;;5;5;pX6;;3/24/2017;15:16:14;;;;;UPMC/MJS;;0;00/00/00;00:00:00;;;4;Cells;pX6;3/28/2017;;In Storage;;Sikora LN2 #1;LN2 Canes;SQZ100145A;;;0;4;G;8;4;;0;100145;;;;;;;
HT1080:iWNT4;3/12/2017;admin;MJS_0021B;100024;ZZZ100058;Matt Sikora;;5;5;pX6;;3/24/2017;15:16:14;;;;;UPMC/MJS;;0;00/00/00;00:00:00;;;5;Cells;pX6;3/28/2017;;In Storage;;Sikora LN2 #1;LN2 Canes;SQZ100146A;;;0;4;G;8;5;;0;100146;;;;;;;
MCF-7;3/16/2017;admin;;100025;ZZZ100059;Matt Sikora;;26;21;p143;;3/24/2017;15:19:12;;;;;UM/LCCC;;0;00/00/00;00:00:00;;;1;Cells;p143;3/28/2017;;In Storage;;Sikora LN2 #1;LN2 Canes;SQZ100147A;;;0;4;G;8;6;;0;100147;;;;;;;From Rae Lab, Sikora 2009 freezeback.
MCF-7;3/16/2017;admin;;100025;ZZZ100059;Matt Sikora;;26;21;p143;;3/24/2017;15:19:12;;;;;UM/LCCC;;0;00/00/00;00:00:00;;;2;Cells;p143;3/28/2017;;In Storage;;Sikora LN2 #1;LN2 Canes;SQZ100148A;;;0;4;G;8;7;;0;100148;;;;;;;From Rae Lab, Sikora 2009 freezeback.
MCF-7;3/16/2017;admin;;100025;ZZZ100059;Matt Sikora;;26;21;p143;;3/24/2017;15:19:12;;;;;UM/LCCC;;0;00/00/00;00:00:00;;;3;Cells;p143;3/28/2017;;In Storage;;Sikora LN2 #1;LN2 Canes;SQZ100149A;;;0;4;G;8;8;;0;100149;;;;;;;From Rae Lab, Sikora 2009 freezeback.
MCF-7;3/16/2017;admin;;100025;ZZZ100059;Matt Sikora;;26;21;p143;;3/24/2017;15:19:12;;;;;UM/LCCC;;0;00/00/00;00:00:00;;;4;Cells;p143;3/28/2017;;In Storage;;Sikora LN2 #1;LN2 Canes;SQZ100150A;;;0;4;G;8;9;;0;100150;;;;;;;From Rae Lab, Sikora 2009 freezeback.
MCF-7;3/16/2017;admin;;100025;ZZZ100059;Matt Sikora;;26;21;p143;;3/24/2017;15:19:12;;;;;UM/LCCC;;0;8/29/2019;13:24:40;;;5;Cells;p143;3/28/2017;;Checked Out;;Sikora LN2 #1;LN2 Canes;SQZ100151A;;Joe Sottnik;0;4;G;9;1;;0;100151;;;;;;;From Rae Lab, Sikora 2009 freezeback.
MCF-7;3/16/2017;admin;;100025;ZZZ100059;Matt Sikora;;26;21;p143;;3/24/2017;15:19:12;;;;;UM/LCCC;;0;4/22/2019;16:04:49;;Thawed by DMR on 4-22-19.;6;Cells;p143;3/28/2017;;Checked Out;;Sikora LN2 #1;LN2 Canes;SQZ100152A;;DMR;0;4;G;9;2;;0;100152;;;;;;;From Rae Lab, Sikora 2009 freezeback.
MCF-7;3/16/2017;admin;;100025;ZZZ100059;Matt Sikora;;26;21;p143;;3/24/2017;15:19:12;;;;;UM/LCCC;;0;4/11/2019;16:01:02;;Thawed by EKB on 10.16.18;7;Cells;p143;3/28/2017;;Used;;;;SQZ100153A;;EKB;0;;;;;;0;100153;;;;;;;From Rae Lab, Sikora 2009 freezeback.
MCF-7;3/16/2017;admin;;100025;ZZZ100059;Matt Sikora;;26;21;p143;;3/24/2017;15:19:12;;;;;UM/LCCC;;0;10/16/2018;15:54:25;;Thawed by EB on 7/2/18.;8;Cells;p143;3/28/2017;;Used;;;;SQZ100154A;;EB;0;;;;;;0;100154;;;;;;;From Rae Lab, Sikora 2009 freezeback.
MCF-7;3/16/2017;admin;;100025;ZZZ100059;Matt Sikora;;26;21;p143;;3/24/2017;15:19:12;;;;;UM/LCCC;;0;8/18/2017;00:00:00;;;9;Cells;p143;3/28/2017;;Used;;;;SQZ100155A;;Matt Sikora;0;;;;;;0;100155;;;;;;;From Rae Lab, Sikora 2009 freezeback.
MCF-7;3/23/2017;admin;;100026;ZZZ100060;Matt Sikora;;9;7;p145;;3/24/2017;15:20:09;;;;;UM/LCCC;;0;00/00/00;00:00:00;;;1;Cells;p145;3/28/2017;;In Storage;;Sikora LN2 #1;LN2 Canes;SQZ100156A;;;0;4;H;1;1;;0;100156;;;;;;;Continuous maintenance from p143/FWID100025 (Sikora 2009 freezeback)
MCF-7;3/23/2017;admin;;100026;ZZZ100060;Matt Sikora;;9;7;p145;;3/24/2017;15:20:09;;;;;UM/LCCC;;0;00/00/00;00:00:00;;;2;Cells;p145;3/28/2017;;In Storage;;Sikora LN2 #1;LN2 Canes;SQZ100157A;;;0;4;H;1;2;;0;100157;;;;;;;Continuous maintenance from p143/FWID100025 (Sikora 2009 freezeback)
MCF-7;3/23/2017;admin;;100026;ZZZ100060;Matt Sikora;;9;7;p145;;3/24/2017;15:20:09;;;;;UM/LCCC;;0;00/00/00;00:00:00;;;3;Cells;p145;3/28/2017;;In Storage;;Sikora LN2 #1;LN2 Canes;SQZ100158A;;;0;4;H;1;3;;0;100158;;;;;;;Continuous maintenance from p143/FWID100025 (Sikora 2009 freezeback)
MCF-7;3/23/2017;admin;;100026;ZZZ100060;Matt Sikora;;9;7;p145;;3/24/2017;15:20:09;;;;;UM/LCCC;;0;00/00/00;00:00:00;;;4;Cells;p145;3/28/2017;;In Storage;;Sikora LN2 #1;LN2 Canes;SQZ100159A;;;0;4;H;1;4;;0;100159;;;;;;;Continuous maintenance from p143/FWID100025 (Sikora 2009 freezeback)
MCF-7;3/23/2017;admin;;100026;ZZZ100060;Matt Sikora;;9;7;p145;;3/24/2017;15:20:09;;;;;UM/LCCC;;0;00/00/00;00:00:00;;;5;Cells;p145;3/28/2017;;In Storage;;Sikora LN2 #1;LN2 Canes;SQZ100160A;;;0;4;H;1;5;;0;100160;;;;;;;Continuous maintenance from p143/FWID100025 (Sikora 2009 freezeback)
MCF-7;3/23/2017;admin;;100026;ZZZ100060;Matt Sikora;;9;7;p145;;3/24/2017;15:20:09;;;;;UM/LCCC;;0;00/00/00;00:00:00;;;6;Cells;p145;3/28/2017;;In Storage;;Sikora LN2 #1;LN2 Canes;SQZ100161A;;;0;4;H;1;6;;0;100161;;;;;;;Continuous maintenance from p143/FWID100025 (Sikora 2009 freezeback)
MCF-7;3/23/2017;admin;;100026;ZZZ100060;Matt Sikora;;9;7;p145;;3/24/2017;15:20:09;;;;;UM/LCCC;;0;00/00/00;00:00:00;;;7;Cells;p145;3/28/2017;;In Storage;;Sikora LN2 #1;LN2 Canes;SQZ100162A;;;0;4;H;1;7;;0;100162;;;;;;;Continuous maintenance from p143/FWID100025 (Sikora 2009 freezeback)
MCF-7;3/23/2017;admin;;100026;ZZZ100060;Matt Sikora;;9;7;p145;;3/24/2017;15:20:09;;;;;UM/LCCC;;0;5/31/2018;11:19:09;;;8;Cells;p145;3/28/2017;;Used;;;;SQZ100163A;;Matt;0;;;;;;0;100163;;;;;;;Continuous maintenance from p143/FWID100025 (Sikora 2009 freezeback)
MCF-7;3/23/2017;admin;;100026;ZZZ100060;Matt Sikora;;9;7;p145;;3/24/2017;15:20:09;;;;;UM/LCCC;;0;2/5/2018;15:54:20;;;9;Cells;p145;3/28/2017;;Used;;;;SQZ100164A;;Matt;0;;;;;;0;100164;;;;;;;Continuous maintenance from p143/FWID100025 (Sikora 2009 freezeback)
Test;5/8/2017;rferguson;RF_9999999;100041;SQZ100041;;;16;16;1;;5/19/2017;12:21:38;;;;;ATCC;;0;00/00/00;00:00:00;;these are probably contaminated;14;Cells;12;5/19/2017;;In Storage;;TEST FREEZER;Copy of  LN2 Canes;SQZ100231A;;roton;100230;1;A;2;5;;0;100231;;;;;;;this is only a test
Test;5/8/2017;rferguson;RF_9999999;100041;SQZ100041;;;16;16;1;;5/19/2017;12:21:38;;;;;ATCC;;0;5/19/2017;00:00:00;;dfgretreatsgsergrgreg;13;Cells;5;5/19/2017;;Checked Out;;TEST FREEZER;Copy of  LN2 Canes;SQZ100230A;;rf;100223;1;A;2;4;;0;100230;;;;;;;this is only a test
Test;5/8/2017;rferguson;RF_9999999;100041;SQZ100041;;;16;16;1;;5/19/2017;12:21:38;;;;;ATCC;;0;00/00/00;00:00:00;;dfgretreatsgsergrgreg;12;Cells;5;5/19/2017;;In Storage;;TEST FREEZER;Copy of  LN2 Canes;SQZ100229A;;rf;100223;1;A;2;3;;0;100229;;;;;;;this is only a test
Test;5/8/2017;rferguson;RF_9999999;100041;SQZ100041;;;16;16;1;;5/19/2017;12:21:38;;;;;ATCC;;0;00/00/00;00:00:00;;dfgretreatsgsergrgreg;11;Cells;5;5/19/2017;;In Storage;;TEST FREEZER;Copy of  LN2 Canes;SQZ100228A;;rf;100223;1;A;2;2;;0;100228;;;;;;;this is only a test
Test;5/8/2017;rferguson;RF_9999999;100041;SQZ100041;;;16;16;1;;5/19/2017;12:21:38;;;;;ATCC;;0;00/00/00;00:00:00;;dfgretreatsgsergrgreg;10;Cells;5;5/19/2017;;In Storage;;TEST FREEZER;Copy of  LN2 Canes;SQZ100227A;;rf;100223;1;A;2;1;;0;100227;;;;;;;this is only a test
Test;5/8/2017;rferguson;RF_9999999;100041;SQZ100041;;;16;16;1;;5/19/2017;12:21:38;;;;;ATCC;;0;00/00/00;00:00:00;;dfgretreatsgsergrgreg;9;Cells;5;5/19/2017;;In Storage;;TEST FREEZER;Copy of  LN2 Canes;SQZ100226A;;rf;100223;1;A;1;9;;0;100226;;;;;;;this is only a test
Test;5/8/2017;rferguson;RF_9999999;100041;SQZ100041;;;16;16;1;;5/19/2017;12:21:38;;;;;ATCC;;0;00/00/00;00:00:00;;dfgretreatsgsergrgreg;8;Cells;5;5/19/2017;;In Storage;;TEST FREEZER;Copy of  LN2 Canes;SQZ100225A;;rf;100223;1;A;1;8;;0;100225;;;;;;;this is only a test
Test;5/8/2017;rferguson;RF_9999999;100041;SQZ100041;;;16;16;1;;5/19/2017;12:21:38;;;;;ATCC;;0;00/00/00;00:00:00;;dfgretreatsgsergrgreg;7;Cells;5;5/19/2017;;In Storage;;TEST FREEZER;Copy of  LN2 Canes;SQZ100224A;;rf;100223;1;A;1;7;;0;100224;;;;;;;this is only a test
Test;5/8/2017;rferguson;RF_9999999;100041;SQZ100041;;;16;16;1;;5/19/2017;12:21:38;;;;;ATCC;;0;5/19/2017;00:00:00;;testetstetsetetestesteststeestset;6;Cells;p1;5/19/2017;;Checked Out;;TEST FREEZER;Copy of  LN2 Canes;SQZ100223A;;RF;0;1;A;1;6;;0;100223;;;;;;;this is only a test
Test;5/8/2017;rferguson;RF_9999999;100041;SQZ100041;;;16;16;1;;5/19/2017;12:21:38;;;;;ATCC;;0;00/00/00;00:00:00;;testetstetsetetestesteststeestset;5;Cells;p1;5/19/2017;;In Storage;;TEST FREEZER;Copy of  LN2 Canes;SQZ100222A;;RF;0;1;A;1;5;;0;100222;;;;;;;this is only a test
Test;5/8/2017;rferguson;RF_9999999;100041;SQZ100041;;;16;16;1;;5/19/2017;12:21:38;;;;;ATCC;;0;00/00/00;00:00:00;;testetstetsetetestesteststeestset;4;Cells;p1;5/19/2017;;In Storage;;TEST FREEZER;Copy of  LN2 Canes;SQZ100221A;;RF;0;1;A;1;4;;0;100221;;;;;;;this is only a test
Test;5/8/2017;rferguson;RF_9999999;100041;SQZ100041;;;16;16;1;;5/19/2017;12:21:38;;;;;ATCC;;0;00/00/00;00:00:00;;testetstetsetetestesteststeestset;3;Cells;p1;5/19/2017;;In Storage;;TEST FREEZER;Copy of  LN2 Canes;SQZ100220A;;RF;0;1;A;1;3;;0;100220;;;;;;;this is only a test
Test;5/8/2017;rferguson;RF_9999999;100041;SQZ100041;;;16;16;1;;5/19/2017;12:21:38;;;;;ATCC;;0;00/00/00;00:00:00;;testetstetsetetestesteststeestset;2;Cells;p1;5/19/2017;;In Storage;;TEST FREEZER;Copy of  LN2 Canes;SQZ100219A;;RF;0;1;A;1;2;;0;100219;;;;;;;this is only a test
Test;5/8/2017;rferguson;RF_9999999;100041;SQZ100041;;;16;16;1;;5/19/2017;12:21:38;;;;;ATCC;;0;00/00/00;00:00:00;;testetstetsetetestesteststeestset;1;Cells;p1;5/19/2017;;In Storage;;TEST FREEZER;Copy of  LN2 Canes;SQZ100218A;;RF;0;1;A;1;1;;0;100218;;;;;;;this is only a test
SUM44PE:iWNT4;3/29/2017;admin;MJS_0021B;100040;SQZ100040;Matt Sikora;;5;5;pX5;;5/11/2017;13:42:52;;;;;UPMC/MJS;;0;00/00/00;00:00:00;;;5;Cells;pX5;5/11/2017;;In Storage;;Sikora LN2 #1;LN2 Canes;SQZ100217A;;Matt Sikora;0;4;H;5;2;;0;100217;;;;;;;From UPMC frozen vial stocks
SUM44PE:iWNT4;3/29/2017;admin;MJS_0021B;100040;SQZ100040;Matt Sikora;;5;5;pX5;;5/11/2017;13:42:52;;;;;UPMC/MJS;;0;00/00/00;00:00:00;;;4;Cells;pX5;5/11/2017;;In Storage;;Sikora LN2 #1;LN2 Canes;SQZ100216A;;Matt Sikora;0;4;H;5;1;;0;100216;;;;;;;From UPMC frozen vial stocks
SUM44PE:iWNT4;3/29/2017;admin;MJS_0021B;100040;SQZ100040;Matt Sikora;;5;5;pX5;;5/11/2017;13:42:52;;;;;UPMC/MJS;;0;00/00/00;00:00:00;;;3;Cells;pX5;5/11/2017;;In Storage;;Sikora LN2 #1;LN2 Canes;SQZ100215A;;Matt Sikora;0;4;H;4;9;;0;100215;;;;;;;From UPMC frozen vial stocks
SUM44PE:iWNT4;3/29/2017;admin;MJS_0021B;100040;SQZ100040;Matt Sikora;;5;5;pX5;;5/11/2017;13:42:52;;;;;UPMC/MJS;;0;00/00/00;00:00:00;;;2;Cells;pX5;5/11/2017;;In Storage;;Sikora LN2 #1;LN2 Canes;SQZ100214A;;Matt Sikora;0;4;H;4;8;;0;100214;;;;;;;From UPMC frozen vial stocks
SUM44PE:iWNT4;3/29/2017;admin;MJS_0021B;100040;SQZ100040;Matt Sikora;;5;5;pX5;;5/11/2017;13:42:52;;;;;UPMC/MJS;;0;00/00/00;00:00:00;;;1;Cells;pX5;5/11/2017;;In Storage;;Sikora LN2 #1;LN2 Canes;SQZ100213A;;Matt Sikora;0;4;H;4;7;;0;100213;;;;;;;From UPMC frozen vial stocks
MDA MB 330 (MM330);5/1/2017;admin;;100039;SQZ100039;Matt Sikora;;5;5;p+7;;5/11/2017;13:33:26;;;;;ATCC;;0;00/00/00;00:00:00;;;5;Cells;p+7;5/11/2017;;In Storage;;Sikora LN2 #1;LN2 Canes;SQZ100212A;;Matt Sikora;0;4;H;2;5;;0;100212;;;;;;;Continuous culture from original ATCC vial (FWID 100037)
MDA MB 330 (MM330);5/1/2017;admin;;100039;SQZ100039;Matt Sikora;;5;5;p+7;;5/11/2017;13:33:26;;;;;ATCC;;0;00/00/00;00:00:00;;;4;Cells;p+7;5/11/2017;;In Storage;;Sikora LN2 #1;LN2 Canes;SQZ100211A;;Matt Sikora;0;4;H;2;4;;0;100211;;;;;;;Continuous culture from original ATCC vial (FWID 100037)
MDA MB 330 (MM330);5/1/2017;admin;;100039;SQZ100039;Matt Sikora;;5;5;p+7;;5/11/2017;13:33:26;;;;;ATCC;;0;00/00/00;00:00:00;;;3;Cells;p+7;5/11/2017;;In Storage;;Sikora LN2 #1;LN2 Canes;SQZ100210A;;Matt Sikora;0;4;H;2;3;;0;100210;;;;;;;Continuous culture from original ATCC vial (FWID 100037)
MDA MB 330 (MM330);5/1/2017;admin;;100039;SQZ100039;Matt Sikora;;5;5;p+7;;5/11/2017;13:33:26;;;;;ATCC;;0;00/00/00;00:00:00;;;2;Cells;p+7;5/11/2017;;In Storage;;Sikora LN2 #1;LN2 Canes;SQZ100209A;;Matt Sikora;0;4;H;2;2;;0;100209;;;;;;;Continuous culture from original ATCC vial (FWID 100037)
MDA MB 330 (MM330);5/1/2017;admin;;100039;SQZ100039;Matt Sikora;;5;5;p+7;;5/11/2017;13:33:26;;;;;ATCC;;0;00/00/00;00:00:00;;;1;Cells;p+7;5/11/2017;;In Storage;;Sikora LN2 #1;LN2 Canes;SQZ100208A;;Matt Sikora;0;4;H;2;1;;0;100208;;;;;;;Continuous culture from original ATCC vial (FWID 100037)
BCK4;4/7/2017;admin;;100035;SQZ100035;Matt Sikora;;3;3;p21;;4/12/2017;15:31:01;;;;;CU Anschutz/Jacobsen;;0;5/11/2017;00:00:00;;;1;Cells;p21;4/12/2017;;In Storage;;Sikora LN2 #1;LN2 Canes;SQZ100189A;;Matt Sikora;0;4;H;5;3;;0;100189;;;;;;;Obtained from Britta Jacobsen laboratory
BCK4;4/7/2017;admin;;100035;SQZ100035;Matt Sikora;;3;3;p21;;4/12/2017;15:31:01;;;;;CU Anschutz/Jacobsen;;0;5/11/2017;00:00:00;;;2;Cells;p21;4/12/2017;;In Storage;;Sikora LN2 #1;LN2 Canes;SQZ100190A;;Matt Sikora;0;4;H;5;4;;0;100190;;;;;;;Obtained from Britta Jacobsen laboratory
BCK4;4/7/2017;admin;;100035;SQZ100035;Matt Sikora;;3;3;p21;;4/12/2017;15:31:01;;;;;CU Anschutz/Jacobsen;;0;5/11/2017;00:00:00;;;3;Cells;p21;4/12/2017;;In Storage;;Sikora LN2 #1;LN2 Canes;SQZ100191A;;Matt Sikora;0;4;H;5;5;;0;100191;;;;;;;Obtained from Britta Jacobsen laboratory
CAMA-1;4/7/2017;admin;;100036;SQZ100036;Matt Sikora;;18;14;p+8;;4/12/2017;15:32:03;;;;;U. Michigan;;0;5/11/2017;00:00:00;;;1;Cells;p+8;4/12/2017;;In Storage;;Sikora LN2 #1;LN2 Canes;SQZ100192A;;Matt Sikora;0;4;H;5;6;;0;100192;;;;;;;Obtained from Rae laboratory, J. Thibert freezebacks
CAMA-1;4/7/2017;admin;;100036;SQZ100036;Matt Sikora;;18;14;p+8;;4/12/2017;15:32:03;;;;;U. Michigan;;0;5/10/2019;16:55:08;;Thawed by EKB on 5/10/19;2;Cells;p+8;4/12/2017;;Checked Out;;Sikora LN2 #1;LN2 Canes;SQZ100193A;;Matt Sikora;0;4;H;5;7;;0;100193;;;;;;;Obtained from Rae laboratory, J. Thibert freezebacks
CAMA-1;4/7/2017;admin;;100036;SQZ100036;Matt Sikora;;18;14;p+8;;4/12/2017;15:32:03;;;;;U. Michigan;;0;3/18/2019;14:55:33;;Thawed by RF on 6/28/18;3;Cells;p+8;4/12/2017;;Used;;;;SQZ100194A;;Matt Sikora;0;;;;;;0;100194;;;;;;;Obtained from Rae laboratory, J. Thibert freezebacks
CAMA-1;4/7/2017;admin;;100036;SQZ100036;Matt Sikora;;18;14;p+8;;4/12/2017;15:32:03;;;;;U. Michigan;;0;5/31/2018;11:19:44;;;5;Cells;p+8;4/12/2017;;Used;;;;SQZ100196A;;Matt Sikora;0;;;;;;0;100196;;;;;;;Obtained from Rae laboratory, J. Thibert freezebacks
MDA MB 330 (MM330);4/11/2017;admin;;100037;SQZ100037;Matt Sikora;;10;7;p+5;;4/12/2017;15:33:09;;;;;ATCC;;0;5/11/2017;00:00:00;;;1;Cells;p+5;4/12/2017;;In Storage;;Sikora LN2 #1;LN2 Canes;SQZ100197A;;Matt Sikora;0;4;H;6;2;;0;100197;;;;;;;Obtained directly from ATCC (no passage number assigned).
MDA MB 330 (MM330);4/11/2017;admin;;100037;SQZ100037;Matt Sikora;;10;7;p+5;;4/12/2017;15:33:09;;;;;ATCC;;0;5/11/2017;00:00:00;;;2;Cells;p+5;4/12/2017;;In Storage;;Sikora LN2 #1;LN2 Canes;SQZ100198A;;Matt Sikora;0;4;H;6;3;;0;100198;;;;;;;Obtained directly from ATCC (no passage number assigned).
MDA MB 330 (MM330);4/11/2017;admin;;100037;SQZ100037;Matt Sikora;;10;7;p+5;;4/12/2017;15:33:09;;;;;ATCC;;0;5/11/2017;00:00:00;;;3;Cells;p+5;4/12/2017;;In Storage;;Sikora LN2 #1;LN2 Canes;SQZ100199A;;Matt Sikora;0;4;H;6;4;;0;100199;;;;;;;Obtained directly from ATCC (no passage number assigned).
MDA MB 330 (MM330);4/11/2017;admin;;100037;SQZ100037;Matt Sikora;;10;7;p+5;;4/12/2017;15:33:09;;;;;ATCC;;0;5/11/2017;00:00:00;;;4;Cells;p+5;4/12/2017;;In Storage;;Sikora LN2 #1;LN2 Canes;SQZ100200A;;Matt Sikora;0;4;H;6;5;;0;100200;;;;;;;Obtained directly from ATCC (no passage number assigned).
MDA MB 330 (MM330);4/11/2017;admin;;100037;SQZ100037;Matt Sikora;;10;7;p+5;;4/12/2017;15:33:09;;;;;ATCC;;0;12/22/2017;00:00:00;;;5;Cells;p+5;4/12/2017;;Used;;;;SQZ100201A;;Matt Sikora;0;;;;;;0;100201;;;;;;;Obtained directly from ATCC (no passage number assigned).
SUM44PE:Cas9x10;6/9/2017;admin;MJS_0118v2;100043;SQZ100043;Matt Sikora;;3;3;pX2;;6/22/2017;10:46:56;;;;;Sikora Lab;;0;00/00/00;00:00:00;;;1;Cells;pX2;6/22/2017;;In Storage;;Sikora LN2 #1;LN2 Canes;SQZ100237A;;Matt Sikora;0;4;H;2;9;;0;100237;;;;;;;SUM44PE transduced with Dharmacon Edit-R hCMV:BlastR:Cas9 at MOI=10.Parental cells are from maintained culture of FWID 100017.
SUM44PE:Cas9x5;6/9/2017;admin;MJS_0118v2;100042;SQZ100042;Matt Sikora;;3;3;pX2;;6/22/2017;10:44:40;;;;;Sikora Lab;;0;00/00/00;00:00:00;;;3;Cells;pX2;6/22/2017;;In Storage;;Sikora LN2 #1;LN2 Canes;SQZ100236A;;Matt Sikora;0;4;H;2;8;;0;100236;;;;;;;SUM44PE transduced with Dharmacon Edit-R hCMV:BlastR:Cas9 at MOI=5.Parental cells are from maintained culture of FWID 100017.
SUM44PE:Cas9x5;6/9/2017;admin;MJS_0118v2;100042;SQZ100042;Matt Sikora;;3;3;pX2;;6/22/2017;10:44:40;;;;;Sikora Lab;;0;00/00/00;00:00:00;;;2;Cells;pX2;6/22/2017;;In Storage;;Sikora LN2 #1;LN2 Canes;SQZ100235A;;Matt Sikora;0;4;H;2;7;;0;100235;;;;;;;SUM44PE transduced with Dharmacon Edit-R hCMV:BlastR:Cas9 at MOI=5.Parental cells are from maintained culture of FWID 100017.
SUM44PE:Cas9x5;6/9/2017;admin;MJS_0118v2;100042;SQZ100042;Matt Sikora;;3;3;pX2;;6/22/2017;10:44:40;;;;;Sikora Lab;;0;00/00/00;00:00:00;;;1;Cells;pX2;6/22/2017;;In Storage;;Sikora LN2 #1;LN2 Canes;SQZ100234A;;Matt Sikora;0;4;H;2;6;;0;100234;;;;;;;SUM44PE transduced with Dharmacon Edit-R hCMV:BlastR:Cas9 at MOI=5.Parental cells are from maintained culture of FWID 100017.
Test;5/8/2017;rferguson;RF_9999999;100041;SQZ100041;;;16;16;1;;5/19/2017;12:21:38;;;;;ATCC;;0;00/00/00;00:00:00;;these are probably contaminated;16;Cells;12;5/19/2017;;In Storage;;TEST FREEZER;Copy of  LN2 Canes;SQZ100233A;;roton;100230;1;A;2;7;;0;100233;;;;;;;this is only a test
Test;5/8/2017;rferguson;RF_9999999;100041;SQZ100041;;;16;16;1;;5/19/2017;12:21:38;;;;;ATCC;;0;00/00/00;00:00:00;;these are probably contaminated;15;Cells;12;5/19/2017;;In Storage;;TEST FREEZER;Copy of  LN2 Canes;SQZ100232A;;roton;100230;1;A;2;6;;0;100232;;;;;;;this is only a test
SUM44PE:Cas9x10;6/9/2017;admin;MJS_0118v2;100043;SQZ100043;Matt Sikora;;3;3;pX2;;6/22/2017;10:46:56;;;;;Sikora Lab;;0;00/00/00;00:00:00;;;2;Cells;pX2;6/22/2017;;In Storage;;Sikora LN2 #1;LN2 Canes;SQZ100238A;;Matt Sikora;0;4;H;3;1;;0;100238;;;;;;;SUM44PE transduced with Dharmacon Edit-R hCMV:BlastR:Cas9 at MOI=10.Parental cells are from maintained culture of FWID 100017.
SUM44PE:Cas9x10;6/9/2017;admin;MJS_0118v2;100043;SQZ100043;Matt Sikora;;3;3;pX2;;6/22/2017;10:46:56;;;;;Sikora Lab;;0;00/00/00;00:00:00;;;3;Cells;pX2;6/22/2017;;In Storage;;Sikora LN2 #1;LN2 Canes;SQZ100239A;;Matt Sikora;0;4;H;3;2;;0;100239;;;;;;;SUM44PE transduced with Dharmacon Edit-R hCMV:BlastR:Cas9 at MOI=10.Parental cells are from maintained culture of FWID 100017.
SUM44PE:Cas9x20;6/9/2017;admin;MJS_0118v2;100044;SQZ100044;Matt Sikora;;3;3;pX2;;6/22/2017;10:47:52;;;;;Sikora Lab;;0;00/00/00;00:00:00;;;1;Cells;pX2;6/22/2017;;In Storage;;Sikora LN2 #1;LN2 Canes;SQZ100240A;;Matt Sikora;0;4;H;3;3;;0;100240;;;;;;;SUM44PE transduced with Dharmacon Edit-R hCMV:BlastR:Cas9 at MOI=5.Parental cells are from maintained culture of FWID 100017.
SUM44PE:Cas9x20;6/9/2017;admin;MJS_0118v2;100044;SQZ100044;Matt Sikora;;3;3;pX2;;6/22/2017;10:47:52;;;;;Sikora Lab;;0;00/00/00;00:00:00;;;2;Cells;pX2;6/22/2017;;In Storage;;Sikora LN2 #1;LN2 Canes;SQZ100241A;;Matt Sikora;0;4;H;3;4;;0;100241;;;;;;;SUM44PE transduced with Dharmacon Edit-R hCMV:BlastR:Cas9 at MOI=5.Parental cells are from maintained culture of FWID 100017.
SUM44PE:Cas9x20;6/9/2017;admin;MJS_0118v2;100044;SQZ100044;Matt Sikora;;3;3;pX2;;6/22/2017;10:47:52;;;;;Sikora Lab;;0;00/00/00;00:00:00;;;3;Cells;pX2;6/22/2017;;In Storage;;Sikora LN2 #1;LN2 Canes;SQZ100242A;;Matt Sikora;0;4;H;3;5;;0;100242;;;;;;;SUM44PE transduced with Dharmacon Edit-R hCMV:BlastR:Cas9 at MOI=5.Parental cells are from maintained culture of FWID 100017.
BCK4;6/22/2017;admin;;100045;SQZ100045;Matt Sikora;;3;0;p27;;7/13/2017;16:13:59;;;;;CU Anschutz/Jacobsen;;0;10/16/2018;15:54:47;;Thawed by EKB on 08/15/18;1;Cells;p27;7/13/2017;;Used;;;;SQZ100243A;;Matt Sikora;0;;;;;;0;100243;;;;;;;Continued culture of FWID 100035
BCK4;6/22/2017;admin;;100045;SQZ100045;Matt Sikora;;3;0;p27;;7/13/2017;16:13:59;;;;;CU Anschutz/Jacobsen;;0;8/15/2018;09:44:19;;Thawed by EB on 7/2/18.;2;Cells;p27;7/13/2017;;Used;;;;SQZ100244A;;Matt Sikora;0;;;;;;0;100244;;;;;;;Continued culture of FWID 100035
BCK4;6/22/2017;admin;;100045;SQZ100045;Matt Sikora;;3;0;p27;;7/13/2017;16:13:59;;;;;CU Anschutz/Jacobsen;;0;5/31/2018;11:18:45;;;3;Cells;p27;7/13/2017;;Used;;;;SQZ100245A;;Matt Sikora;0;;;;;;0;100245;;;;;;;Continued culture of FWID 100035
MCF-7;3/16/2017;admin;;100025;ZZZ100059;Matt Sikora;;26;21;p143;;3/24/2017;15:19:12;;;;;UM/LCCC;;0;00/00/00;00:00:00;;Frozen 7/13/17;10;Cells;p145;8/18/2017;;In Storage;;Sikora LN2 #1;LN2 Canes;SQZ100246A;;Matt Sikora;100155;4;H;3;6;;0;100246;;;;;;;From Rae Lab, Sikora 2009 freezeback.
MCF-7;3/16/2017;admin;;100025;ZZZ100059;Matt Sikora;;26;21;p143;;3/24/2017;15:19:12;;;;;UM/LCCC;;0;00/00/00;00:00:00;;Frozen 7/13/17;11;Cells;p145;8/18/2017;;In Storage;;Sikora LN2 #1;LN2 Canes;SQZ100247A;;Matt Sikora;100155;4;H;3;7;;0;100247;;;;;;;From Rae Lab, Sikora 2009 freezeback.
MCF-7;3/16/2017;admin;;100025;ZZZ100059;Matt Sikora;;26;21;p143;;3/24/2017;15:19:12;;;;;UM/LCCC;;0;00/00/00;00:00:00;;Frozen 7/13/17;12;Cells;p145;8/18/2017;;In Storage;;Sikora LN2 #1;LN2 Canes;SQZ100248A;;Matt Sikora;100155;4;H;3;8;;0;100248;;;;;;;From Rae Lab, Sikora 2009 freezeback.
MCF-7;3/16/2017;admin;;100025;ZZZ100059;Matt Sikora;;26;21;p143;;3/24/2017;15:19:12;;;;;UM/LCCC;;0;00/00/00;00:00:00;;Frozen 7/13/17;13;Cells;p145;8/18/2017;;In Storage;;Sikora LN2 #1;LN2 Canes;SQZ100249A;;Matt Sikora;100155;4;H;3;9;;0;100249;;;;;;;From Rae Lab, Sikora 2009 freezeback.
MCF-7;3/16/2017;admin;;100025;ZZZ100059;Matt Sikora;;26;21;p143;;3/24/2017;15:19:12;;;;;UM/LCCC;;0;11/30/2017;00:00:00;;Frozen 7/13/17;15;Cells;p145;8/18/2017;;Used;;;;SQZ100251A;;Matt Sikora;100155;;;;;;0;100251;;;;;;;From Rae Lab, Sikora 2009 freezeback.
SUM44PE:Cas9x10;7/13/2017;admin;MJS_0118;100046;SQZ100046;Matt Sikora;;3;3;pX5;;8/18/2017;16:56:17;;;;;Sikora Lab;;0;00/00/00;00:00:00;;;1;Cells;pX5;8/18/2017;;In Storage;;Sikora LN2 #1;LN2 Canes;SQZ100252A;;Matt Sikora;0;4;H;4;3;;0;100252;;;;;;;Continuous passage of pX2 (FWID 100043)
SUM44PE:Cas9x10;7/13/2017;admin;MJS_0118;100046;SQZ100046;Matt Sikora;;3;3;pX5;;8/18/2017;16:56:17;;;;;Sikora Lab;;0;00/00/00;00:00:00;;;2;Cells;pX5;8/18/2017;;In Storage;;Sikora LN2 #1;LN2 Canes;SQZ100253A;;Matt Sikora;0;4;H;4;4;;0;100253;;;;;;;Continuous passage of pX2 (FWID 100043)
SUM44PE:Cas9x10;7/13/2017;admin;MJS_0118;100046;SQZ100046;Matt Sikora;;3;3;pX5;;8/18/2017;16:56:17;;;;;Sikora Lab;;0;00/00/00;00:00:00;;;3;Cells;pX5;8/18/2017;;In Storage;;Sikora LN2 #1;LN2 Canes;SQZ100254A;;Matt Sikora;0;4;H;4;5;;0;100254;;;;;;;Continuous passage of pX2 (FWID 100043)
SUM44PE:Cas9x20;7/13/2017;admin;MJS_0118;100047;SQZ100047;Matt Sikora;;3;2;pX5;;8/18/2017;16:57:19;;;;;Sikora Lab;;0;00/00/00;00:00:00;;;1;Cells;pX5;8/18/2017;;In Storage;;Sikora LN2 #1;LN2 Canes;SQZ100255A;;Matt Sikora;0;4;H;6;7;;0;100255;;;;;;;Continuous culture of xP2 (FWID 100044)
SUM44PE:Cas9x20;7/13/2017;admin;MJS_0118;100047;SQZ100047;Matt Sikora;;3;2;pX5;;8/18/2017;16:57:19;;;;;Sikora Lab;;0;00/00/00;00:00:00;;;2;Cells;pX5;8/18/2017;;In Storage;;Sikora LN2 #1;LN2 Canes;SQZ100256A;;Matt Sikora;0;4;H;6;8;;0;100256;;;;;;;Continuous culture of xP2 (FWID 100044)
SUM44PE:Cas9x20;7/13/2017;admin;MJS_0118;100047;SQZ100047;Matt Sikora;;3;2;pX5;;8/18/2017;16:57:19;;;;;Sikora Lab;;0;11/30/2017;00:00:00;;;3;Cells;pX5;8/18/2017;;Used;;;;SQZ100257A;;Matt Sikora;0;;;;;;0;100257;;;;;;;Continuous culture of xP2 (FWID 100044)
HT1080 A11;4/23/2012;drao;;100048;SQZ100048;;;1;1;P3;;8/29/2017;10:10:13;;;;;Virshup/Singapore;;0;00/00/00;00:00:00;;;1;Cells;P3;8/29/2017;;In Storage;;Sikora LN2 #1;LN2 Canes;SQZ100258A;;Virshup;0;4;H;9;8;;0;100258;;;;;;;PORCN KO via Zinc-finger deletion. Loss of 19bp within exon 9, splices Exon 8 and 9 out.For publication (Rao et al, 2018), these cells are reffered to as PKO (PORCN knock-out). We recieved two cell lines from the Virshup lab that have PORCN knocked out, A11 and C10. A11 were used as they had the least amount of autonomous WNT activity (as measured by DVL2/3).
HT1080;9/24/2014;drao;;100049;SQZ100049;;;1;1;P2;;8/29/2017;10:23:31;;;;;Virshup/Singapore;;0;00/00/00;00:00:00;;;1;Cells;P2;8/29/2017;;In Storage;;Sikora LN2 #1;LN2 Canes;SQZ100259A;;Virshup;0;4;H;9;7;;0;100259;;;;;;;
HT1080 C10;3/14/2017;drao;;100050;SQZ100050;;;1;1;P8;;8/29/2017;10:26:50;;;;;Virshup/Singapore;;0;00/00/00;00:00:00;;;1;Cells;P8;8/29/2017;;In Storage;;Sikora LN2 #1;LN2 Canes;SQZ100260A;;Virshup;0;4;H;9;9;;0;100260;;;;;;;PORCN KO via zinc finger deletion. 12bp deletion in exon 9 into intron, definitely splices Exon 8 and 9 out.
HT1080 A11;8/11/2017;drao;;100051;SQZ100051;;;21;15;P4;;8/29/2017;10:53:09;;;;;Virshup/Singapore;;0;00/00/00;00:00:00;;;1;Cells;P4;8/29/2017;;In Storage;;Sikora LN2 #1;LN2 Canes;SQZ100261A;;Deviyani Rao;0;4;H;7;1;;0;100261;;;;;;;These were split and frozen down from an original vial from Virshup. The passage number refers to how many times it has been passeged by the Sikora Lab.For publication (Rao et al, 2018), these cells are reffered to as PKO (PORCN knock-out). We recieved two cell lines from the Virshup lab that have PORCN knocked out, A11 and C10. A11 were used as they had the least amount of autonomous WNT activity (as measured by DVL2/3).
HT1080 A11;8/11/2017;drao;;100051;SQZ100051;;;21;15;P4;;8/29/2017;10:53:09;;;;;Virshup/Singapore;;0;00/00/00;00:00:00;;;2;Cells;P4;8/29/2017;;In Storage;;Sikora LN2 #1;LN2 Canes;SQZ100262A;;Deviyani Rao;0;4;H;7;2;;0;100262;;;;;;;These were split and frozen down from an original vial from Virshup. The passage number refers to how many times it has been passeged by the Sikora Lab.For publication (Rao et al, 2018), these cells are reffered to as PKO (PORCN knock-out). We recieved two cell lines from the Virshup lab that have PORCN knocked out, A11 and C10. A11 were used as they had the least amount of autonomous WNT activity (as measured by DVL2/3).
HT1080 A11;8/11/2017;drao;;100051;SQZ100051;;;21;15;P4;;8/29/2017;10:53:09;;;;;Virshup/Singapore;;0;00/00/00;00:00:00;;;3;Cells;P4;8/29/2017;;In Storage;;Sikora LN2 #1;LN2 Canes;SQZ100263A;;Deviyani Rao;0;4;H;7;3;;0;100263;;;;;;;These were split and frozen down from an original vial from Virshup. The passage number refers to how many times it has been passeged by the Sikora Lab.For publication (Rao et al, 2018), these cells are reffered to as PKO (PORCN knock-out). We recieved two cell lines from the Virshup lab that have PORCN knocked out, A11 and C10. A11 were used as they had the least amount of autonomous WNT activity (as measured by DVL2/3).
HT1080 A11;8/11/2017;drao;;100051;SQZ100051;;;21;15;P4;;8/29/2017;10:53:09;;;;;Virshup/Singapore;;0;00/00/00;00:00:00;;;4;Cells;P4;8/29/2017;;In Storage;;Sikora LN2 #1;LN2 Canes;SQZ100264A;;Deviyani Rao;0;4;H;7;4;;0;100264;;;;;;;These were split and frozen down from an original vial from Virshup. The passage number refers to how many times it has been passeged by the Sikora Lab.For publication (Rao et al, 2018), these cells are reffered to as PKO (PORCN knock-out). We recieved two cell lines from the Virshup lab that have PORCN knocked out, A11 and C10. A11 were used as they had the least amount of autonomous WNT activity (as measured by DVL2/3).
HT1080 A11;8/11/2017;drao;;100051;SQZ100051;;;21;15;P4;;8/29/2017;10:53:09;;;;;Virshup/Singapore;;0;00/00/00;00:00:00;;;5;Cells;P4;8/29/2017;;In Storage;;Sikora LN2 #1;LN2 Canes;SQZ100265A;;Deviyani Rao;0;4;H;7;5;;0;100265;;;;;;;These were split and frozen down from an original vial from Virshup. The passage number refers to how many times it has been passeged by the Sikora Lab.For publication (Rao et al, 2018), these cells are reffered to as PKO (PORCN knock-out). We recieved two cell lines from the Virshup lab that have PORCN knocked out, A11 and C10. A11 were used as they had the least amount of autonomous WNT activity (as measured by DVL2/3).
HT1080 A11;8/11/2017;drao;;100051;SQZ100051;;;21;15;P4;;8/29/2017;10:53:09;;;;;Virshup/Singapore;;0;00/00/00;00:00:00;;;6;Cells;P4;8/29/2017;;In Storage;;Sikora LN2 #1;LN2 Canes;SQZ100266A;;Deviyani Rao;0;4;H;7;6;;0;100266;;;;;;;These were split and frozen down from an original vial from Virshup. The passage number refers to how many times it has been passeged by the Sikora Lab.For publication (Rao et al, 2018), these cells are reffered to as PKO (PORCN knock-out). We recieved two cell lines from the Virshup lab that have PORCN knocked out, A11 and C10. A11 were used as they had the least amount of autonomous WNT activity (as measured by DVL2/3).
HT1080 A11;8/11/2017;drao;;100051;SQZ100051;;;21;15;P4;;8/29/2017;10:53:09;;;;;Virshup/Singapore;;0;00/00/00;00:00:00;;;7;Cells;P4;8/29/2017;;In Storage;;Sikora LN2 #1;LN2 Canes;SQZ100267A;;Deviyani Rao;0;4;H;7;7;;0;100267;;;;;;;These were split and frozen down from an original vial from Virshup. The passage number refers to how many times it has been passeged by the Sikora Lab.For publication (Rao et al, 2018), these cells are reffered to as PKO (PORCN knock-out). We recieved two cell lines from the Virshup lab that have PORCN knocked out, A11 and C10. A11 were used as they had the least amount of autonomous WNT activity (as measured by DVL2/3).T1080 A11;8/11/2017;drao;;100051;SQZ100051;;;21;15;P4;;8/29/2017;10:53:09;;;;;Virshup/Singapore;;0;00/00/00;00:00:00;;;8;Cells;P4;8/29/2017;;In Storage;;Sikora LN2 #1;LN2 Canes;SQZ100268A;;Deviyani Rao;0;4;H;7;8;;0;100268;;;;;;;These were split and frozen down from an original vial from Virshup. The passage number refers to how many times it has been passeged by the Sikora Lab. For publication (Rao et al, 2018), these cells are reffered to as PKO (PORCN knock-out). We recieved two cell lines from the Virshup lab that have PORCN knocked out, A11 and C10. A11 were used as they had the least amount of autonomous WNT activity (as measured by DVL2/3).
HT1080 A11;8/11/2017;drao;;100051;SQZ100051;;;21;15;P4;;8/29/2017;10:53:09;;;;;Virshup/Singapore;;0;00/00/00;00:00:00;;;9;Cells;P4;8/29/2017;;In Storage;;Sikora LN2 #1;LN2 Canes;SQZ100269A;;Deviyani Rao;0;4;H;7;9;;0;100269;;;;;;;These were split and frozen down from an original vial from Virshup. The passage number refers to how many times it has been passeged by the Sikora Lab.For publication (Rao et al, 2018), these cells are reffered to as PKO (PORCN knock-out). We recieved two cell lines from the Virshup lab that have PORCN knocked out, A11 and C10. A11 were used as they had the least amount of autonomous WNT activity (as measured by DVL2/3).
HT1080 A11;8/11/2017;drao;;100051;SQZ100051;;;21;15;P4;;8/29/2017;10:53:09;;;;;Virshup/Singapore;;0;2/14/2018;14:29:10;;;10;Cells;P4;8/29/2017;;Used;;;;SQZ100270A;;Deviyani Rao;0;;;;;;0;100270;;;;;;;These were split and frozen down from an original vial from Virshup. The passage number refers to how many times it has been passeged by the Sikora Lab.For publication (Rao et al, 2018), these cells are reffered to as PKO (PORCN knock-out). We recieved two cell lines from the Virshup lab that have PORCN knocked out, A11 and C10. A11 were used as they had the least amount of autonomous WNT activity (as measured by DVL2/3).
HT1080;7/30/2017;drao;;100052;SQZ100052;;;20;14;P3;;8/29/2017;10:58:46;;;;;Virshup/Singapore;;0;8/29/2017;00:00:00;;;1;Cells;P3;8/29/2017;;In Storage;;Sikora LN2 #1;LN2 Canes;SQZ100271A;;Rebecca Ferguson;0;4;H;8;2;;0;100271;;;;;;;These cells were split and frozen down from a vial originally obtained from the Virshup laboratory.
HT1080;7/30/2017;drao;;100052;SQZ100052;;;20;14;P3;;8/29/2017;10:58:46;;;;;Virshup/Singapore;;0;8/29/2017;00:00:00;;;2;Cells;P3;8/29/2017;;In Storage;;Sikora LN2 #1;LN2 Canes;SQZ100272A;;Rebecca Ferguson;0;4;H;8;3;;0;100272;;;;;;;These cells were split and frozen down from a vial originally obtained from the Virshup laboratory.
HT1080;7/30/2017;drao;;100052;SQZ100052;;;20;14;P3;;8/29/2017;10:58:46;;;;;Virshup/Singapore;;0;8/29/2017;00:00:00;;;3;Cells;P3;8/29/2017;;In Storage;;Sikora LN2 #1;LN2 Canes;SQZ100273A;;Rebecca Ferguson;0;4;H;8;4;;0;100273;;;;;;;These cells were split and frozen down from a vial originally obtained from the Virshup laboratory.
HT1080;7/30/2017;drao;;100052;SQZ100052;;;20;14;P3;;8/29/2017;10:58:46;;;;;Virshup/Singapore;;0;8/29/2017;00:00:00;;;4;Cells;P3;8/29/2017;;In Storage;;Sikora LN2 #1;LN2 Canes;SQZ100274A;;Rebecca Ferguson;0;4;H;8;5;;0;100274;;;;;;;These cells were split and frozen down from a vial originally obtained from the Virshup laboratory.
HT1080;7/30/2017;drao;;100052;SQZ100052;;;20;14;P3;;8/29/2017;10:58:46;;;;;Virshup/Singapore;;0;8/29/2017;00:00:00;;;5;Cells;P3;8/29/2017;;In Storage;;Sikora LN2 #1;LN2 Canes;SQZ100275A;;Rebecca Ferguson;0;4;H;8;6;;0;100275;;;;;;;These cells were split and frozen down from a vial originally obtained from the Virshup laboratory.
HT1080;7/30/2017;drao;;100052;SQZ100052;;;20;14;P3;;8/29/2017;10:58:46;;;;;Virshup/Singapore;;0;8/29/2017;00:00:00;;;6;Cells;P3;8/29/2017;;In Storage;;Sikora LN2 #1;LN2 Canes;SQZ100276A;;Rebecca Ferguson;0;4;H;8;7;;0;100276;;;;;;;These cells were split and frozen down from a vial originally obtained from the Virshup laboratory.
HT1080;7/30/2017;drao;;100052;SQZ100052;;;20;14;P3;;8/29/2017;10:58:46;;;;;Virshup/Singapore;;0;8/29/2017;00:00:00;;;7;Cells;P3;8/29/2017;;In Storage;;Sikora LN2 #1;LN2 Canes;SQZ100277A;;Rebecca Ferguson;0;4;H;8;8;;0;100277;;;;;;;These cells were split and frozen down from a vial originally obtained from the Virshup laboratory.
HT1080;7/30/2017;drao;;100052;SQZ100052;;;20;14;P3;;8/29/2017;10:58:46;;;;;Virshup/Singapore;;0;8/29/2017;00:00:00;;;8;Cells;P3;8/29/2017;;In Storage;;Sikora LN2 #1;LN2 Canes;SQZ100278A;;Rebecca Ferguson;0;4;H;8;9;;0;100278;;;;;;;These cells were split and frozen down from a vial originally obtained from the Virshup laboratory.
HT1080;7/30/2017;drao;;100052;SQZ100052;;;20;14;P3;;8/29/2017;10:58:46;;;;;Virshup/Singapore;;0;2/14/2018;14:30:44;;;9;Cells;P3;8/29/2017;;Used;;;;SQZ100279A;;Rebecca Ferguson;0;;;;;;0;100279;;;;;;;These cells were split and frozen down from a vial originally obtained from the Virshup laboratory.
HT1080 C10;7/31/2017;drao;;100053;SQZ100053;;;5;5;P6;;8/29/2017;11:01:00;;;;;Virshup/Singapore;;0;00/00/00;00:00:00;;;1;Cells;P6;8/29/2017;;In Storage;;Sikora LN2 #1;LN2 Canes;SQZ100280A;;Rebecca Ferguson;0;4;H;9;2;;0;100280;;;;;;;These cells were split and frozen down from a vial obtained from the Virshup lab.
HT1080 C10;7/31/2017;drao;;100053;SQZ100053;;;5;5;P6;;8/29/2017;11:01:00;;;;;Virshup/Singapore;;0;00/00/00;00:00:00;;;2;Cells;P6;8/29/2017;;In Storage;;Sikora LN2 #1;LN2 Canes;SQZ100281A;;Rebecca Ferguson;0;4;H;9;3;;0;100281;;;;;;;These cells were split and frozen down from a vial obtained from the Virshup lab.
HT1080 C10;7/31/2017;drao;;100053;SQZ100053;;;5;5;P6;;8/29/2017;11:01:00;;;;;Virshup/Singapore;;0;00/00/00;00:00:00;;;3;Cells;P6;8/29/2017;;In Storage;;Sikora LN2 #1;LN2 Canes;SQZ100282A;;Rebecca Ferguson;0;4;H;9;4;;0;100282;;;;;;;These cells were split and frozen down from a vial obtained from the Virshup lab.
HT1080 C10;7/31/2017;drao;;100053;SQZ100053;;;5;5;P6;;8/29/2017;11:01:00;;;;;Virshup/Singapore;;0;00/00/00;00:00:00;;;4;Cells;P6;8/29/2017;;In Storage;;Sikora LN2 #1;LN2 Canes;SQZ100283A;;Rebecca Ferguson;0;4;H;9;5;;0;100283;;;;;;;These cells were split and frozen down from a vial obtained from the Virshup lab.
HT1080 C10;7/31/2017;drao;;100053;SQZ100053;;;5;5;P6;;8/29/2017;11:01:00;;;;;Virshup/Singapore;;0;00/00/00;00:00:00;;;5;Cells;P6;8/29/2017;;In Storage;;Sikora LN2 #1;LN2 Canes;SQZ100284A;;Rebecca Ferguson;0;4;H;9;6;;0;100284;;;;;;;These cells were split and frozen down from a vial obtained from the Virshup lab.
HT1080;8/6/2017;drao;;100054;SQZ100054;;;8;8;P3;;8/29/2017;11:06:40;;;;;ATCC;;0;00/00/00;00:00:00;;;1;Cells;P3;8/29/2017;;In Storage;;Sikora LN2 #1;LN2 Canes;SQZ100285A;;Deviyani Rao;0;4;I;1;1;;0;100285;;;;;;;These cells were split and frozen down from a vial obtained from ATCC.
HT1080;8/6/2017;drao;;100054;SQZ100054;;;8;8;P3;;8/29/2017;11:06:40;;;;;ATCC;;0;00/00/00;00:00:00;;;2;Cells;P3;8/29/2017;;In Storage;;Sikora LN2 #1;LN2 Canes;SQZ100286A;;Deviyani Rao;0;4;I;1;2;;0;100286;;;;;;;These cells were split and frozen down from a vial obtained from ATCC.
HT1080;8/6/2017;drao;;100054;SQZ100054;;;8;8;P3;;8/29/2017;11:06:40;;;;;ATCC;;0;00/00/00;00:00:00;;;3;Cells;P3;8/29/2017;;In Storage;;Sikora LN2 #1;LN2 Canes;SQZ100287A;;Deviyani Rao;0;4;I;1;3;;0;100287;;;;;;;These cells were split and frozen down from a vial obtained from ATCC.
HT1080;8/6/2017;drao;;100054;SQZ100054;;;8;8;P3;;8/29/2017;11:06:40;;;;;ATCC;;0;00/00/00;00:00:00;;;4;Cells;P3;8/29/2017;;In Storage;;Sikora LN2 #1;LN2 Canes;SQZ100288A;;Deviyani Rao;0;4;I;1;4;;0;100288;;;;;;;These cells were split and frozen down from a vial obtained from ATCC.
HT1080;8/6/2017;drao;;100054;SQZ100054;;;8;8;P3;;8/29/2017;11:06:40;;;;;ATCC;;0;00/00/00;00:00:00;;;5;Cells;P3;8/29/2017;;In Storage;;Sikora LN2 #1;LN2 Canes;SQZ100289A;;Deviyani Rao;0;4;I;1;5;;0;100289;;;;;;;These cells were split and frozen down from a vial obtained from ATCC.
HT1080;8/6/2017;drao;;100054;SQZ100054;;;8;8;P3;;8/29/2017;11:06:40;;;;;ATCC;;0;00/00/00;00:00:00;;;6;Cells;P3;8/29/2017;;In Storage;;Sikora LN2 #1;LN2 Canes;SQZ100290A;;Deviyani Rao;0;4;I;1;6;;0;100290;;;;;;;These cells were split and frozen down from a vial obtained from ATCC.
HT1080;8/6/2017;drao;;100054;SQZ100054;;;8;8;P3;;8/29/2017;11:06:40;;;;;ATCC;;0;00/00/00;00:00:00;;;7;Cells;P3;8/29/2017;;In Storage;;Sikora LN2 #1;LN2 Canes;SQZ100291A;;Deviyani Rao;0;4;I;1;7;;0;100291;;;;;;;These cells were split and frozen down from a vial obtained from ATCC.
HT1080;8/6/2017;drao;;100054;SQZ100054;;;8;8;P3;;8/29/2017;11:06:40;;;;;ATCC;;0;00/00/00;00:00:00;;;8;Cells;P3;8/29/2017;;In Storage;;Sikora LN2 #1;LN2 Canes;SQZ100292A;;Deviyani Rao;0;4;I;1;8;;0;100292;;;;;;;These cells were split and frozen down from a vial obtained from ATCC.
HT1080 C10;8/10/2017;drao;;100055;SQZ100055;;;6;6;P7;;8/29/2017;11:08:23;;;;;Virshup/Singapore;;0;00/00/00;00:00:00;;;1;Cells;P7;8/29/2017;;In Storage;;Sikora LN2 #1;LN2 Canes;SQZ100293A;;Deviyani Rao;0;4;I;2;1;;0;100293;;;;;;;
HT1080 C10;8/10/2017;drao;;100055;SQZ100055;;;6;6;P7;;8/29/2017;11:08:23;;;;;Virshup/Singapore;;0;00/00/00;00:00:00;;;2;Cells;P7;8/29/2017;;In Storage;;Sikora LN2 #1;LN2 Canes;SQZ100294A;;Deviyani Rao;0;4;I;2;2;;0;100294;;;;;;;
HT1080 C10;8/10/2017;drao;;100055;SQZ100055;;;6;6;P7;;8/29/2017;11:08:23;;;;;Virshup/Singapore;;0;00/00/00;00:00:00;;;3;Cells;P7;8/29/2017;;In Storage;;Sikora LN2 #1;LN2 Canes;SQZ100295A;;Deviyani Rao;0;4;I;2;3;;0;100295;;;;;;;
HT1080 C10;8/10/2017;drao;;100055;SQZ100055;;;6;6;P7;;8/29/2017;11:08:23;;;;;Virshup/Singapore;;0;00/00/00;00:00:00;;;4;Cells;P7;8/29/2017;;In Storage;;Sikora LN2 #1;LN2 Canes;SQZ100296A;;Deviyani Rao;0;4;I;2;4;;0;100296;;;;;;;
HT1080 C10;8/10/2017;drao;;100055;SQZ100055;;;6;6;P7;;8/29/2017;11:08:23;;;;;Virshup/Singapore;;0;00/00/00;00:00:00;;;5;Cells;P7;8/29/2017;;In Storage;;Sikora LN2 #1;LN2 Canes;SQZ100297A;;Deviyani Rao;0;4;I;2;5;;0;100297;;;;;;;
HT1080 C10;8/10/2017;drao;;100055;SQZ100055;;;6;6;P7;;8/29/2017;11:08:23;;;;;Virshup/Singapore;;0;00/00/00;00:00:00;;;6;Cells;P7;8/29/2017;;In Storage;;Sikora LN2 #1;LN2 Canes;SQZ100298A;;Deviyani Rao;0;4;I;2;6;;0;100298;;;;;;;
HT1080+WNT4;9/26/2017;drao;DMR005;100056;SQZ100056;;;2;2;3;;10/5/2017;14:32:24;;;;;Sikora Lab;;0;00/00/00;00:00:00;;;1;Cells;3;10/5/2017;;In Storage;;Sikora LN2 #1;LN2 Canes;SQZ100299A;;DMR;0;4;I;2;7;;0;100299;;;;;;;Validated overexpression of WNT4 (DMR005), PLX304 vector, CMV promoter w/ stop codon = no V5 tag, selection maker = Blasticidin
HT1080+WNT4;9/26/2017;drao;DMR005;100056;SQZ100056;;;2;2;3;;10/5/2017;14:32:24;;;;;Sikora Lab;;0;00/00/00;00:00:00;;;2;Cells;3;10/5/2017;;In Storage;;Sikora LN2 #1;LN2 Canes;SQZ100300A;;DMR;0;4;I;2;8;;0;100300;;;;;;;Validated overexpression of WNT4 (DMR005), PLX304 vector, CMV promoter w/ stop codon = no V5 tag, selection maker = Blasticidin
HT1080+WNT3A;9/26/2017;drao;DMR005;100057;SQZ100057;;;2;2;3;;10/5/2017;14:34:09;;;;;Sikora Lab;;0;00/00/00;00:00:00;;;1;Cells;3;10/5/2017;;In Storage;;Sikora LN2 #1;LN2 Canes;SQZ100301A;;DMR;0;4;I;2;9;;0;100301;;;;;;;Validated overexpression of WNT3A (DMR005), PLX304 vector, CMV promoter w/ stop codon = no V5 tag, selection = Blasticidin
HT1080+WNT3A;9/26/2017;drao;DMR005;100057;SQZ100057;;;2;2;3;;10/5/2017;14:34:09;;;;;Sikora Lab;;0;00/00/00;00:00:00;;;2;Cells;3;10/5/2017;;In Storage;;Sikora LN2 #1;LN2 Canes;SQZ100302A;;DMR;0;4;I;3;1;;0;100302;;;;;;;Validated overexpression of WNT3A (DMR005), PLX304 vector, CMV promoter w/ stop codon = no V5 tag, selection = Blasticidin
HT1080-A11+WNT4;9/26/2017;drao;DMR005;100058;SQZ100058;;;2;2;3;;10/5/2017;14:35:37;;;;;Sikora Lab;;0;00/00/00;00:00:00;;;1;Cells;3;10/5/2017;;In Storage;;Sikora LN2 #1;LN2 Canes;SQZ100303A;;DMR;0;4;I;3;2;;0;100303;;;;;;;Validated overexpression of WNT4 (DMR005), PLX304 vector, CMV promoter w/ stop codon = no V5 tag, selection = Blasticidin For publication (Rao et al, 2018), these cells are reffered to as PKO (PORCN knock-out). We recieved two cell lines from the Virshup lab that have PORCN knocked out, A11 and C10. A11 were used as they had the least amount of autonomous WNT activity (as measured by DVL2/3).
HT1080-A11+WNT4;9/26/2017;drao;DMR005;100058;SQZ100058;;;2;2;3;;10/5/2017;14:35:37;;;;;Sikora Lab;;0;00/00/00;00:00:00;;;2;Cells;3;10/5/2017;;In Storage;;Sikora LN2 #1;LN2 Canes;SQZ100304A;;DMR;0;4;I;3;3;;0;100304;;;;;;;Validated overexpression of WNT4 (DMR005), PLX304 vector, CMV promoter w/ stop codon = no V5 tag, selection = Blasticidin For publication (Rao et al, 2018), these cells are reffered to as PKO (PORCN knock-out). We recieved two cell lines from the Virshup lab that have PORCN knocked out, A11 and C10. A11 were used as they had the least amount of autonomous WNT activity (as measured by DVL2/3).
HT1080-A11-WNT3A;9/26/2017;drao;DMR005;100059;SQZ100059;;;2;2;3;;10/5/2017;14:36:39;;;;;Sikora Lab;;0;00/00/00;00:00:00;;;1;Cells;3;10/5/2017;;In Storage;;Sikora LN2 #1;LN2 Canes;SQZ100305A;;DMR;0;4;I;3;4;;0;100305;;;;;;;Validated overexpression of WNT3A (DMR005), PLX304 vector, CMV promoter w/ stop codon = no V5 tag, selection maker = Blasticidin For publication (Rao et al, 2018), these cells are reffered to as PKO (PORCN knock-out). We recieved two cell lines from the Virshup lab that have PORCN knocked out, A11 and C10. A11 were used as they had the least amount of autonomous WNT activity (as measured by DVL2/3).
HT1080-A11-WNT3A;9/26/2017;drao;DMR005;100059;SQZ100059;;;2;2;3;;10/5/2017;14:36:39;;;;;Sikora Lab;;0;00/00/00;00:00:00;;;2;Cells;3;10/5/2017;;In Storage;;Sikora LN2 #1;LN2 Canes;SQZ100306A;;DMR;0;4;I;3;5;;0;100306;;;;;;;Validated overexpression of WNT3A (DMR005), PLX304 vector, CMV promoter w/ stop codon = no V5 tag, selection maker = Blasticidin For publication (Rao et al, 2018), these cells are reffered to as PKO (PORCN knock-out). We recieved two cell lines from the Virshup lab that have PORCN knocked out, A11 and C10. A11 were used as they had the least amount of autonomous WNT activity (as measured by DVL2/3).
HCC1428;10/5/2017;drao;;100060;SQZ100060;;;18;9;17;;10/6/2017;08:54:36;;;;;UPMC/MJS;;0;5/31/2018;11:20:05;;;1;Cells;17;10/6/2017;;Used;;;;SQZ100307A;;RF;0;;;;;;0;100307;;;;;;;Fibrosarcoma cell line, high expression of WNT4, brought from Pittsburgh by Dr. Sikora
HCC1428;10/5/2017;drao;;100060;SQZ100060;;;18;9;17;;10/6/2017;08:54:36;;;;;UPMC/MJS;;0;4/11/2019;16:02:16;;;2;Cells;17;10/6/2017;;Used;;;;SQZ100308A;;RF;0;;;;;;0;100308;;;;;;;Fibrosarcoma cell line, high expression of WNT4, brought from Pittsburgh by Dr. Sikora
HCC1428;10/5/2017;drao;;100060;SQZ100060;;;18;9;17;;10/6/2017;08:54:36;;;;;UPMC/MJS;;0;00/00/00;00:00:00;;;3;Cells;17;10/6/2017;;In Storage;;Sikora LN2 #1;LN2 Canes;SQZ100309A;;RF;0;4;I;3;8;;0;100309;;;;;;;Fibrosarcoma cell line, high expression of WNT4, brought from Pittsburgh by Dr. Sikora
HCC1428;10/5/2017;drao;;100060;SQZ100060;;;18;9;17;;10/6/2017;08:54:36;;;;;UPMC/MJS;;0;5/14/2019;15:15:56;;Checked out by EKB on 04/11/19 for growup and freezeback;4;Cells;17;10/6/2017;;Used;;;;SQZ100310A;;RF;0;;;;;;0;100310;;;;;;;Fibrosarcoma cell line, high expression of WNT4, brought from Pittsburgh by Dr. Sikora
HCC1428;10/5/2017;drao;;100060;SQZ100060;;;18;9;17;;10/6/2017;08:54:36;;;;;UPMC/MJS;;0;4/11/2019;16:02:45;;Checked out by EKB;5;Cells;17;10/6/2017;;Used;;;;SQZ100311A;;RF;0;;;;;;0;100311;;;;;;;Fibrosarcoma cell line, high expression of WNT4, brought from Pittsburgh by Dr. Sikora
HCC1428;10/5/2017;drao;;100060;SQZ100060;;;18;9;17;;10/6/2017;08:54:36;;;;;UPMC/MJS;;0;3/18/2019;14:56:57;;Checked out by EB on 11-5-18.;6;Cells;17;10/6/2017;;Used;;;;SQZ100312A;;RF;0;;;;;;0;100312;;;;;;;Fibrosarcoma cell line, high expression of WNT4, brought from Pittsburgh by Dr. Sikora
HCC1428;10/5/2017;drao;;100060;SQZ100060;;;18;9;17;;10/6/2017;08:54:36;;;;;UPMC/MJS;;0;11/5/2018;13:43:30;;Checked out by EKB on 11.01.18. ***Cells did not thaw well***;7;Cells;17;10/6/2017;;Used;;;;SQZ100313A;;RF;0;;;;;;0;100313;;;;;;;Fibrosarcoma cell line, high expression of WNT4, brought from Pittsburgh by Dr. Sikora
HCC1428;10/5/2017;drao;;100060;SQZ100060;;;18;9;17;;10/6/2017;08:54:36;;;;;UPMC/MJS;;0;11/1/2018;16:07:30;;Checked out by RF on 10-22-18.;8;Cells;17;10/6/2017;;Used;;;;SQZ100314A;;RF;0;;;;;;0;100314;;;;;;;Fibrosarcoma cell line, high expression of WNT4, brought from Pittsburgh by Dr. Sikora
HCC1428;10/5/2017;drao;;100060;SQZ100060;;;18;9;17;;10/6/2017;08:54:36;;;;;UPMC/MJS;;0;10/22/2018;08:34:17;;Checked out by RF on 9-10-18.;9;Cells;17;10/6/2017;;Used;;;;SQZ100315A;;RF;0;;;;;;0;100315;;;;;;;Fibrosarcoma cell line, high expression of WNT4, brought from Pittsburgh by Dr. Sikora
HCC1428;10/5/2017;drao;;100060;SQZ100060;;;18;9;17;;10/6/2017;08:54:36;;;;;UPMC/MJS;;0;10/22/2018;08:33:54;;Checked out by DMR on 6/4/18.;10;Cells;17;10/6/2017;;Used;;;;SQZ100316A;;RF;0;;;;;;0;100316;;;;;;;Fibrosarcoma cell line, high expression of WNT4, brought from Pittsburgh by Dr. Sikora
HT1080 A11;10/11/2017;drao;;100061;SQZ100061;;;6;6;22;;10/17/2017;09:06:24;;;;;Virshup/Singapore;;0;00/00/00;00:00:00;;;1;Cells;22;10/17/2017;;In Storage;;Sikora LN2 #1;LN2 Canes;SQZ100317A;;RF;0;4;I;4;7;;0;100317;;;;;;;For publication (Rao et al, 2018), these cells are reffered to as PKO (PORCN knock-out). We recieved two cell lines from the Virshup lab that have PORCN knocked out, A11 and C10. A11 were used as they had the least amount of autonomous WNT activity (as measured by DVL2/3).
HT1080 A11;10/11/2017;drao;;100061;SQZ100061;;;6;6;22;;10/17/2017;09:06:24;;;;;Virshup/Singapore;;0;00/00/00;00:00:00;;;2;Cells;22;10/17/2017;;In Storage;;Sikora LN2 #1;LN2 Canes;SQZ100318A;;RF;0;4;I;4;8;;0;100318;;;;;;;For publication (Rao et al, 2018), these cells are reffered to as PKO (PORCN knock-out). We recieved two cell lines from the Virshup lab that have PORCN knocked out, A11 and C10. A11 were used as they had the least amount of autonomous WNT activity (as measured by DVL2/3).
HT1080 A11;10/11/2017;drao;;100061;SQZ100061;;;6;6;22;;10/17/2017;09:06:24;;;;;Virshup/Singapore;;0;00/00/00;00:00:00;;;3;Cells;22;10/17/2017;;In Storage;;Sikora LN2 #1;LN2 Canes;SQZ100319A;;RF;0;4;I;4;9;;0;100319;;;;;;;For publication (Rao et al, 2018), these cells are reffered to as PKO (PORCN knock-out). We recieved two cell lines from the Virshup lab that have PORCN knocked out, A11 and C10. A11 were used as they had the least amount of autonomous WNT activity (as measured by DVL2/3).
HT1080 A11;10/11/2017;drao;;100061;SQZ100061;;;6;6;22;;10/17/2017;09:06:24;;;;;Virshup/Singapore;;0;00/00/00;00:00:00;;;4;Cells;22;10/17/2017;;In Storage;;Sikora LN2 #1;LN2 Canes;SQZ100320A;;RF;0;4;I;5;1;;0;100320;;;;;;;For publication (Rao et al, 2018), these cells are reffered to as PKO (PORCN knock-out). We recieved two cell lines from the Virshup lab that have PORCN knocked out, A11 and C10. A11 were used as they had the least amount of autonomous WNT activity (as measured by DVL2/3).
HT1080 A11;10/11/2017;drao;;100061;SQZ100061;;;6;6;22;;10/17/2017;09:06:24;;;;;Virshup/Singapore;;0;00/00/00;00:00:00;;;5;Cells;22;10/17/2017;;In Storage;;Sikora LN2 #1;LN2 Canes;SQZ100321A;;RF;0;4;I;5;2;;0;100321;;;;;;;For publication (Rao et al, 2018), these cells are reffered to as PKO (PORCN knock-out). We recieved two cell lines from the Virshup lab that have PORCN knocked out, A11 and C10. A11 were used as they had the least amount of autonomous WNT activity (as measured by DVL2/3).
HT1080 A11;10/11/2017;drao;;100061;SQZ100061;;;6;6;22;;10/17/2017;09:06:24;;;;;Virshup/Singapore;;0;00/00/00;00:00:00;;;6;Cells;22;10/17/2017;;In Storage;;Sikora LN2 #1;LN2 Canes;SQZ100322A;;RF;0;4;I;5;3;;0;100322;;;;;;;For publication (Rao et al, 2018), these cells are reffered to as PKO (PORCN knock-out). We recieved two cell lines from the Virshup lab that have PORCN knocked out, A11 and C10. A11 were used as they had the least amount of autonomous WNT activity (as measured by DVL2/3).
HT1080+WNT4;10/11/2017;drao;;100062;SQZ100062;;;6;6;7;;10/17/2017;09:09:59;;;;;Sikora Lab;;0;00/00/00;00:00:00;;;1;Cells;7;10/17/2017;;In Storage;;Sikora LN2 #1;LN2 Canes;SQZ100323A;;RF;0;4;I;5;4;;0;100323;;;;;;;Stable HT1080 cell lines expressing WNT4. From DMR-005.
HT1080+WNT4;10/11/2017;drao;;100062;SQZ100062;;;6;6;7;;10/17/2017;09:09:59;;;;;Sikora Lab;;0;00/00/00;00:00:00;;;2;Cells;7;10/17/2017;;In Storage;;Sikora LN2 #1;LN2 Canes;SQZ100324A;;RF;0;4;I;5;5;;0;100324;;;;;;;Stable HT1080 cell lines expressing WNT4. From DMR-005.
HT1080+WNT4;10/11/2017;drao;;100062;SQZ100062;;;6;6;7;;10/17/2017;09:09:59;;;;;Sikora Lab;;0;00/00/00;00:00:00;;;3;Cells;7;10/17/2017;;In Storage;;Sikora LN2 #1;LN2 Canes;SQZ100325A;;RF;0;4;I;5;6;;0;100325;;;;;;;Stable HT1080 cell lines expressing WNT4. From DMR-005.
HT1080+WNT4;10/11/2017;drao;;100062;SQZ100062;;;6;6;7;;10/17/2017;09:09:59;;;;;Sikora Lab;;0;00/00/00;00:00:00;;;4;Cells;7;10/17/2017;;In Storage;;Sikora LN2 #1;LN2 Canes;SQZ100326A;;RF;0;4;I;5;7;;0;100326;;;;;;;Stable HT1080 cell lines expressing WNT4. From DMR-005.
HT1080+WNT4;10/11/2017;drao;;100062;SQZ100062;;;6;6;7;;10/17/2017;09:09:59;;;;;Sikora Lab;;0;00/00/00;00:00:00;;;5;Cells;7;10/17/2017;;In Storage;;Sikora LN2 #1;LN2 Canes;SQZ100327A;;RF;0;4;I;5;8;;0;100327;;;;;;;Stable HT1080 cell lines expressing WNT4. From DMR-005.
HT1080+WNT4;10/11/2017;drao;;100062;SQZ100062;;;6;6;7;;10/17/2017;09:09:59;;;;;Sikora Lab;;0;00/00/00;00:00:00;;;6;Cells;7;10/17/2017;;In Storage;;Sikora LN2 #1;LN2 Canes;SQZ100328A;;RF;0;4;I;5;9;;0;100328;;;;;;;Stable HT1080 cell lines expressing WNT4. From DMR-005.
HT1080+WNT3A;10/11/2017;drao;;100063;SQZ100063;;;6;6;7;;10/17/2017;09:11:20;;;;;Sikora Lab;;0;00/00/00;00:00:00;;;1;Cells;7;10/17/2017;;In Storage;;Sikora LN2 #1;LN2 Canes;SQZ100329A;;RF;0;4;I;6;1;;0;100329;;;;;;;Stable HT1080 cell line expressing WNT3A. From DMR-005.
HT1080+WNT3A;10/11/2017;drao;;100063;SQZ100063;;;6;6;7;;10/17/2017;09:11:20;;;;;Sikora Lab;;0;00/00/00;00:00:00;;;2;Cells;7;10/17/2017;;In Storage;;Sikora LN2 #1;LN2 Canes;SQZ100330A;;RF;0;4;I;6;2;;0;100330;;;;;;;Stable HT1080 cell line expressing WNT3A. From DMR-005.
HT1080+WNT3A;10/11/2017;drao;;100063;SQZ100063;;;6;6;7;;10/17/2017;09:11:20;;;;;Sikora Lab;;0;00/00/00;00:00:00;;;3;Cells;7;10/17/2017;;In Storage;;Sikora LN2 #1;LN2 Canes;SQZ100331A;;RF;0;4;I;6;3;;0;100331;;;;;;;Stable HT1080 cell line expressing WNT3A. From DMR-005.
HT1080+WNT3A;10/11/2017;drao;;100063;SQZ100063;;;6;6;7;;10/17/2017;09:11:20;;;;;Sikora Lab;;0;00/00/00;00:00:00;;;4;Cells;7;10/17/2017;;In Storage;;Sikora LN2 #1;LN2 Canes;SQZ100332A;;RF;0;4;I;6;4;;0;100332;;;;;;;Stable HT1080 cell line expressing WNT3A. From DMR-005.
HT1080+WNT3A;10/11/2017;drao;;100063;SQZ100063;;;6;6;7;;10/17/2017;09:11:20;;;;;Sikora Lab;;0;00/00/00;00:00:00;;;5;Cells;7;10/17/2017;;In Storage;;Sikora LN2 #1;LN2 Canes;SQZ100333A;;RF;0;4;I;6;5;;0;100333;;;;;;;Stable HT1080 cell line expressing WNT3A. From DMR-005.
HT1080+WNT3A;10/11/2017;drao;;100063;SQZ100063;;;6;6;7;;10/17/2017;09:11:20;;;;;Sikora Lab;;0;00/00/00;00:00:00;;;6;Cells;7;10/17/2017;;In Storage;;Sikora LN2 #1;LN2 Canes;SQZ100334A;;RF;0;4;I;6;6;;0;100334;;;;;;;Stable HT1080 cell line expressing WNT3A. From DMR-005.
HT1080-A11+WNT4;10/11/2017;drao;;100064;SQZ100064;;;6;5;7;;10/17/2017;09:12:58;;;;;Sikora Lab;;0;00/00/00;00:00:00;;;1;Cells;7;10/17/2017;;In Storage;;Sikora LN2 #1;LN2 Canes;SQZ100335A;;RF;0;4;I;6;7;;0;100335;;;;;;;Stable HT1080-A11 (PORCN KO) cell line expressing WNT4. From DMR-005. For publication (Rao et al, 2018), these cells are reffered to as PKO (PORCN knock-out). We recieved two cell lines from the Virshup lab that have PORCN knocked out, A11 and C10. A11 were used as they had the least amount of autonomous WNT activity (as measured by DVL2/3).
HT1080-A11+WNT4;10/11/2017;drao;;100064;SQZ100064;;;6;5;7;;10/17/2017;09:12:58;;;;;Sikora Lab;;0;00/00/00;00:00:00;;;2;Cells;7;10/17/2017;;In Storage;;Sikora LN2 #1;LN2 Canes;SQZ100336A;;RF;0;4;I;6;8;;0;100336;;;;;;;Stable HT1080-A11 (PORCN KO) cell line expressing WNT4. From DMR-005. For publication (Rao et al, 2018), these cells are reffered to as PKO (PORCN knock-out). We recieved two cell lines from the Virshup lab that have PORCN knocked out, A11 and C10. A11 were used as they had the least amount of autonomous WNT activity (as measured by DVL2/3).
HT1080-A11+WNT4;10/11/2017;drao;;100064;SQZ100064;;;6;5;7;;10/17/2017;09:12:58;;;;;Sikora Lab;;0;00/00/00;00:00:00;;;3;Cells;7;10/17/2017;;In Storage;;Sikora LN2 #1;LN2 Canes;SQZ100337A;;RF;0;4;I;6;9;;0;100337;;;;;;;Stable HT1080-A11 (PORCN KO) cell line expressing WNT4. From DMR-005. For publication (Rao et al, 2018), these cells are reffered to as PKO (PORCN knock-out). We recieved two cell lines from the Virshup lab that have PORCN knocked out, A11 and C10. A11 were used as they had the least amount of autonomous WNT activity (as measured by DVL2/3).
HT1080-A11+WNT4;10/11/2017;drao;;100064;SQZ100064;;;6;5;7;;10/17/2017;09:12:58;;;;;Sikora Lab;;0;4/11/2019;16:03:44;;;4;Cells;7;10/17/2017;;Used;;;;SQZ100338A;;RF;0;;;;;;0;100338;;;;;;;Stable HT1080-A11 (PORCN KO) cell line expressing WNT4. From DMR-005. For publication (Rao et al, 2018), these cells are reffered to as PKO (PORCN knock-out). We recieved two cell lines from the Virshup lab that have PORCN knocked out, A11 and C10. A11 were used as they had the least amount of autonomous WNT activity (as measured by DVL2/3).
HT1080-A11+WNT4;10/11/2017;drao;;100064;SQZ100064;;;6;5;7;;10/17/2017;09:12:58;;;;;Sikora Lab;;0;00/00/00;00:00:00;;;5;Cells;7;10/17/2017;;In Storage;;Sikora LN2 #1;LN2 Canes;SQZ100339A;;RF;0;4;I;7;2;;0;100339;;;;;;;Stable HT1080-A11 (PORCN KO) cell line expressing WNT4. From DMR-005. For publication (Rao et al, 2018), these cells are reffered to as PKO (PORCN knock-out). We recieved two cell lines from the Virshup lab that have PORCN knocked out, A11 and C10. A11 were used as they had the least amount of autonomous WNT activity (as measured by DVL2/3).
HT1080-A11+WNT4;10/11/2017;drao;;100064;SQZ100064;;;6;5;7;;10/17/2017;09:12:58;;;;;Sikora Lab;;0;00/00/00;00:00:00;;;6;Cells;7;10/17/2017;;In Storage;;Sikora LN2 #1;LN2 Canes;SQZ100340A;;RF;0;4;I;7;3;;0;100340;;;;;;;Stable HT1080-A11 (PORCN KO) cell line expressing WNT4. From DMR-005. For publication (Rao et al, 2018), these cells are reffered to as PKO (PORCN knock-out). We recieved two cell lines from the Virshup lab that have PORCN knocked out, A11 and C10. A11 were used as they had the least amount of autonomous WNT activity (as measured by DVL2/3).
HT1080-A11-WNT3A;10/11/2017;drao;;100065;SQZ100065;;;6;6;7;;10/17/2017;09:14:08;;;;;Sikora Lab;;0;00/00/00;00:00:00;;;1;Cells;7;10/17/2017;;In Storage;;Sikora LN2 #1;LN2 Canes;SQZ100341A;;RF;0;4;I;7;4;;0;100341;;;;;;;HT1080 A11 (PORCN KO) stable cell line expressing WNT3A. From DMR-005. For publication (Rao et al, 2018), these cells are reffered to as PKO (PORCN knock-out). We recieved two cell lines from the Virshup lab that have PORCN knocked out, A11 and C10. A11 were used as they had the least amount of autonomous WNT activity (as measured by DVL2/3).
HT1080-A11-WNT3A;10/11/2017;drao;;100065;SQZ100065;;;6;6;7;;10/17/2017;09:14:08;;;;;Sikora Lab;;0;00/00/00;00:00:00;;;2;Cells;7;10/17/2017;;In Storage;;Sikora LN2 #1;LN2 Canes;SQZ100342A;;RF;0;4;I;7;5;;0;100342;;;;;;;HT1080 A11 (PORCN KO) stable cell line expressing WNT3A. From DMR-005. For publication (Rao et al, 2018), these cells are reffered to as PKO (PORCN knock-out). We recieved two cell lines from the Virshup lab that have PORCN knocked out, A11 and C10. A11 were used as they had the least amount of autonomous WNT activity (as measured by DVL2/3).
HT1080-A11-WNT3A;10/11/2017;drao;;100065;SQZ100065;;;6;6;7;;10/17/2017;09:14:08;;;;;Sikora Lab;;0;00/00/00;00:00:00;;;3;Cells;7;10/17/2017;;In Storage;;Sikora LN2 #1;LN2 Canes;SQZ100343A;;RF;0;4;I;7;6;;0;100343;;;;;;;HT1080 A11 (PORCN KO) stable cell line expressing WNT3A. From DMR-005. For publication (Rao et al, 2018), these cells are reffered to as PKO (PORCN knock-out). We recieved two cell lines from the Virshup lab that have PORCN knocked out, A11 and C10. A11 were used as they had the least amount of autonomous WNT activity (as measured by DVL2/3).
HT1080-A11-WNT3A;10/11/2017;drao;;100065;SQZ100065;;;6;6;7;;10/17/2017;09:14:08;;;;;Sikora Lab;;0;00/00/00;00:00:00;;;4;Cells;7;10/17/2017;;In Storage;;Sikora LN2 #1;LN2 Canes;SQZ100344A;;RF;0;4;I;7;7;;0;100344;;;;;;;HT1080 A11 (PORCN KO) stable cell line expressing WNT3A. From DMR-005. For publication (Rao et al, 2018), these cells are reffered to as PKO (PORCN knock-out). We recieved two cell lines from the Virshup lab that have PORCN knocked out, A11 and C10. A11 were used as they had the least amount of autonomous WNT activity (as measured by DVL2/3).
HT1080-A11-WNT3A;10/11/2017;drao;;100065;SQZ100065;;;6;6;7;;10/17/2017;09:14:08;;;;;Sikora Lab;;0;00/00/00;00:00:00;;;5;Cells;7;10/17/2017;;In Storage;;Sikora LN2 #1;LN2 Canes;SQZ100345A;;RF;0;4;I;7;8;;0;100345;;;;;;;HT1080 A11 (PORCN KO) stable cell line expressing WNT3A. From DMR-005. For publication (Rao et al, 2018), these cells are reffered to as PKO (PORCN knock-out). We recieved two cell lines from the Virshup lab that have PORCN knocked out, A11 and C10. A11 were used as they had the least amount of autonomous WNT activity (as measured by DVL2/3).
HT1080-A11-WNT3A;10/11/2017;drao;;100065;SQZ100065;;;6;6;7;;10/17/2017;09:14:08;;;;;Sikora Lab;;0;00/00/00;00:00:00;;;6;Cells;7;10/17/2017;;In Storage;;Sikora LN2 #1;LN2 Canes;SQZ100346A;;RF;0;4;I;7;9;;0;100346;;;;;;;HT1080 A11 (PORCN KO) stable cell line expressing WNT3A. From DMR-005. For publication (Rao et al, 2018), these cells are reffered to as PKO (PORCN knock-out). We recieved two cell lines from the Virshup lab that have PORCN knocked out, A11 and C10. A11 were used as they had the least amount of autonomous WNT activity (as measured by DVL2/3).
MCF-7 AM-1;10/27/2017;drao;;100066;SQZ100066;;;3;2;48;;11/14/2017;09:41:45;;;;;Sikora Lab;;0;00/00/00;00:00:00;;;1;Cells;48;11/14/2017;;In Storage;;Sikora LN2 #1;LN2 Canes;SQZ100347A;;RMY;0;4;I;8;1;;0;100347;;;;;;;RF and RMY created MCF-7 cell lines that express various forms of EREs from plasmids obatined from Active Motif (AM).
MCF-7 AM-1;10/27/2017;drao;;100066;SQZ100066;;;3;2;48;;11/14/2017;09:41:45;;;;;Sikora Lab;;0;00/00/00;00:00:00;;;2;Cells;48;11/14/2017;;In Storage;;Sikora LN2 #1;LN2 Canes;SQZ100348A;;RMY;0;4;I;8;2;;0;100348;;;;;;;RF and RMY created MCF-7 cell lines that express various forms of EREs from plasmids obatined from Active Motif (AM).
MCF-7 AM-1;10/27/2017;drao;;100066;SQZ100066;;;3;2;48;;11/14/2017;09:41:45;;;;;Sikora Lab;;0;1/2/2018;00:00:00;;Thawed by RF to check viability. Cells were fine and an aliquote was frozen to replace it (11/16/17 P49).;3;Cells;48;11/14/2017;;Checked Out;;;;SQZ100349A;;RMY;0;;;;;;0;100349;;;;;;;RF and RMY created MCF-7 cell lines that express various forms of EREs from plasmids obatined from Active Motif (AM).
MCF-7 AM-4;10/27/2017;drao;;100067;SQZ100067;;;3;3;48;;11/14/2017;09:43:18;;;;;Sikora Lab;;0;00/00/00;00:00:00;;;1;Cells;48;11/14/2017;;In Storage;;Sikora LN2 #1;LN2 Canes;SQZ100350A;;RMY;0;4;I;8;4;;0;100350;;;;;;;RF and RMY created MCF-7 cell lines that express various forms of EREs from plasmids obatined from Active Motif (AM).
MCF-7 AM-4;10/27/2017;drao;;100067;SQZ100067;;;3;3;48;;11/14/2017;09:43:18;;;;;Sikora Lab;;0;00/00/00;00:00:00;;;2;Cells;48;11/14/2017;;In Storage;;Sikora LN2 #1;LN2 Canes;SQZ100351A;;RMY;0;4;I;8;5;;0;100351;;;;;;;RF and RMY created MCF-7 cell lines that express various forms of EREs from plasmids obatined from Active Motif (AM).
MCF-7 AM-4;10/27/2017;drao;;100067;SQZ100067;;;3;3;48;;11/14/2017;09:43:18;;;;;Sikora Lab;;0;00/00/00;00:00:00;;;3;Cells;48;11/14/2017;;In Storage;;Sikora LN2 #1;LN2 Canes;SQZ100352A;;RMY;0;4;I;8;6;;0;100352;;;;;;;RF and RMY created MCF-7 cell lines that express various forms of EREs from plasmids obatined from Active Motif (AM).
MCF-7 AM-8;10/27/2017;drao;;100068;SQZ100068;;;3;3;48;;11/14/2017;10:06:15;;;;;Sikora Lab;;0;00/00/00;00:00:00;;;1;Cells;48;11/14/2017;;In Storage;;Sikora LN2 #1;LN2 Canes;SQZ100353A;;RMY;0;4;I;8;7;;0;100353;;;;;;;RF and RMY created MCF-7 cell lines that express various forms of EREs from plasmids obatined from Active Motif (AM).
MCF-7 AM-8;10/27/2017;drao;;100068;SQZ100068;;;3;3;48;;11/14/2017;10:06:15;;;;;Sikora Lab;;0;00/00/00;00:00:00;;;2;Cells;48;11/14/2017;;In Storage;;Sikora LN2 #1;LN2 Canes;SQZ100354A;;RMY;0;4;I;8;8;;0;100354;;;;;;;RF and RMY created MCF-7 cell lines that express various forms of EREs from plasmids obatined from Active Motif (AM).
MCF-7 AM-8;10/27/2017;drao;;100068;SQZ100068;;;3;3;48;;11/14/2017;10:06:15;;;;;Sikora Lab;;0;00/00/00;00:00:00;;;3;Cells;48;11/14/2017;;In Storage;;Sikora LN2 #1;LN2 Canes;SQZ100355A;;RMY;0;4;I;8;9;;0;100355;;;;;;;RF and RMY created MCF-7 cell lines that express various forms of EREs from plasmids obatined from Active Motif (AM).
MCF-7 AM-1;11/6/2017;drao;;100069;SQZ100069;;;3;3;50;;11/14/2017;10:07:20;;;;;Sikora Lab;;0;00/00/00;00:00:00;;;1;Cells;50;11/14/2017;;In Storage;;Sikora LN2 #1;LN2 Canes;SQZ100356A;;RMY;0;4;I;9;1;;0;100356;;;;;;;RF and RMY created MCF-7 cell lines that express various forms of EREs from plasmids obatined from Active Motif (AM).
MCF-7 AM-1;11/6/2017;drao;;100069;SQZ100069;;;3;3;50;;11/14/2017;10:07:20;;;;;Sikora Lab;;0;00/00/00;00:00:00;;;2;Cells;50;11/14/2017;;In Storage;;Sikora LN2 #1;LN2 Canes;SQZ100357A;;RMY;0;4;I;9;2;;0;100357;;;;;;;RF and RMY created MCF-7 cell lines that express various forms of EREs from plasmids obatined from Active Motif (AM).
MCF-7 AM-1;11/6/2017;drao;;100069;SQZ100069;;;3;3;50;;11/14/2017;10:07:20;;;;;Sikora Lab;;0;00/00/00;00:00:00;;;3;Cells;50;11/14/2017;;In Storage;;Sikora LN2 #1;LN2 Canes;SQZ100358A;;RMY;0;4;I;9;3;;0;100358;;;;;;;RF and RMY created MCF-7 cell lines that express various forms of EREs from plasmids obatined from Active Motif (AM).
MCF-7 AM-4;11/6/2017;drao;;100070;SQZ100070;;;3;3;51;;11/14/2017;10:09:22;;;;;Sikora Lab;;0;00/00/00;00:00:00;;;1;Cells;51;11/14/2017;;In Storage;;Sikora LN2 #1;LN2 Canes;SQZ100359A;;RMY;0;4;I;9;4;;0;100359;;;;;;;RF and RMY created MCF-7 cell lines that express various forms of EREs from plasmids obatined from Active Motif (AM).
MCF-7 AM-4;11/6/2017;drao;;100070;SQZ100070;;;3;3;51;;11/14/2017;10:09:22;;;;;Sikora Lab;;0;00/00/00;00:00:00;;;2;Cells;51;11/14/2017;;In Storage;;Sikora LN2 #1;LN2 Canes;SQZ100360A;;RMY;0;4;I;9;5;;0;100360;;;;;;;RF and RMY created MCF-7 cell lines that express various forms of EREs from plasmids obatined from Active Motif (AM).
MCF-7 AM-4;11/6/2017;drao;;100070;SQZ100070;;;3;3;51;;11/14/2017;10:09:22;;;;;Sikora Lab;;0;00/00/00;00:00:00;;;3;Cells;51;11/14/2017;;In Storage;;Sikora LN2 #1;LN2 Canes;SQZ100361A;;RMY;0;4;I;9;6;;0;100361;;;;;;;RF and RMY created MCF-7 cell lines that express various forms of EREs from plasmids obatined from Active Motif (AM).
MCF-7 AM-8;11/6/2017;drao;;100071;SQZ100071;;;3;3;50;;11/14/2017;10:10:01;;;;;Sikora Lab;;0;00/00/00;00:00:00;;;1;Cells;50;11/14/2017;;In Storage;;Sikora LN2 #1;LN2 Canes;SQZ100362A;;RMY;0;4;I;9;7;;0;100362;;;;;;;RF and RMY created MCF-7 cell lines that express various forms of EREs from plasmids obatined from Active Motif (AM).
MCF-7 AM-8;11/6/2017;drao;;100071;SQZ100071;;;3;3;50;;11/14/2017;10:10:01;;;;;Sikora Lab;;0;00/00/00;00:00:00;;;2;Cells;50;11/14/2017;;In Storage;;Sikora LN2 #1;LN2 Canes;SQZ100363A;;RMY;0;4;I;9;8;;0;100363;;;;;;;RF and RMY created MCF-7 cell lines that express various forms of EREs from plasmids obatined from Active Motif (AM).
MCF-7 AM-8;11/6/2017;drao;;100071;SQZ100071;;;3;3;50;;11/14/2017;10:10:01;;;;;Sikora Lab;;0;00/00/00;00:00:00;;;3;Cells;50;11/14/2017;;In Storage;;Sikora LN2 #1;LN2 Canes;SQZ100364A;;RMY;0;4;I;9;9;;0;100364;;;;;;;RF and RMY created MCF-7 cell lines that express various forms of EREs from plasmids obatined from Active Motif (AM).
MDA MB 330 (MM330);4/11/2017;admin;;100037;SQZ100037;Matt Sikora;;10;7;p+5;;4/12/2017;15:33:09;;;;;ATCC;;0;4/29/2019;17:51:18;;Thawed by EKB on 03/28/19;6;Cells;p+7;12/22/2017;;Used;;;;SQZ100365A;;Matt;100201;;;;;;0;100365;;;;;;;Obtained directly from ATCC (no passage number assigned).
MDA MB 330 (MM330);4/11/2017;admin;;100037;SQZ100037;Matt Sikora;;10;7;p+5;;4/12/2017;15:33:09;;;;;ATCC;;0;00/00/00;00:00:00;;;7;Cells;p+7;12/22/2017;;In Storage;;Sikora LN2 #1;LN2 Canes;SQZ100366A;;Matt;100201;4;J;1;2;;0;100366;;;;;;;Obtained directly from ATCC (no passage number assigned).
MDA MB 330 (MM330);4/11/2017;admin;;100037;SQZ100037;Matt Sikora;;10;7;p+5;;4/12/2017;15:33:09;;;;;ATCC;;0;00/00/00;00:00:00;;;8;Cells;p+7;12/22/2017;;In Storage;;Sikora LN2 #1;LN2 Canes;SQZ100367A;;Matt;100201;4;J;1;3;;0;100367;;;;;;;Obtained directly from ATCC (no passage number assigned).
MDA MB 330 (MM330);4/11/2017;admin;;100037;SQZ100037;Matt Sikora;;10;7;p+5;;4/12/2017;15:33:09;;;;;ATCC;;0;00/00/00;00:00:00;;;9;Cells;p+7;12/22/2017;;In Storage;;Sikora LN2 #1;LN2 Canes;SQZ100368A;;Matt;100201;4;J;1;4;;0;100368;;;;;;;Obtained directly from ATCC (no passage number assigned).
T47D;12/19/2017;admin;;100072;SQZ100072;Matt Sikora;;8;4;p+7;;12/22/2017;09:40:58;;;;;ATCC;;0;00/00/00;00:00:00;;;1;Cells;p+7;12/22/2017;;In Storage;;Sikora LN2 #1;LN2 Canes;SQZ100369A;;Matt;0;4;J;1;5;;0;100369;;;;;;;Obtain from Sartorius Lab (freeze from Lynsey Fettig), who got from Jacobsen/ATCC.
T47D;12/19/2017;admin;;100072;SQZ100072;Matt Sikora;;8;4;p+7;;12/22/2017;09:40:58;;;;;ATCC;;0;7/20/2022;18:13:26;;Checked out by MTS 7.20.22;2;Cells;p+7;12/22/2017;;Checked Out;;Sikora LN2 #1;LN2 Canes;SQZ100370A;;Matt;0;4;J;1;6;;0;100370;;;;;;;Obtain from Sartorius Lab (freeze from Lynsey Fettig), who got from Jacobsen/ATCC.
T47D;12/19/2017;admin;;100072;SQZ100072;Matt Sikora;;8;4;p+7;;12/22/2017;09:40:58;;;;;ATCC;;0;00/00/00;00:00:00;;;3;Cells;p+7;12/22/2017;;In Storage;;Sikora LN2 #1;LN2 Canes;SQZ100371A;;Matt;0;4;J;1;7;;0;100371;;;;;;;Obtain from Sartorius Lab (freeze from Lynsey Fettig), who got from Jacobsen/ATCC.
T47D;12/19/2017;admin;;100072;SQZ100072;Matt Sikora;;8;4;p+7;;12/22/2017;09:40:58;;;;;ATCC;;0;00/00/00;00:00:00;;;4;Cells;p+7;12/22/2017;;In Storage;;Sikora LN2 #1;LN2 Canes;SQZ100372A;;Matt;0;4;J;1;8;;0;100372;;;;;;;Obtain from Sartorius Lab (freeze from Lynsey Fettig), who got from Jacobsen/ATCC.
T47D;12/19/2017;admin;;100072;SQZ100072;Matt Sikora;;8;4;p+7;;12/22/2017;09:40:58;;;;;ATCC;;0;8/1/2019;15:36:57;;Thawed by EKB on 5/10/19;5;Cells;p+7;12/22/2017;;Used;;;;SQZ100373A;;Matt;0;;;;;;0;100373;;;;;;;Obtain from Sartorius Lab (freeze from Lynsey Fettig), who got from Jacobsen/ATCC.
T47D;12/19/2017;admin;;100072;SQZ100072;Matt Sikora;;8;4;p+7;;12/22/2017;09:40:58;;;;;ATCC;;0;3/18/2019;14:57:21;;Checked out by RF on 1-2-19.;7;Cells;p+7;12/22/2017;;Used;;;;SQZ100375A;;Matt;0;;;;;;0;100375;;;;;;;Obtain from Sartorius Lab (freeze from Lynsey Fettig), who got from Jacobsen/ATCC.
T47D;12/19/2017;admin;;100072;SQZ100072;Matt Sikora;;8;4;p+7;;12/22/2017;09:40:58;;;;;ATCC;;0;5/31/2018;11:20:29;;;8;Cells;p+7;12/22/2017;;Used;;;;SQZ100376A;;Matt;0;;;;;;0;100376;;;;;;;Obtain from Sartorius Lab (freeze from Lynsey Fettig), who got from Jacobsen/ATCC.
MCF-7 AM-1;11/16/2017;drao;;100073;SQZ100073;;;1;1;49;;1/2/2018;14:36:37;;;;;Sikora Lab;;0;00/00/00;00:00:00;;This aliquote replaces the previous MCF7 AM #1 aliquote that was thawed for cell viability.;1;Cells;49;1/2/2018;;In Storage;;Sikora LN2 #1;LN2 Canes;SQZ100377A;;RF;0;4;I;8;3;;0;100377;;;;;;;RF and RMY created MCF-7 cell lines that express various forms of EREs from plasmids obatined from Active Motif (AM). This aliquote was made from one of the original 3 aliquotes, which was thawed to test cell viability.
MC3T3-E1;12/22/2017;drao;;100074;SQZ100074;;;6;5;18;;1/2/2018;14:42:11;;;;;Owens Lab;;0;00/00/00;00:00:00;;;1;Cells;18;1/2/2018;;In Storage;;Sikora LN2 #1;LN2 Canes;SQZ100378A;;DMR;0;4;J;2;4;;0;100378;;;;;;;MC3T3-E1 is an osteoblastic mouse cell line. It is used to determined alkaline phosphatase activity, which has been shown to increase under the presence of WNT activity. Must be cultured in alpha MEM media w/o ascorbic acid.
MC3T3-E1;12/22/2017;drao;;100074;SQZ100074;;;6;5;18;;1/2/2018;14:42:11;;;;;Owens Lab;;0;00/00/00;00:00:00;;;2;Cells;18;1/2/2018;;In Storage;;Sikora LN2 #1;LN2 Canes;SQZ100379A;;DMR;0;4;J;2;5;;0;100379;;;;;;;MC3T3-E1 is an osteoblastic mouse cell line. It is used to determined alkaline phosphatase activity, which has been shown to increase under the presence of WNT activity. Must be cultured in alpha MEM media w/o ascorbic acid.
MC3T3-E1;12/22/2017;drao;;100074;SQZ100074;;;6;5;18;;1/2/2018;14:42:11;;;;;Owens Lab;;0;00/00/00;00:00:00;;;3;Cells;18;1/2/2018;;In Storage;;Sikora LN2 #1;LN2 Canes;SQZ100380A;;DMR;0;4;J;2;6;;0;100380;;;;;;;MC3T3-E1 is an osteoblastic mouse cell line. It is used to determined alkaline phosphatase activity, which has been shown to increase under the presence of WNT activity. Must be cultured in alpha MEM media w/o ascorbic acid.
MC3T3-E1;12/22/2017;drao;;100074;SQZ100074;;;6;5;18;;1/2/2018;14:42:11;;;;;Owens Lab;;0;00/00/00;00:00:00;;;4;Cells;18;1/2/2018;;In Storage;;Sikora LN2 #1;LN2 Canes;SQZ100381A;;DMR;0;4;J;2;7;;0;100381;;;;;;;MC3T3-E1 is an osteoblastic mouse cell line. It is used to determined alkaline phosphatase activity, which has been shown to increase under the presence of WNT activity. Must be cultured in alpha MEM media w/o ascorbic acid.
MC3T3-E1;12/22/2017;drao;;100074;SQZ100074;;;6;5;18;;1/2/2018;14:42:11;;;;;Owens Lab;;0;00/00/00;00:00:00;;;5;Cells;18;1/2/2018;;In Storage;;Sikora LN2 #1;LN2 Canes;SQZ100382A;;DMR;0;4;J;2;8;;0;100382;;;;;;;MC3T3-E1 is an osteoblastic mouse cell line. It is used to determined alkaline phosphatase activity, which has been shown to increase under the presence of WNT activity. Must be cultured in alpha MEM media w/o ascorbic acid.
MC3T3-E1;12/22/2017;drao;;100074;SQZ100074;;;6;5;18;;1/2/2018;14:42:11;;;;;Owens Lab;;0;5/31/2018;11:20:51;;Check out by DMR on 2-15-18.;6;Cells;18;1/2/2018;;Used;;;;SQZ100383A;;DMR;0;;;;;;0;100383;;;;;;;MC3T3-E1 is an osteoblastic mouse cell line. It is used to determined alkaline phosphatase activity, which has been shown to increase under the presence of WNT activity. Must be cultured in alpha MEM media w/o ascorbic acid.
HT1080;8/8/2017;drao;;100075;SQZ100075;;;6;6;4;;1/3/2018;09:15:20;;;;;ATCC;;0;4/26/2019;09:37:20;;;10;Cells;4;1/3/2018;;In Storage;;Sikora LN2 #1;LN2 Canes;SQZ100384A;;DMR;0;1;C;1;1;;0;100384;;;;;;;
HT1080;8/8/2017;drao;;100075;SQZ100075;;;6;6;4;;1/3/2018;09:15:20;;;;;ATCC;;0;4/26/2019;09:38:15;;;11;Cells;4;1/3/2018;;In Storage;;Sikora LN2 #1;LN2 Canes;SQZ100385A;;DMR;0;1;C;1;2;;0;100385;;;;;;;
HT1080;8/8/2017;drao;;100075;SQZ100075;;;6;6;4;;1/3/2018;09:15:20;;;;;ATCC;;0;4/26/2019;09:38:25;;;12;Cells;4;1/3/2018;;In Storage;;Sikora LN2 #1;LN2 Canes;SQZ100386A;;DMR;0;1;C;1;3;;0;100386;;;;;;;
HT1080;8/8/2017;drao;;100075;SQZ100075;;;6;6;4;;1/3/2018;09:15:20;;;;;ATCC;;0;4/26/2019;09:38:34;;;13;Cells;4;1/3/2018;;In Storage;;Sikora LN2 #1;LN2 Canes;SQZ100387A;;DMR;0;1;C;1;4;;0;100387;;;;;;;
HT1080;8/8/2017;drao;;100075;SQZ100075;;;6;6;4;;1/3/2018;09:15:20;;;;;ATCC;;0;4/26/2019;09:38:43;;;14;Cells;4;1/3/2018;;In Storage;;Sikora LN2 #1;LN2 Canes;SQZ100388A;;DMR;0;1;C;1;5;;0;100388;;;;;;;
HT1080;8/8/2017;drao;;100075;SQZ100075;;;6;6;4;;1/3/2018;09:15:20;;;;;ATCC;;0;4/26/2019;09:38:52;;;15;Cells;4;1/3/2018;;In Storage;;Sikora LN2 #1;LN2 Canes;SQZ100389A;;DMR;0;1;C;1;6;;0;100389;;;;;;;
MDA MB 134VI (MM134);8/8/2017;drao;;100076;SQZ100076;;;12;7;69;;1/3/2018;09:18:00;;;;;Sikora Lab;;0;4/26/2019;09:11:58;;Thawed by DMR on 4-16-19.;1;Cells;69;1/3/2018;;Checked Out;;Sikora LN2 #1;LN2 Canes;SQZ100390A;;DMR;0;1;C;9;3;;0;100390;;;;;;;
MDA MB 134VI (MM134);8/8/2017;drao;;100076;SQZ100076;;;12;7;69;;1/3/2018;09:18:00;;;;;Sikora Lab;;0;4/16/2019;09:13:41;;Checked out by DMR on 4-11-19. COMBINED WITH 1-3 aliquot. *CONTAMINATED AFTER THAW*;2;Cells;69;1/3/2018;;Used;;;;SQZ100391A;;DMR;0;;;;;;0;100391;;;;;;;
MDA MB 134VI (MM134);8/8/2017;drao;;100076;SQZ100076;;;12;7;69;;1/3/2018;09:18:00;;;;;Sikora Lab;;0;4/16/2019;09:13:13;;Thawed by DMR on 4-11-19. *CONTAMINATED AFTER THAW*;3;Cells;69;1/3/2018;;Used;;;;SQZ100392A;;DMR;0;;;;;;0;100392;;;;;;;
MDA MB 134VI (MM134);8/8/2017;drao;;100076;SQZ100076;;;12;7;69;;1/3/2018;09:18:00;;;;;Sikora Lab;;0;3/18/2019;07:22:14;;Thawed by DMR on 2-26-19.;4;Cells;69;1/3/2018;;Used;;;;SQZ100393A;;DMR;0;;;;;;0;100393;;;;;;;
MDA MB 134VI (MM134);8/8/2017;drao;;100076;SQZ100076;;;12;7;69;;1/3/2018;09:18:00;;;;;Sikora Lab;;0;2/25/2019;15:49:21;;Checked out by DMR on 12-11-18.;5;Cells;69;1/3/2018;;Used;;;;SQZ100394A;;DMR;0;;;;;;0;100394;;;;;;;
MDA MB 134VI (MM134);8/8/2017;drao;;100076;SQZ100076;;;12;7;69;;1/3/2018;09:18:00;;;;;Sikora Lab;;0;7/11/2018;10:13:42;;Checked out by DMR on 5/30/18.;6;Cells;69;1/3/2018;;Used;;;;SQZ100395A;;DMR;0;;;;;;0;100395;;;;;;;
HT1080;10/6/2017;drao;;100077;SQZ100077;;;1;1;24;;1/3/2018;11:35:35;;;;;Virshup/Singapore;;0;00/00/00;00:00:00;;;1;Cells;24;1/3/2018;;In Storage;;Sikora LN2 #1;LN2 Canes;SQZ100396A;;RF;0;1;C;1;7;;0;100396;;;;;;;
HT1080 A11;10/6/2017;drao;;100078;SQZ100078;;;2;2;21;;1/3/2018;11:37:19;;;;;Virshup/Singapore;;0;00/00/00;00:00:00;;;1;Cells;21;1/3/2018;;In Storage;;Sikora LN2 #1;LN2 Canes;SQZ100397A;;RF;0;1;C;1;8;;0;100397;;;;;;;For publication (Rao et al, 2018), these cells are reffered to as PKO (PORCN knock-out). We recieved two cell lines from the Virshup lab that have PORCN knocked out, A11 and C10. A11 were used as they had the least amount of autonomous WNT activity (as measured by DVL2/3).
HT1080 A11;10/6/2017;drao;;100078;SQZ100078;;;2;2;21;;1/3/2018;11:37:19;;;;;Virshup/Singapore;;0;00/00/00;00:00:00;;;2;Cells;21;1/3/2018;;In Storage;;Sikora LN2 #1;LN2 Canes;SQZ100398A;;RF;0;1;C;1;9;;0;100398;;;;;;;For publication (Rao et al, 2018), these cells are reffered to as PKO (PORCN knock-out). We recieved two cell lines from the Virshup lab that have PORCN knocked out, A11 and C10. A11 were used as they had the least amount of autonomous WNT activity (as measured by DVL2/3).
HT1080-A11-WNT3A;10/6/2017;drao;;100079;SQZ100079;;;15;8;6;;1/3/2018;11:38:50;;;;;Sikora Lab;;0;1/28/2019;11:15:44;;Thawed by DMR on 1-14-19.;1;Cells;6;1/3/2018;;Checked Out;;;;SQZ100399A;;RF;0;;;;;;0;100399;;;;;;;For publication (Rao et al, 2018), these cells are reffered to as PKO (PORCN knock-out). We recieved two cell lines from the Virshup lab that have PORCN knocked out, A11 and C10. A11 were used as they had the least amount of autonomous WNT activity (as measured by DVL2/3).
HT1080-A11-WNT3A;10/6/2017;drao;;100079;SQZ100079;;;15;8;6;;1/3/2018;11:38:50;;;;;Sikora Lab;;0;2/14/2018;14:19:56;;;2;Cells;6;1/3/2018;;Used;;;;SQZ100400A;;RF;0;;;;;;0;100400;;;;;;;For publication (Rao et al, 2018), these cells are reffered to as PKO (PORCN knock-out). We recieved two cell lines from the Virshup lab that have PORCN knocked out, A11 and C10. A11 were used as they had the least amount of autonomous WNT activity (as measured by DVL2/3).
HT1080-A11+WNT4;10/6/2017;drao;;100080;SQZ100080;;;13;6;6;;1/3/2018;11:39:57;;;;;Sikora Lab;;0;1/28/2019;11:22:04;;Thawed by DMR on 1-14-19.;1;Cells;6;1/3/2018;;Used;;;;SQZ100401A;;RF;0;;;;;;0;100401;;;;;;;For publication (Rao et al, 2018), these cells are reffered to as PKO (PORCN knock-out). We recieved two cell lines from the Virshup lab that have PORCN knocked out, A11 and C10. A11 were used as they had the least amount of autonomous WNT activity (as measured by DVL2/3).
HT1080-A11+WNT4;10/6/2017;drao;;100080;SQZ100080;;;13;6;6;;1/3/2018;11:39:57;;;;;Sikora Lab;;0;2/14/2018;14:22:48;;;2;Cells;6;1/3/2018;;Used;;;;SQZ100402A;;RF;0;;;;;;0;100402;;;;;;;For publication (Rao et al, 2018), these cells are reffered to as PKO (PORCN knock-out). We recieved two cell lines from the Virshup lab that have PORCN knocked out, A11 and C10. A11 were used as they had the least amount of autonomous WNT activity (as measured by DVL2/3).
HT1080+WNT4;10/6/2017;drao;;100081;SQZ100081;;;13;7;6;;1/3/2018;11:41:39;;;;;Sikora Lab;;0;1/28/2019;11:06:33;;Thawed by DMR on 1-14-19.;1;Cells;6;1/3/2018;;Used;;;;SQZ100403A;;RF;0;;;;;;0;100403;;;;;;;
HT1080+WNT4;10/6/2017;drao;;100081;SQZ100081;;;13;7;6;;1/3/2018;11:41:39;;;;;Sikora Lab;;0;2/14/2018;14:24:19;;;2;Cells;6;1/3/2018;;Used;;;;SQZ100404A;;RF;0;;;;;;0;100404;;;;;;;
HT1080+WNT3A;10/6/2017;drao;;100082;SQZ100082;;;13;8;6;;1/3/2018;11:44:08;;;;;Sikora Lab;;0;1/28/2019;11:05:07;;Thawed by DMR on 1-14-19.;1;Cells;6;1/3/2018;;Used;;;;SQZ100405A;;RF;0;;;;;;0;100405;;;;;;;
HT1080+WNT3A;10/6/2017;drao;;100082;SQZ100082;;;13;8;6;;1/3/2018;11:44:08;;;;;Sikora Lab;;0;2/14/2018;14:25:42;;;2;Cells;6;1/3/2018;;Used;;;;SQZ100406A;;RF;0;;;;;;0;100406;;;;;;;
HEK293T;1/30/2017;drao;;100083;SQZ100083;;;38;32;;;1/3/2018;14:25:31;;;;;Dharmacon;;0;9/21/2018;11:36:38;;Checked out by RF.;1;Cells;unknown;1/3/2018;;Used;;;;SQZ100407A;;RF;0;;;;;;0;100407;;;;;;;Purchased from Dharmacon as part of the Trans Lentiviral Packaging Kit. No passage number given.
HEK293T;1/30/2017;drao;;100083;SQZ100083;;;38;32;;;1/3/2018;14:25:31;;;;;Dharmacon;;0;1/2/2019;08:15:52;;Checked out by RF the week of 9-17-18.;2;Cells;unknown;1/3/2018;;Used;;;;SQZ100408A;;RF;0;;;;;;0;100408;;;;;;;Purchased from Dharmacon as part of the Trans Lentiviral Packaging Kit. No passage number given.
HEK293T;1/30/2017;drao;;100083;SQZ100083;;;38;32;;;1/3/2018;14:25:31;;;;;Dharmacon;;0;3/18/2019;14:54:35;;Checked out by RF on 1-2-19.;3;Cells;unknown;1/3/2018;;Used;;;;SQZ100409A;;RF;0;;;;;;0;100409;;;;;;;Purchased from Dharmacon as part of the Trans Lentiviral Packaging Kit. No passage number given.
HEK293T;1/30/2017;drao;;100083;SQZ100083;;;38;32;;;1/3/2018;14:25:31;;;;;Dharmacon;;0;4/11/2019;15:58:22;;;4;Cells;unknown;1/3/2018;;Used;;;;SQZ100410A;;RF;0;;;;;;0;100410;;;;;;;Purchased from Dharmacon as part of the Trans Lentiviral Packaging Kit. No passage number given.
HEK293T;1/30/2017;drao;;100083;SQZ100083;;;38;32;;;1/3/2018;14:25:31;;;;;Dharmacon;;0;6/27/2019;13:48:28;;Checked out by EKB on 06.03.19;5;Cells;unknown;1/3/2018;;Used;;;;SQZ100411A;;RF;0;;;;;;0;100411;;;;;;;Purchased from Dharmacon as part of the Trans Lentiviral Packaging Kit. No passage number given.
HEK293T;1/30/2017;drao;;100083;SQZ100083;;;38;32;;;1/3/2018;14:25:31;;;;;Dharmacon;;0;00/00/00;00:00:00;;;6;Cells;unknown;1/3/2018;;In Storage;;Sikora LN2 #1;LN2 Canes;SQZ100412A;;RF;0;4;E;1;6;;0;100412;;;;;;;Purchased from Dharmacon as part of the Trans Lentiviral Packaging Kit. No passage number given.
HEK293T;1/30/2017;drao;;100083;SQZ100083;;;38;32;;;1/3/2018;14:25:31;;;;;Dharmacon;;0;00/00/00;00:00:00;;;7;Cells;unknown;1/3/2018;;In Storage;;Sikora LN2 #1;LN2 Canes;SQZ100413A;;RF;0;4;E;1;7;;0;100413;;;;;;;Purchased from Dharmacon as part of the Trans Lentiviral Packaging Kit. No passage number given.
HEK293T;1/30/2017;drao;;100083;SQZ100083;;;38;32;;;1/3/2018;14:25:31;;;;;Dharmacon;;0;00/00/00;00:00:00;;;8;Cells;unknown;1/3/2018;;In Storage;;Sikora LN2 #1;LN2 Canes;SQZ100414A;;RF;0;4;E;1;8;;0;100414;;;;;;;Purchased from Dharmacon as part of the Trans Lentiviral Packaging Kit. No passage number given.
HEK293T;1/30/2017;drao;;100083;SQZ100083;;;38;32;;;1/3/2018;14:25:31;;;;;Dharmacon;;0;00/00/00;00:00:00;;;9;Cells;unknown;1/3/2018;;In Storage;;Sikora LN2 #1;LN2 Canes;SQZ100415A;;RF;0;4;E;1;9;;0;100415;;;;;;;Purchased from Dharmacon as part of the Trans Lentiviral Packaging Kit. No passage number given.
HEK293T;1/30/2017;drao;;100083;SQZ100083;;;38;32;;;1/3/2018;14:25:31;;;;;Dharmacon;;0;00/00/00;00:00:00;;;10;Cells;unknown;1/3/2018;;In Storage;;Sikora LN2 #1;LN2 Canes;SQZ100416A;;RF;0;4;E;2;1;;0;100416;;;;;;;Purchased from Dharmacon as part of the Trans Lentiviral Packaging Kit. No passage number given.
HEK293T;1/30/2017;drao;;100083;SQZ100083;;;38;32;;;1/3/2018;14:25:31;;;;;Dharmacon;;0;00/00/00;00:00:00;;;11;Cells;unknown;1/3/2018;;In Storage;;Sikora LN2 #1;LN2 Canes;SQZ100417A;;RF;0;4;E;2;2;;0;100417;;;;;;;Purchased from Dharmacon as part of the Trans Lentiviral Packaging Kit. No passage number given.
HEK293T;1/30/2017;drao;;100083;SQZ100083;;;38;32;;;1/3/2018;14:25:31;;;;;Dharmacon;;0;00/00/00;00:00:00;;;12;Cells;unknown;1/3/2018;;In Storage;;Sikora LN2 #1;LN2 Canes;SQZ100418A;;RF;0;4;E;2;3;;0;100418;;;;;;;Purchased from Dharmacon as part of the Trans Lentiviral Packaging Kit. No passage number given.
HEK293T;1/30/2017;drao;;100083;SQZ100083;;;38;32;;;1/3/2018;14:25:31;;;;;Dharmacon;;0;00/00/00;00:00:00;;;13;Cells;unknown;1/3/2018;;In Storage;;Sikora LN2 #1;LN2 Canes;SQZ100419A;;RF;0;4;E;2;4;;0;100419;;;;;;;Purchased from Dharmacon as part of the Trans Lentiviral Packaging Kit. No passage number given.
HEK293T;1/30/2017;drao;;100083;SQZ100083;;;38;32;;;1/3/2018;14:25:31;;;;;Dharmacon;;0;00/00/00;00:00:00;;;14;Cells;unknown;1/3/2018;;In Storage;;Sikora LN2 #1;LN2 Canes;SQZ100420A;;RF;0;4;E;2;5;;0;100420;;;;;;;Purchased from Dharmacon as part of the Trans Lentiviral Packaging Kit. No passage number given.
HEK293T;1/30/2017;drao;;100083;SQZ100083;;;38;32;;;1/3/2018;14:25:31;;;;;Dharmacon;;0;00/00/00;00:00:00;;;15;Cells;unknown;1/3/2018;;In Storage;;Sikora LN2 #1;LN2 Canes;SQZ100421A;;RF;0;4;E;2;6;;0;100421;;;;;;;Purchased from Dharmacon as part of the Trans Lentiviral Packaging Kit. No passage number given.
HEK293T;1/30/2017;drao;;100083;SQZ100083;;;38;32;;;1/3/2018;14:25:31;;;;;Dharmacon;;0;00/00/00;00:00:00;;;16;Cells;unknown;1/3/2018;;In Storage;;Sikora LN2 #1;LN2 Canes;SQZ100422A;;RF;0;4;E;2;7;;0;100422;;;;;;;Purchased from Dharmacon as part of the Trans Lentiviral Packaging Kit. No passage number given.
HEK293T;1/30/2017;drao;;100083;SQZ100083;;;38;32;;;1/3/2018;14:25:31;;;;;Dharmacon;;0;00/00/00;00:00:00;;;17;Cells;unknown;1/3/2018;;In Storage;;Sikora LN2 #1;LN2 Canes;SQZ100423A;;RF;0;4;E;2;8;;0;100423;;;;;;;Purchased from Dharmacon as part of the Trans Lentiviral Packaging Kit. No passage number given.
HEK293T;1/30/2017;drao;;100083;SQZ100083;;;38;32;;;1/3/2018;14:25:31;;;;;Dharmacon;;0;00/00/00;00:00:00;;;18;Cells;unknown;1/3/2018;;In Storage;;Sikora LN2 #1;LN2 Canes;SQZ100424A;;RF;0;4;E;2;9;;0;100424;;;;;;;Purchased from Dharmacon as part of the Trans Lentiviral Packaging Kit. No passage number given.
HEK293T;1/30/2017;drao;;100083;SQZ100083;;;38;32;;;1/3/2018;14:25:31;;;;;Dharmacon;;0;00/00/00;00:00:00;;;19;Cells;unknown;1/3/2018;;In Storage;;Sikora LN2 #1;LN2 Canes;SQZ100425A;;RF;0;4;E;3;1;;0;100425;;;;;;;Purchased from Dharmacon as part of the Trans Lentiviral Packaging Kit. No passage number given.
HEK293T;1/30/2017;drao;;100083;SQZ100083;;;38;32;;;1/3/2018;14:25:31;;;;;Dharmacon;;0;00/00/00;00:00:00;;;20;Cells;unknown;1/3/2018;;In Storage;;Sikora LN2 #1;LN2 Canes;SQZ100426A;;RF;0;4;E;3;2;;0;100426;;;;;;;Purchased from Dharmacon as part of the Trans Lentiviral Packaging Kit. No passage number given.
HEK293T;1/30/2017;drao;;100083;SQZ100083;;;38;32;;;1/3/2018;14:25:31;;;;;Dharmacon;;0;00/00/00;00:00:00;;;21;Cells;unknown;1/3/2018;;In Storage;;Sikora LN2 #1;LN2 Canes;SQZ100427A;;RF;0;4;E;3;3;;0;100427;;;;;;;Purchased from Dharmacon as part of the Trans Lentiviral Packaging Kit. No passage number given.
HEK293T;1/30/2017;drao;;100083;SQZ100083;;;38;32;;;1/3/2018;14:25:31;;;;;Dharmacon;;0;00/00/00;00:00:00;;;22;Cells;unknown;1/3/2018;;In Storage;;Sikora LN2 #1;LN2 Canes;SQZ100428A;;RF;0;4;E;3;4;;0;100428;;;;;;;Purchased from Dharmacon as part of the Trans Lentiviral Packaging Kit. No passage number given.
HEK293T;1/30/2017;drao;;100083;SQZ100083;;;38;32;;;1/3/2018;14:25:31;;;;;Dharmacon;;0;00/00/00;00:00:00;;;23;Cells;unknown;1/3/2018;;In Storage;;Sikora LN2 #1;LN2 Canes;SQZ100429A;;RF;0;4;E;3;5;;0;100429;;;;;;;Purchased from Dharmacon as part of the Trans Lentiviral Packaging Kit. No passage number given.
HEK293T;1/30/2017;drao;;100083;SQZ100083;;;38;32;;;1/3/2018;14:25:31;;;;;Dharmacon;;0;00/00/00;00:00:00;;;24;Cells;unknown;1/3/2018;;In Storage;;Sikora LN2 #1;LN2 Canes;SQZ100430A;;RF;0;4;E;3;6;;0;100430;;;;;;;Purchased from Dharmacon as part of the Trans Lentiviral Packaging Kit. No passage number given.
HEK293T;1/30/2017;drao;;100083;SQZ100083;;;38;32;;;1/3/2018;14:25:31;;;;;Dharmacon;;0;00/00/00;00:00:00;;;25;Cells;unknown;1/3/2018;;In Storage;;Sikora LN2 #1;LN2 Canes;SQZ100431A;;RF;0;4;E;3;7;;0;100431;;;;;;;Purchased from Dharmacon as part of the Trans Lentiviral Packaging Kit. No passage number given.
HEK293T;1/30/2017;drao;;100083;SQZ100083;;;38;32;;;1/3/2018;14:25:31;;;;;Dharmacon;;0;00/00/00;00:00:00;;;26;Cells;unknown;1/3/2018;;In Storage;;Sikora LN2 #1;LN2 Canes;SQZ100432A;;RF;0;4;E;3;8;;0;100432;;;;;;;Purchased from Dharmacon as part of the Trans Lentiviral Packaging Kit. No passage number given.
HEK293T;1/30/2017;drao;;100083;SQZ100083;;;38;32;;;1/3/2018;14:25:31;;;;;Dharmacon;;0;00/00/00;00:00:00;;;27;Cells;unknown;1/3/2018;;In Storage;;Sikora LN2 #1;LN2 Canes;SQZ100433A;;RF;0;4;E;3;9;;0;100433;;;;;;;Purchased from Dharmacon as part of the Trans Lentiviral Packaging Kit. No passage number given.
HEK293T;1/30/2017;drao;;100083;SQZ100083;;;38;32;;;1/3/2018;14:25:31;;;;;Dharmacon;;0;00/00/00;00:00:00;;;28;Cells;unknown;1/3/2018;;In Storage;;Sikora LN2 #1;LN2 Canes;SQZ100434A;;RF;0;4;E;4;1;;0;100434;;;;;;;Purchased from Dharmacon as part of the Trans Lentiviral Packaging Kit. No passage number given.
HEK293T;1/30/2017;drao;;100083;SQZ100083;;;38;32;;;1/3/2018;14:25:31;;;;;Dharmacon;;0;00/00/00;00:00:00;;;29;Cells;unknown;1/3/2018;;In Storage;;Sikora LN2 #1;LN2 Canes;SQZ100435A;;RF;0;4;E;4;2;;0;100435;;;;;;;Purchased from Dharmacon as part of the Trans Lentiviral Packaging Kit. No passage number given.
HEK293T;1/30/2017;drao;;100083;SQZ100083;;;38;32;;;1/3/2018;14:25:31;;;;;Dharmacon;;0;00/00/00;00:00:00;;;30;Cells;unknown;1/3/2018;;In Storage;;Sikora LN2 #1;LN2 Canes;SQZ100436A;;RF;0;4;E;4;3;;0;100436;;;;;;;Purchased from Dharmacon as part of the Trans Lentiviral Packaging Kit. No passage number given.
HEK293T;1/30/2017;drao;;100083;SQZ100083;;;38;32;;;1/3/2018;14:25:31;;;;;Dharmacon;;0;00/00/00;00:00:00;;;31;Cells;unknown;1/3/2018;;In Storage;;Sikora LN2 #1;LN2 Canes;SQZ100437A;;RF;0;4;E;4;4;;0;100437;;;;;;;Purchased from Dharmacon as part of the Trans Lentiviral Packaging Kit. No passage number given.
HEK293T;1/30/2017;drao;;100083;SQZ100083;;;38;32;;;1/3/2018;14:25:31;;;;;Dharmacon;;0;00/00/00;00:00:00;;;32;Cells;unknown;1/3/2018;;In Storage;;Sikora LN2 #1;LN2 Canes;SQZ100438A;;RF;0;4;E;4;5;;0;100438;;;;;;;Purchased from Dharmacon as part of the Trans Lentiviral Packaging Kit. No passage number given.
HEK293T;1/30/2017;drao;;100083;SQZ100083;;;38;32;;;1/3/2018;14:25:31;;;;;Dharmacon;;0;00/00/00;00:00:00;;;33;Cells;unknown;1/3/2018;;In Storage;;Sikora LN2 #1;LN2 Canes;SQZ100439A;;RF;0;4;E;4;6;;0;100439;;;;;;;Purchased from Dharmacon as part of the Trans Lentiviral Packaging Kit. No passage number given.
HEK293T;1/30/2017;drao;;100083;SQZ100083;;;38;32;;;1/3/2018;14:25:31;;;;;Dharmacon;;0;00/00/00;00:00:00;;;34;Cells;unknown;1/3/2018;;In Storage;;Sikora LN2 #1;LN2 Canes;SQZ100440A;;RF;0;4;E;4;7;;0;100440;;;;;;;Purchased from Dharmacon as part of the Trans Lentiviral Packaging Kit. No passage number given.
HEK293T;1/30/2017;drao;;100083;SQZ100083;;;38;32;;;1/3/2018;14:25:31;;;;;Dharmacon;;0;00/00/00;00:00:00;;;35;Cells;unknown;1/3/2018;;In Storage;;Sikora LN2 #1;LN2 Canes;SQZ100441A;;RF;0;4;E;4;8;;0;100441;;;;;;;Purchased from Dharmacon as part of the Trans Lentiviral Packaging Kit. No passage number given.
HEK293T;1/30/2017;drao;;100083;SQZ100083;;;38;32;;;1/3/2018;14:25:31;;;;;Dharmacon;;0;00/00/00;00:00:00;;;36;Cells;unknown;1/3/2018;;In Storage;;Sikora LN2 #1;LN2 Canes;SQZ100442A;;RF;0;4;E;4;9;;0;100442;;;;;;;Purchased from Dharmacon as part of the Trans Lentiviral Packaging Kit. No passage number given.
HEK293T;1/30/2017;drao;;100083;SQZ100083;;;38;32;;;1/3/2018;14:25:31;;;;;Dharmacon;;0;00/00/00;00:00:00;;;37;Cells;unknown;1/3/2018;;In Storage;;Sikora LN2 #1;LN2 Canes;SQZ100443A;;RF;0;4;E;5;1;;0;100443;;;;;;;Purchased from Dharmacon as part of the Trans Lentiviral Packaging Kit. No passage number given.
HEK293T;1/30/2017;drao;;100083;SQZ100083;;;38;32;;;1/3/2018;14:25:31;;;;;Dharmacon;;0;4/11/2019;15:58:46;;;38;Cells;unknown;1/3/2018;;Used;;;;SQZ100444A;;RF;0;;;;;;0;100444;;;;;;;Purchased from Dharmacon as part of the Trans Lentiviral Packaging Kit. No passage number given.
HEK293T;1/24/2017;drao;;100084;SQZ100084;;;17;15;;;1/3/2018;14:28:25;;;;;Dharmacon;;0;4/11/2019;15:59:15;;;1;Cells;unknown;1/3/2018;;Used;;;;SQZ100445A;;RF;0;;;;;;0;100445;;;;;;;Purchased from Dharmacon as part of the Trans Lenti Packaging Kit. No passage number given.
HEK293T;1/24/2017;drao;;100084;SQZ100084;;;17;15;;;1/3/2018;14:28:25;;;;;Dharmacon;;0;00/00/00;00:00:00;;;2;Cells;unknown;1/3/2018;;In Storage;;Sikora LN2 #1;LN2 Canes;SQZ100446A;;RF;0;4;E;5;5;;0;100446;;;;;;;Purchased from Dharmacon as part of the Trans Lenti Packaging Kit. No passage number given.
HEK293T;1/24/2017;drao;;100084;SQZ100084;;;17;15;;;1/3/2018;14:28:25;;;;;Dharmacon;;0;00/00/00;00:00:00;;;3;Cells;unknown;1/3/2018;;In Storage;;Sikora LN2 #1;LN2 Canes;SQZ100447A;;RF;0;4;E;5;6;;0;100447;;;;;;;Purchased from Dharmacon as part of the Trans Lenti Packaging Kit. No passage number given.
HEK293T;1/24/2017;drao;;100084;SQZ100084;;;17;15;;;1/3/2018;14:28:25;;;;;Dharmacon;;0;00/00/00;00:00:00;;;4;Cells;unknown;1/3/2018;;In Storage;;Sikora LN2 #1;LN2 Canes;SQZ100448A;;RF;0;4;E;5;7;;0;100448;;;;;;;Purchased from Dharmacon as part of the Trans Lenti Packaging Kit. No passage number given.
HEK293T;1/24/2017;drao;;100084;SQZ100084;;;17;15;;;1/3/2018;14:28:25;;;;;Dharmacon;;0;00/00/00;00:00:00;;;5;Cells;unknown;1/3/2018;;In Storage;;Sikora LN2 #1;LN2 Canes;SQZ100449A;;RF;0;4;E;5;8;;0;100449;;;;;;;Purchased from Dharmacon as part of the Trans Lenti Packaging Kit. No passage number given.
HEK293T;1/24/2017;drao;;100084;SQZ100084;;;17;15;;;1/3/2018;14:28:25;;;;;Dharmacon;;0;00/00/00;00:00:00;;;6;Cells;unknown;1/3/2018;;In Storage;;Sikora LN2 #1;LN2 Canes;SQZ100450A;;RF;0;4;E;5;9;;0;100450;;;;;;;Purchased from Dharmacon as part of the Trans Lenti Packaging Kit. No passage number given.
HEK293T;1/24/2017;drao;;100084;SQZ100084;;;17;15;;;1/3/2018;14:28:25;;;;;Dharmacon;;0;00/00/00;00:00:00;;;7;Cells;unknown;1/3/2018;;In Storage;;Sikora LN2 #1;LN2 Canes;SQZ100451A;;RF;0;4;E;6;1;;0;100451;;;;;;;Purchased from Dharmacon as part of the Trans Lenti Packaging Kit. No passage number given.
HEK293T;1/24/2017;drao;;100084;SQZ100084;;;17;15;;;1/3/2018;14:28:25;;;;;Dharmacon;;0;00/00/00;00:00:00;;;8;Cells;unknown;1/3/2018;;In Storage;;Sikora LN2 #1;LN2 Canes;SQZ100452A;;RF;0;4;E;6;2;;0;100452;;;;;;;Purchased from Dharmacon as part of the Trans Lenti Packaging Kit. No passage number given.
HEK293T;1/24/2017;drao;;100084;SQZ100084;;;17;15;;;1/3/2018;14:28:25;;;;;Dharmacon;;0;00/00/00;00:00:00;;;9;Cells;unknown;1/3/2018;;In Storage;;Sikora LN2 #1;LN2 Canes;SQZ100453A;;RF;0;4;E;6;3;;0;100453;;;;;;;Purchased from Dharmacon as part of the Trans Lenti Packaging Kit. No passage number given.
HEK293T;1/24/2017;drao;;100084;SQZ100084;;;17;15;;;1/3/2018;14:28:25;;;;;Dharmacon;;0;00/00/00;00:00:00;;;10;Cells;unknown;1/3/2018;;In Storage;;Sikora LN2 #1;LN2 Canes;SQZ100454A;;RF;0;4;E;6;4;;0;100454;;;;;;;Purchased from Dharmacon as part of the Trans Lenti Packaging Kit. No passage number given.
HEK293T;1/24/2017;drao;;100084;SQZ100084;;;17;15;;;1/3/2018;14:28:25;;;;;Dharmacon;;0;00/00/00;00:00:00;;;11;Cells;unknown;1/3/2018;;In Storage;;Sikora LN2 #1;LN2 Canes;SQZ100455A;;RF;0;4;E;6;5;;0;100455;;;;;;;Purchased from Dharmacon as part of the Trans Lenti Packaging Kit. No passage number given.
HEK293T;1/24/2017;drao;;100084;SQZ100084;;;17;15;;;1/3/2018;14:28:25;;;;;Dharmacon;;0;00/00/00;00:00:00;;;12;Cells;unknown;1/3/2018;;In Storage;;Sikora LN2 #1;LN2 Canes;SQZ100456A;;RF;0;4;E;6;6;;0;100456;;;;;;;Purchased from Dharmacon as part of the Trans Lenti Packaging Kit. No passage number given.
HEK293T;1/24/2017;drao;;100084;SQZ100084;;;17;15;;;1/3/2018;14:28:25;;;;;Dharmacon;;0;00/00/00;00:00:00;;;13;Cells;unknown;1/3/2018;;In Storage;;Sikora LN2 #1;LN2 Canes;SQZ100457A;;RF;0;4;E;6;7;;0;100457;;;;;;;Purchased from Dharmacon as part of the Trans Lenti Packaging Kit. No passage number given.
HEK293T;1/24/2017;drao;;100084;SQZ100084;;;17;15;;;1/3/2018;14:28:25;;;;;Dharmacon;;0;00/00/00;00:00:00;;;14;Cells;unknown;1/3/2018;;In Storage;;Sikora LN2 #1;LN2 Canes;SQZ100458A;;RF;0;4;E;6;8;;0;100458;;;;;;;Purchased from Dharmacon as part of the Trans Lenti Packaging Kit. No passage number given.
HEK293T;1/24/2017;drao;;100084;SQZ100084;;;17;15;;;1/3/2018;14:28:25;;;;;Dharmacon;;0;00/00/00;00:00:00;;;15;Cells;unknown;1/3/2018;;In Storage;;Sikora LN2 #1;LN2 Canes;SQZ100459A;;RF;0;4;E;6;9;;0;100459;;;;;;;Purchased from Dharmacon as part of the Trans Lenti Packaging Kit. No passage number given.
HEK293T;1/24/2017;drao;;100084;SQZ100084;;;17;15;;;1/3/2018;14:28:25;;;;;Dharmacon;;0;00/00/00;00:00:00;;;16;Cells;unknown;1/3/2018;;In Storage;;Sikora LN2 #1;LN2 Canes;SQZ100460A;;RF;0;4;E;7;1;;0;100460;;;;;;;Purchased from Dharmacon as part of the Trans Lenti Packaging Kit. No passage number given.
HEK293T;1/24/2017;drao;;100084;SQZ100084;;;17;15;;;1/3/2018;14:28:25;;;;;Dharmacon;;0;4/11/2019;15:59:42;;;17;Cells;unknown;1/3/2018;;Used;;;;SQZ100461A;;RF;0;;;;;;0;100461;;;;;;;Purchased from Dharmacon as part of the Trans Lenti Packaging Kit. No passage number given.
HEK293T;2/4/2017;drao;;100085;SQZ100085;;;23;20;;;1/3/2018;14:30:38;;;;;Dharmacon;;0;00/00/00;00:00:00;;;1;Cells;unknown;1/3/2018;;In Storage;;Sikora LN2 #1;LN2 Canes;SQZ100462A;;RF;0;4;E;7;4;;0;100462;;;;;;;Purchased from Dharmacon as part of the Trans Lenti Packaging Kit. No passage number given.
HEK293T;2/4/2017;drao;;100085;SQZ100085;;;23;20;;;1/3/2018;14:30:38;;;;;Dharmacon;;0;00/00/00;00:00:00;;;2;Cells;unknown;1/3/2018;;In Storage;;Sikora LN2 #1;LN2 Canes;SQZ100463A;;RF;0;4;E;7;5;;0;100463;;;;;;;Purchased from Dharmacon as part of the Trans Lenti Packaging Kit. No passage number given.
HEK293T;2/4/2017;drao;;100085;SQZ100085;;;23;20;;;1/3/2018;14:30:38;;;;;Dharmacon;;0;00/00/00;00:00:00;;;3;Cells;unknown;1/3/2018;;In Storage;;Sikora LN2 #1;LN2 Canes;SQZ100464A;;RF;0;4;E;7;6;;0;100464;;;;;;;Purchased from Dharmacon as part of the Trans Lenti Packaging Kit. No passage number given.
HEK293T;2/4/2017;drao;;100085;SQZ100085;;;23;20;;;1/3/2018;14:30:38;;;;;Dharmacon;;0;00/00/00;00:00:00;;;4;Cells;unknown;1/3/2018;;In Storage;;Sikora LN2 #1;LN2 Canes;SQZ100465A;;RF;0;4;E;7;7;;0;100465;;;;;;;Purchased from Dharmacon as part of the Trans Lenti Packaging Kit. No passage number given.
HEK293T;2/4/2017;drao;;100085;SQZ100085;;;23;20;;;1/3/2018;14:30:38;;;;;Dharmacon;;0;00/00/00;00:00:00;;;5;Cells;unknown;1/3/2018;;In Storage;;Sikora LN2 #1;LN2 Canes;SQZ100466A;;RF;0;4;E;7;8;;0;100466;;;;;;;Purchased from Dharmacon as part of the Trans Lenti Packaging Kit. No passage number given.
HEK293T;2/4/2017;drao;;100085;SQZ100085;;;23;20;;;1/3/2018;14:30:38;;;;;Dharmacon;;0;00/00/00;00:00:00;;;6;Cells;unknown;1/3/2018;;In Storage;;Sikora LN2 #1;LN2 Canes;SQZ100467A;;RF;0;4;E;7;9;;0;100467;;;;;;;Purchased from Dharmacon as part of the Trans Lenti Packaging Kit. No passage number given.
HEK293T;2/4/2017;drao;;100085;SQZ100085;;;23;20;;;1/3/2018;14:30:38;;;;;Dharmacon;;0;00/00/00;00:00:00;;;7;Cells;unknown;1/3/2018;;In Storage;;Sikora LN2 #1;LN2 Canes;SQZ100468A;;RF;0;4;E;8;1;;0;100468;;;;;;;Purchased from Dharmacon as part of the Trans Lenti Packaging Kit. No passage number given.
HEK293T;2/4/2017;drao;;100085;SQZ100085;;;23;20;;;1/3/2018;14:30:38;;;;;Dharmacon;;0;00/00/00;00:00:00;;;8;Cells;unknown;1/3/2018;;In Storage;;Sikora LN2 #1;LN2 Canes;SQZ100469A;;RF;0;4;E;8;2;;0;100469;;;;;;;Purchased from Dharmacon as part of the Trans Lenti Packaging Kit. No passage number given.
HEK293T;2/4/2017;drao;;100085;SQZ100085;;;23;20;;;1/3/2018;14:30:38;;;;;Dharmacon;;0;00/00/00;00:00:00;;;9;Cells;unknown;1/3/2018;;In Storage;;Sikora LN2 #1;LN2 Canes;SQZ100470A;;RF;0;4;E;8;3;;0;100470;;;;;;;Purchased from Dharmacon as part of the Trans Lenti Packaging Kit. No passage number given.
HEK293T;2/4/2017;drao;;100085;SQZ100085;;;23;20;;;1/3/2018;14:30:38;;;;;Dharmacon;;0;00/00/00;00:00:00;;;10;Cells;unknown;1/3/2018;;In Storage;;Sikora LN2 #1;LN2 Canes;SQZ100471A;;RF;0;4;E;8;4;;0;100471;;;;;;;Purchased from Dharmacon as part of the Trans Lenti Packaging Kit. No passage number given.
HEK293T;2/4/2017;drao;;100085;SQZ100085;;;23;20;;;1/3/2018;14:30:38;;;;;Dharmacon;;0;00/00/00;00:00:00;;;11;Cells;unknown;1/3/2018;;In Storage;;Sikora LN2 #1;LN2 Canes;SQZ100472A;;RF;0;4;E;8;5;;0;100472;;;;;;;Purchased from Dharmacon as part of the Trans Lenti Packaging Kit. No passage number given.
HEK293T;2/4/2017;drao;;100085;SQZ100085;;;23;20;;;1/3/2018;14:30:38;;;;;Dharmacon;;0;00/00/00;00:00:00;;;12;Cells;unknown;1/3/2018;;In Storage;;Sikora LN2 #1;LN2 Canes;SQZ100473A;;RF;0;4;E;8;6;;0;100473;;;;;;;Purchased from Dharmacon as part of the Trans Lenti Packaging Kit. No passage number given.
HEK293T;2/4/2017;drao;;100085;SQZ100085;;;23;20;;;1/3/2018;14:30:38;;;;;Dharmacon;;0;00/00/00;00:00:00;;;13;Cells;unknown;1/3/2018;;In Storage;;Sikora LN2 #1;LN2 Canes;SQZ100474A;;RF;0;4;E;8;7;;0;100474;;;;;;;Purchased from Dharmacon as part of the Trans Lenti Packaging Kit. No passage number given.
HEK293T;2/4/2017;drao;;100085;SQZ100085;;;23;20;;;1/3/2018;14:30:38;;;;;Dharmacon;;0;00/00/00;00:00:00;;;14;Cells;unknown;1/3/2018;;In Storage;;Sikora LN2 #1;LN2 Canes;SQZ100475A;;RF;0;4;E;8;8;;0;100475;;;;;;;Purchased from Dharmacon as part of the Trans Lenti Packaging Kit. No passage number given.
HEK293T;2/4/2017;drao;;100085;SQZ100085;;;23;20;;;1/3/2018;14:30:38;;;;;Dharmacon;;0;00/00/00;00:00:00;;;15;Cells;unknown;1/3/2018;;In Storage;;Sikora LN2 #1;LN2 Canes;SQZ100476A;;RF;0;4;E;8;9;;0;100476;;;;;;;Purchased from Dharmacon as part of the Trans Lenti Packaging Kit. No passage number given.
HEK293T;2/4/2017;drao;;100085;SQZ100085;;;23;20;;;1/3/2018;14:30:38;;;;;Dharmacon;;0;00/00/00;00:00:00;;;16;Cells;unknown;1/3/2018;;In Storage;;Sikora LN2 #1;LN2 Canes;SQZ100477A;;RF;0;4;E;9;1;;0;100477;;;;;;;Purchased from Dharmacon as part of the Trans Lenti Packaging Kit. No passage number given.
HEK293T;2/4/2017;drao;;100085;SQZ100085;;;23;20;;;1/3/2018;14:30:38;;;;;Dharmacon;;0;00/00/00;00:00:00;;;17;Cells;unknown;1/3/2018;;In Storage;;Sikora LN2 #1;LN2 Canes;SQZ100478A;;RF;0;4;E;9;2;;0;100478;;;;;;;Purchased from Dharmacon as part of the Trans Lenti Packaging Kit. No passage number given.
HEK293T;2/4/2017;drao;;100085;SQZ100085;;;23;20;;;1/3/2018;14:30:38;;;;;Dharmacon;;0;00/00/00;00:00:00;;;18;Cells;unknown;1/3/2018;;In Storage;;Sikora LN2 #1;LN2 Canes;SQZ100479A;;RF;0;4;E;9;3;;0;100479;;;;;;;Purchased from Dharmacon as part of the Trans Lenti Packaging Kit. No passage number given.
HEK293T;2/4/2017;drao;;100085;SQZ100085;;;23;20;;;1/3/2018;14:30:38;;;;;Dharmacon;;0;00/00/00;00:00:00;;;19;Cells;unknown;1/3/2018;;In Storage;;Sikora LN2 #1;LN2 Canes;SQZ100480A;;RF;0;4;E;9;4;;0;100480;;;;;;;Purchased from Dharmacon as part of the Trans Lenti Packaging Kit. No passage number given.
HEK293T;2/4/2017;drao;;100085;SQZ100085;;;23;20;;;1/3/2018;14:30:38;;;;;Dharmacon;;0;00/00/00;00:00:00;;;20;Cells;unknown;1/3/2018;;In Storage;;Sikora LN2 #1;LN2 Canes;SQZ100481A;;RF;0;4;E;9;5;;0;100481;;;;;;;Purchased from Dharmacon as part of the Trans Lenti Packaging Kit. No passage number given.
HEK293T;2/4/2017;drao;;100085;SQZ100085;;;23;20;;;1/3/2018;14:30:38;;;;;Dharmacon;;0;4/11/2019;16:00:03;;;21;Cells;unknown;1/3/2018;;Used;;;;SQZ100482A;;RF;0;;;;;;0;100482;;;;;;;Purchased from Dharmacon as part of the Trans Lenti Packaging Kit. No passage number given.
HEK293T;2/4/2017;drao;;100085;SQZ100085;;;23;20;;;1/3/2018;14:30:38;;;;;Dharmacon;;0;4/11/2019;16:00:22;;;22;Cells;unknown;1/3/2018;;Used;;;;SQZ100483A;;RF;0;;;;;;0;100483;;;;;;;Purchased from Dharmacon as part of the Trans Lenti Packaging Kit. No passage number given.
HEK293T;2/4/2017;drao;;100085;SQZ100085;;;23;20;;;1/3/2018;14:30:38;;;;;Dharmacon;;0;9/21/2018;11:35:41;;Checked out by DMR on 8/31/18.;23;Cells;unknown;1/3/2018;;Used;;;;SQZ100484A;;RF;0;;;;;;0;100484;;;;;;;Purchased from Dharmacon as part of the Trans Lenti Packaging Kit. No passage number given.
MC3T3-E1;1/8/2018;drao;;100086;SQZ100086;;;10;6;23;;1/19/2018;15:09:15;;;;;Owens Lab;;0;5/18/2018;14:07:17;;Checked out on 4/12/18;1;Cells;23;1/19/2018;;Used;;;;SQZ100485A;;DMR;0;;;;;;0;100485;;;;;;;
MC3T3-E1;1/8/2018;drao;;100086;SQZ100086;;;10;6;23;;1/19/2018;15:09:15;;;;;Owens Lab;;0;4/26/2019;09:41:02;;;2;Cells;23;1/19/2018;;In Storage;;Sikora LN2 #1;LN2 Canes;SQZ100486A;;DMR;0;1;C;2;5;;0;100486;;;;;;;
MC3T3-E1;1/8/2018;drao;;100086;SQZ100086;;;10;6;23;;1/19/2018;15:09:15;;;;;Owens Lab;;0;4/26/2019;09:41:14;;;3;Cells;23;1/19/2018;;In Storage;;Sikora LN2 #1;LN2 Canes;SQZ100487A;;DMR;0;1;C;2;6;;0;100487;;;;;;;
MC3T3-E1;1/8/2018;drao;;100086;SQZ100086;;;10;6;23;;1/19/2018;15:09:15;;;;;Owens Lab;;0;7/31/2019;09:10:25;;Thawed by DMR on 6/27/19.;4;Cells;23;1/19/2018;;Used;;;;SQZ100488A;;DMR;0;;;;;;0;100488;;;;;;;
MC3T3-E1;1/8/2018;drao;;100086;SQZ100086;;;10;6;23;;1/19/2018;15:09:15;;;;;Owens Lab;;0;1/14/2019;08:24:51;;Thawed by DMR on 11-14-18.;5;Cells;23;1/19/2018;;Used;;;;SQZ100489A;;DMR;0;;;;;;0;100489;;;;;;;
MC3T3-E1;1/8/2018;drao;;100086;SQZ100086;;;10;6;23;;1/19/2018;15:09:15;;;;;Owens Lab;;0;9/24/2018;13:18:08;;Thawed by DMR on 7/9/18.;6;Cells;23;1/19/2018;;Used;;;;SQZ100490A;;DMR;0;;;;;;0;100490;;;;;;;
HT1080-A11-WNT3A;10/6/2017;drao;;100079;SQZ100079;;;15;8;6;;1/3/2018;11:38:50;;;;;Sikora Lab;;0;4/26/2019;09:39:52;;Freeze back on 2-2-18 from previous thaw;3;Cells;9;2/14/2018;;In Storage;;Sikora LN2 #1;LN2 Canes;SQZ100491A;;DMR;100400;1;C;2;2;;0;100491;;;;;;;For publication (Rao et al, 2018), these cells are reffered to as PKO (PORCN knock-out). We recieved two cell lines from the Virshup lab that have PORCN knocked out, A11 and C10. A11 were used as they had the least amount of autonomous WNT activity (as measured by DVL2/3).
HT1080-A11-WNT3A;10/6/2017;drao;;100079;SQZ100079;;;15;8;6;;1/3/2018;11:38:50;;;;;Sikora Lab;;0;4/26/2019;09:40:05;;Freeze back on 2-2-18 from previous thaw;4;Cells;9;2/14/2018;;In Storage;;Sikora LN2 #1;LN2 Canes;SQZ100492A;;DMR;100400;1;C;2;3;;0;100492;;;;;;;For publication (Rao et al, 2018), these cells are reffered to as PKO (PORCN knock-out). We recieved two cell lines from the Virshup lab that have PORCN knocked out, A11 and C10. A11 were used as they had the least amount of autonomous WNT activity (as measured by DVL2/3).
HT1080-A11-WNT3A;10/6/2017;drao;;100079;SQZ100079;;;15;8;6;;1/3/2018;11:38:50;;;;;Sikora Lab;;0;9/24/2018;13:21:15;;Freeze back on 2-2-18 from previous thaw;5;Cells;9;2/14/2018;;Used;;;;SQZ100493A;;DMR;100400;;;;;;0;100493;;;;;;;For publication (Rao et al, 2018), these cells are reffered to as PKO (PORCN knock-out). We recieved two cell lines from the Virshup lab that have PORCN knocked out, A11 and C10. A11 were used as they had the least amount of autonomous WNT activity (as measured by DVL2/3).
HT1080-A11+WNT4;10/6/2017;drao;;100080;SQZ100080;;;13;6;6;;1/3/2018;11:39:57;;;;;Sikora Lab;;0;9/24/2018;13:21:48;;Freeze back on 2-2-18 from previous thaw.;3;Cells;9;2/14/2018;;Used;;;;SQZ100494A;;DMR;100402;;;;;;0;100494;;;;;;;For publication (Rao et al, 2018), these cells are reffered to as PKO (PORCN knock-out). We recieved two cell lines from the Virshup lab that have PORCN knocked out, A11 and C10. A11 were used as they had the least amount of autonomous WNT activity (as measured by DVL2/3).
HT1080-A11+WNT4;10/6/2017;drao;;100080;SQZ100080;;;13;6;6;;1/3/2018;11:39:57;;;;;Sikora Lab;;0;1/14/2019;08:25:21;;Freeze back on 2-2-18 from previous thaw. Thawed by DMR on 10-22-18.;4;Cells;9;2/14/2018;;Used;;;;SQZ100495A;;DMR;100402;;;;;;0;100495;;;;;;;For publication (Rao et al, 2018), these cells are reffered to as PKO (PORCN knock-out). We recieved two cell lines from the Virshup lab that have PORCN knocked out, A11 and C10. A11 were used as they had the least amount of autonomous WNT activity (as measured by DVL2/3).
HT1080-A11+WNT4;10/6/2017;drao;;100080;SQZ100080;;;13;6;6;;1/3/2018;11:39:57;;;;;Sikora Lab;;0;5/18/2018;14:20:41;;Freeze back on 2-2-18 from previous thaw.;5;Cells;9;2/14/2018;;Checked Out;;;;SQZ100496A;;DMR;100402;;;;;;0;100496;;;;;;;For publication (Rao et al, 2018), these cells are reffered to as PKO (PORCN knock-out). We recieved two cell lines from the Virshup lab that have PORCN knocked out, A11 and C10. A11 were used as they had the least amount of autonomous WNT activity (as measured by DVL2/3).
HT1080+WNT4;10/6/2017;drao;;100081;SQZ100081;;;13;7;6;;1/3/2018;11:41:39;;;;;Sikora Lab;;0;5/18/2018;14:25:20;;Freeze back on 2-2-18 from previous thaw.;3;Cells;9;2/14/2018;;Checked Out;;;;SQZ100497A;;DMR;100404;;;;;;0;100497;;;;;;;
HT1080+WNT4;10/6/2017;drao;;100081;SQZ100081;;;13;7;6;;1/3/2018;11:41:39;;;;;Sikora Lab;;0;1/14/2019;08:26:00;;Freeze back on 2-2-18 from previous thaw. Thawed by DMR on 10-22-18.;4;Cells;9;2/14/2018;;Used;;;;SQZ100498A;;DMR;100404;;;;;;0;100498;;;;;;;
HT1080+WNT4;10/6/2017;drao;;100081;SQZ100081;;;13;7;6;;1/3/2018;11:41:39;;;;;Sikora Lab;;0;9/24/2018;13:22:05;;Freeze back on 2-2-18 from previous thaw.;5;Cells;9;2/14/2018;;Used;;;;SQZ100499A;;DMR;100404;;;;;;0;100499;;;;;;;
HT1080+WNT3A;10/6/2017;drao;;100082;SQZ100082;;;13;8;6;;1/3/2018;11:44:08;;;;;Sikora Lab;;0;4/26/2019;09:39:27;;Freeze back on 2-2-18 from previous thaw.;3;Cells;9;2/14/2018;;In Storage;;Sikora LN2 #1;LN2 Canes;SQZ100500A;;DMR;100406;1;C;2;1;;0;100500;;;;;;;
HT1080+WNT3A;10/6/2017;drao;;100082;SQZ100082;;;13;8;6;;1/3/2018;11:44:08;;;;;Sikora Lab;;0;1/14/2019;08:26:16;;Freeze back on 2-2-18 from previous thaw. Thawed on 10-22-18 by DMR.;4;Cells;9;2/14/2018;;Used;;;;SQZ100501A;;DMR;100406;;;;;;0;100501;;;;;;;
HT1080+WNT3A;10/6/2017;drao;;100082;SQZ100082;;;13;8;6;;1/3/2018;11:44:08;;;;;Sikora Lab;;0;9/24/2018;13:22:26;;Freeze back on 2-2-18 from previous thaw.;5;Cells;9;2/14/2018;;Used;;;;SQZ100502A;;DMR;100406;;;;;;0;100502;;;;;;;
HT1080 A11;8/11/2017;drao;;100051;SQZ100051;;;21;15;P4;;8/29/2017;10:53:09;;;;;Virshup/Singapore;;0;4/26/2019;09:40:36;;Freeze back on 2-2-18 from previous thaw.;11;Cells;7;2/14/2018;;In Storage;;Sikora LN2 #1;LN2 Canes;SQZ100503A;;DMR;100270;1;C;2;4;;0;100503;;;;;;;These were split and frozen down from an original vial from Virshup. The passage number refers to how many times it has been passeged by the Sikora Lab.For publication (Rao et al, 2018), these cells are reffered to as PKO (PORCN knock-out). We recieved two cell lines from the Virshup lab that have PORCN knocked out, A11 and C10. A11 were used as they had the least amount of autonomous WNT activity (as measured by DVL2/3).
HT1080 A11;8/11/2017;drao;;100051;SQZ100051;;;21;15;P4;;8/29/2017;10:53:09;;;;;Virshup/Singapore;;0;1/28/2019;11:03:29;;Freeze back on 2-2-18 from previous thaw. Thawed by DMR on 1-14-19.;12;Cells;7;2/14/2018;;Used;;;;SQZ100504A;;DMR;100270;;;;;;0;100504;;;;;;;These were split and frozen down from an original vial from Virshup. The passage number refers to how many times it has been passeged by the Sikora Lab.For publication (Rao et al, 2018), these cells are reffered to as PKO (PORCN knock-out). We recieved two cell lines from the Virshup lab that have PORCN knocked out, A11 and C10. A11 were used as they had the least amount of autonomous WNT activity (as measured by DVL2/3).
HT1080 A11;8/11/2017;drao;;100051;SQZ100051;;;21;15;P4;;8/29/2017;10:53:09;;;;;Virshup/Singapore;;0;9/24/2018;13:20:45;;Freeze back on 2-2-18 from previous thaw.;13;Cells;7;2/14/2018;;Used;;;;SQZ100505A;;DMR;100270;;;;;;0;100505;;;;;;;These were split and frozen down from an original vial from Virshup. The passage number refers to how many times it has been passeged by the Sikora Lab.For publication (Rao et al, 2018), these cells are reffered to as PKO (PORCN knock-out). We recieved two cell lines from the Virshup lab that have PORCN knocked out, A11 and C10. A11 were used as they had the least amount of autonomous WNT activity (as measured by DVL2/3).
HT1080;7/30/2017;drao;;100052;SQZ100052;;;20;14;P3;;8/29/2017;10:58:46;;;;;Virshup/Singapore;;0;6/20/2019;14:17:47;;Freeze back on 2-2-18 from previous thaw. Checked out by DMR on 4-15-19.;10;Cells;6;2/14/2018;;Used;;;;SQZ100506A;;DMR;100279;;;;;;0;100506;;;;;;;These cells were split and frozen down from a vial originally obtained from the Virshup laboratory.
HT1080;7/30/2017;drao;;100052;SQZ100052;;;20;14;P3;;8/29/2017;10:58:46;;;;;Virshup/Singapore;;0;1/28/2019;11:00:58;;Freeze back on 2-2-18 from previous thaw. Thawed by DMR on 1-14-19.;11;Cells;6;2/14/2018;;Used;;;;SQZ100507A;;DMR;100279;;;;;;0;100507;;;;;;;These cells were split and frozen down from a vial originally obtained from the Virshup laboratory.
HT1080;7/30/2017;drao;;100052;SQZ100052;;;20;14;P3;;8/29/2017;10:58:46;;;;;Virshup/Singapore;;0;9/24/2018;13:20:00;;Freeze back on 2-2-18 from previous thaw.;12;Cells;6;2/14/2018;;Used;;;;SQZ100508A;;DMR;100279;;;;;;0;100508;;;;;;;These cells were split and frozen down from a vial originally obtained from the Virshup laboratory.
MM134-WNT3A;2/23/2018;drao;;100087;SQZ100087;;;12;7;8;;3/2/2018;16:55:47;;;;;Sikora Lab;;0;4/26/2019;09:11:19;;Thawed by DMR on 4-18-19.;1;Cells;8;3/2/2018;;Checked Out;;Sikora LN2 #1;LN2 Canes;SQZ100509A;;DMR;0;1;C;9;5;;0;100509;;;;;;;RF made these cell lines. They are MM134 that overexpress WNT3A, Blasticidin is used for selection.
MM134-WNT3A;2/23/2018;drao;;100087;SQZ100087;;;12;7;8;;3/2/2018;16:55:47;;;;;Sikora Lab;;0;4/18/2019;13:04:44;;Thawed by DMR on 4-15-19. ***CONTAMINATED AFTER THAW***;2;Cells;8;3/2/2018;;Used;;;;SQZ100510A;;DMR;0;;;;;;0;100510;;;;;;;RF made these cell lines. They are MM134 that overexpress WNT3A, Blasticidin is used for selection.
MM134-WNT3A;2/23/2018;drao;;100087;SQZ100087;;;12;7;8;;3/2/2018;16:55:47;;;;;Sikora Lab;;0;4/15/2019;10:13:08;;Thawed by DMR on 4-11-19. ***CONTAMINATED AFTER THAW***;3;Cells;8;3/2/2018;;Used;;;;SQZ100511A;;DMR;0;;;;;;0;100511;;;;;;;RF made these cell lines. They are MM134 that overexpress WNT3A, Blasticidin is used for selection.
MM134-WNT3A;2/23/2018;drao;;100087;SQZ100087;;;12;7;8;;3/2/2018;16:55:47;;;;;Sikora Lab;;0;3/18/2019;07:22:36;;Thawed by DMR on 2-26-19.;4;Cells;8;3/2/2018;;Used;;;;SQZ100512A;;DMR;0;;;;;;0;100512;;;;;;;RF made these cell lines. They are MM134 that overexpress WNT3A, Blasticidin is used for selection.
MM134-WNT3A;2/23/2018;drao;;100087;SQZ100087;;;12;7;8;;3/2/2018;16:55:47;;;;;Sikora Lab;;0;2/25/2019;15:49:39;;Checked out by DMR on 12-11-18.;5;Cells;8;3/2/2018;;Used;;;;SQZ100513A;;DMR;0;;;;;;0;100513;;;;;;;RF made these cell lines. They are MM134 that overexpress WNT3A, Blasticidin is used for selection.
MM134-WNT3A;2/23/2018;drao;;100087;SQZ100087;;;12;7;8;;3/2/2018;16:55:47;;;;;Sikora Lab;;0;9/24/2018;13:22:44;;Checkout by DMR on 5/30/18;6;Cells;8;3/2/2018;;Used;;;;SQZ100514A;;DMR;0;;;;;;0;100514;;;;;;;RF made these cell lines. They are MM134 that overexpress WNT3A, Blasticidin is used for selection.
MM134-WNT4;2/23/2018;drao;;100088;SQZ100088;;;12;7;8;;3/2/2018;16:58:29;;;;;Sikora Lab;;0;4/26/2019;09:10:57;;Thawed by DMR on 4-18-19.;1;Cells;8;3/2/2018;;Checked Out;;Sikora LN2 #1;LN2 Canes;SQZ100515A;;DMR;0;1;C;9;6;;0;100515;;;;;;;RF made these lines. They are MM134 that overexpress WNT4. Blasticidin is used for selection.
MM134-WNT4;2/23/2018;drao;;100088;SQZ100088;;;12;7;8;;3/2/2018;16:58:29;;;;;Sikora Lab;;0;4/18/2019;13:04:14;;Thawed by DMR on 4-15-19. ***CONTAMINATED AFTER THAW***;2;Cells;8;3/2/2018;;Used;;;;SQZ100516A;;DMR;0;;;;;;0;100516;;;;;;;RF made these lines. They are MM134 that overexpress WNT4. Blasticidin is used for selection.
MM134-WNT4;2/23/2018;drao;;100088;SQZ100088;;;12;7;8;;3/2/2018;16:58:29;;;;;Sikora Lab;;0;4/15/2019;10:13:41;;Thawed by DMR on 4-11-19. ***CONTAMINATED AFTER THAW***;3;Cells;8;3/2/2018;;Used;;;;SQZ100517A;;DMR;0;;;;;;0;100517;;;;;;;RF made these lines. They are MM134 that overexpress WNT4. Blasticidin is used for selection.
MM134-WNT4;2/23/2018;drao;;100088;SQZ100088;;;12;7;8;;3/2/2018;16:58:29;;;;;Sikora Lab;;0;3/18/2019;07:22:54;;Thawed by DMR on 2-26-19.;4;Cells;8;3/2/2018;;Used;;;;SQZ100518A;;DMR;0;;;;;;0;100518;;;;;;;RF made these lines. They are MM134 that overexpress WNT4. Blasticidin is used for selection.
MM134-WNT4;2/23/2018;drao;;100088;SQZ100088;;;12;7;8;;3/2/2018;16:58:29;;;;;Sikora Lab;;0;2/25/2019;15:50:03;;Checked out by DMR on 12-11-18.;5;Cells;8;3/2/2018;;Used;;;;SQZ100519A;;DMR;0;;;;;;0;100519;;;;;;;RF made these lines. They are MM134 that overexpress WNT4. Blasticidin is used for selection.
MM134-WNT4;2/23/2018;drao;;100088;SQZ100088;;;12;7;8;;3/2/2018;16:58:29;;;;;Sikora Lab;;0;9/24/2018;13:23:02;;Checked out by DMR on 5/30/18.;6;Cells;8;3/2/2018;;Used;;;;SQZ100520A;;DMR;0;;;;;;0;100520;;;;;;;RF made these lines. They are MM134 that overexpress WNT4. Blasticidin is used for selection.
HT1080-A11-WNT3A;10/6/2017;drao;;100079;SQZ100079;;;15;8;6;;1/3/2018;11:38:50;;;;;Sikora Lab;;0;5/18/2018;14:31:34;;Frozen back from previous thaw on 2-2-18;6;Cells;9;5/18/2018;;In Storage;;;;SQZ100521A;;DMR;0;;;;;;0;100521;;;;;;;For publication (Rao et al, 2018), these cells are reffered to as PKO (PORCN knock-out). We recieved two cell lines from the Virshup lab that have PORCN knocked out, A11 and C10. A11 were used as they had the least amount of autonomous WNT activity (as measured by DVL2/3).
HT1080-A11-WNT3A;10/6/2017;drao;;100079;SQZ100079;;;15;8;6;;1/3/2018;11:38:50;;;;;Sikora Lab;;0;1/14/2019;08:25:39;;Freeze back on 2-2-18 from previous thaw. Thawed by DMR on 10-22-18.;7;Cells;9;5/18/2018;;Used;;;;SQZ100522A;;DMR;100400;;;;;;0;100522;;;;;;;For publication (Rao et al, 2018), these cells are reffered to as PKO (PORCN knock-out). We recieved two cell lines from the Virshup lab that have PORCN knocked out, A11 and C10. A11 were used as they had the least amount of autonomous WNT activity (as measured by DVL2/3).
HT1080;7/30/2017;drao;;100052;SQZ100052;;;20;14;P3;;8/29/2017;10:58:46;;;;;Virshup/Singapore;;0;00/00/00;00:00:00;;Froze back on 5/11/18 from previous thaw.;13;Cells;9;5/18/2018;;In Storage;;Sikora LN2 #1;LN2 Canes;SQZ100523A;;DMR;100508;1;D;1;1;;0;100523;;;;;;;These cells were split and frozen down from a vial originally obtained from the Virshup laboratory.
HT1080;7/30/2017;drao;;100052;SQZ100052;;;20;14;P3;;8/29/2017;10:58:46;;;;;Virshup/Singapore;;0;00/00/00;00:00:00;;Froze back on 5/11/18 from previous thaw.;14;Cells;9;5/18/2018;;In Storage;;Sikora LN2 #1;LN2 Canes;SQZ100524A;;DMR;100508;1;D;1;2;;0;100524;;;;;;;These cells were split and frozen down from a vial originally obtained from the Virshup laboratory.
HT1080;7/30/2017;drao;;100052;SQZ100052;;;20;14;P3;;8/29/2017;10:58:46;;;;;Virshup/Singapore;;0;00/00/00;00:00:00;;Froze back on 5/11/18 from previous thaw.;15;Cells;9;5/18/2018;;In Storage;;Sikora LN2 #1;LN2 Canes;SQZ100525A;;DMR;100508;1;D;1;3;;0;100525;;;;;;;These cells were split and frozen down from a vial originally obtained from the Virshup laboratory.
HT1080;7/30/2017;drao;;100052;SQZ100052;;;20;14;P3;;8/29/2017;10:58:46;;;;;Virshup/Singapore;;0;00/00/00;00:00:00;;Froze back on 5/11/18 from previous thaw.;16;Cells;9;5/18/2018;;In Storage;;Sikora LN2 #1;LN2 Canes;SQZ100526A;;DMR;100508;1;D;1;4;;0;100526;;;;;;;These cells were split and frozen down from a vial originally obtained from the Virshup laboratory.
HT1080;7/30/2017;drao;;100052;SQZ100052;;;20;14;P3;;8/29/2017;10:58:46;;;;;Virshup/Singapore;;0;1/14/2019;08:24:10;;Froze back on 5/11/18 from previous thaw.;17;Cells;9;5/18/2018;;Used;;;;SQZ100527A;;DMR;100508;;;;;;0;100527;;;;;;;These cells were split and frozen down from a vial originally obtained from the Virshup laboratory.
HT1080 A11;8/11/2017;drao;;100051;SQZ100051;;;21;15;P4;;8/29/2017;10:53:09;;;;;Virshup/Singapore;;0;00/00/00;00:00:00;;Freeze back on 5-11-18 from previous thaw.;14;Cells;10;5/18/2018;;In Storage;;Sikora LN2 #1;LN2 Canes;SQZ100528A;;DMR;100505;1;D;1;6;;0;100528;;;;;;;These were split and frozen down from an original vial from Virshup. The passage number refers to how many times it has been passeged by the Sikora Lab.For publication (Rao et al, 2018), these cells are reffered to as PKO (PORCN knock-out). We recieved two cell lines from the Virshup lab that have PORCN knocked out, A11 and C10. A11 were used as they had the least amount of autonomous WNT activity (as measured by DVL2/3).
HT1080 A11;8/11/2017;drao;;100051;SQZ100051;;;21;15;P4;;8/29/2017;10:53:09;;;;;Virshup/Singapore;;0;00/00/00;00:00:00;;Freeze back on 5-11-18 from previous thaw.;15;Cells;10;5/18/2018;;In Storage;;Sikora LN2 #1;LN2 Canes;SQZ100529A;;DMR;100505;1;D;1;7;;0;100529;;;;;;;These were split and frozen down from an original vial from Virshup. The passage number refers to how many times it has been passeged by the Sikora Lab.For publication (Rao et al, 2018), these cells are reffered to as PKO (PORCN knock-out). We recieved two cell lines from the Virshup lab that have PORCN knocked out, A11 and C10. A11 were used as they had the least amount of autonomous WNT activity (as measured by DVL2/3).
HT1080 A11;8/11/2017;drao;;100051;SQZ100051;;;21;15;P4;;8/29/2017;10:53:09;;;;;Virshup/Singapore;;0;00/00/00;00:00:00;;Freeze back on 5-11-18 from previous thaw.;16;Cells;10;5/18/2018;;In Storage;;Sikora LN2 #1;LN2 Canes;SQZ100530A;;DMR;100505;1;D;1;8;;0;100530;;;;;;;These were split and frozen down from an original vial from Virshup. The passage number refers to how many times it has been passeged by the Sikora Lab.For publication (Rao et al, 2018), these cells are reffered to as PKO (PORCN knock-out). We recieved two cell lines from the Virshup lab that have PORCN knocked out, A11 and C10. A11 were used as they had the least amount of autonomous WNT activity (as measured by DVL2/3).
HT1080 A11;8/11/2017;drao;;100051;SQZ100051;;;21;15;P4;;8/29/2017;10:53:09;;;;;Virshup/Singapore;;0;6/20/2019;14:18:16;;Freeze back on 5-11-18 from previous thaw. Thawed by DMR on 4-9-19.;17;Cells;10;5/18/2018;;Used;;;;SQZ100531A;;DMR;100505;;;;;;0;100531;;;;;;;These were split and frozen down from an original vial from Virshup. The passage number refers to how many times it has been passeged by the Sikora Lab.For publication (Rao et al, 2018), these cells are reffered to as PKO (PORCN knock-out). We recieved two cell lines from the Virshup lab that have PORCN knocked out, A11 and C10. A11 were used as they had the least amount of autonomous WNT activity (as measured by DVL2/3).
HT1080 A11;8/11/2017;drao;;100051;SQZ100051;;;21;15;P4;;8/29/2017;10:53:09;;;;;Virshup/Singapore;;0;1/14/2019;08:24:31;;Freeze back on 5-11-18 from previous thaw.;18;Cells;10;5/18/2018;;Used;;;;SQZ100532A;;DMR;100505;;;;;;0;100532;;;;;;;These were split and frozen down from an original vial from Virshup. The passage number refers to how many times it has been passeged by the Sikora Lab.For publication (Rao et al, 2018), these cells are reffered to as PKO (PORCN knock-out). We recieved two cell lines from the Virshup lab that have PORCN knocked out, A11 and C10. A11 were used as they had the least amount of autonomous WNT activity (as measured by DVL2/3).
HT1080+WNT3A;10/6/2017;drao;;100082;SQZ100082;;;13;8;6;;1/3/2018;11:44:08;;;;;Sikora Lab;;0;00/00/00;00:00:00;;Freeze back on 5-11-18 from previous thaw.;6;Cells;12;5/18/2018;;In Storage;;Sikora LN2 #1;LN2 Canes;SQZ100533A;;DMR;100502;1;D;2;2;;0;100533;;;;;;;
HT1080+WNT3A;10/6/2017;drao;;100082;SQZ100082;;;13;8;6;;1/3/2018;11:44:08;;;;;Sikora Lab;;0;00/00/00;00:00:00;;Freeze back on 5-11-18 from previous thaw.;7;Cells;12;5/18/2018;;In Storage;;Sikora LN2 #1;LN2 Canes;SQZ100534A;;DMR;100502;1;D;2;3;;0;100534;;;;;;;
HT1080+WNT3A;10/6/2017;drao;;100082;SQZ100082;;;13;8;6;;1/3/2018;11:44:08;;;;;Sikora Lab;;0;00/00/00;00:00:00;;Freeze back on 5-11-18 from previous thaw.;8;Cells;12;5/18/2018;;In Storage;;Sikora LN2 #1;LN2 Canes;SQZ100535A;;DMR;100502;1;D;2;4;;0;100535;;;;;;;
HT1080+WNT3A;10/6/2017;drao;;100082;SQZ100082;;;13;8;6;;1/3/2018;11:44:08;;;;;Sikora Lab;;0;00/00/00;00:00:00;;Freeze back on 5-11-18 from previous thaw.;9;Cells;12;5/18/2018;;In Storage;;Sikora LN2 #1;LN2 Canes;SQZ100536A;;DMR;100502;1;D;2;5;;0;100536;;;;;;;
HT1080+WNT3A;10/6/2017;drao;;100082;SQZ100082;;;13;8;6;;1/3/2018;11:44:08;;;;;Sikora Lab;;0;00/00/00;00:00:00;;Freeze back on 5-11-18 from previous thaw.;10;Cells;12;5/18/2018;;In Storage;;Sikora LN2 #1;LN2 Canes;SQZ100537A;;DMR;100502;1;D;2;6;;0;100537;;;;;;;
HT1080-A11-WNT3A;10/6/2017;drao;;100079;SQZ100079;;;15;8;6;;1/3/2018;11:38:50;;;;;Sikora Lab;;0;00/00/00;00:00:00;;Freeze back on 5-11-18 from previous thaw.;8;Cells;12;5/18/2018;;In Storage;;Sikora LN2 #1;LN2 Canes;SQZ100538A;;DMR;100493;1;D;2;7;;0;100538;;;;;;;For publication (Rao et al, 2018), these cells are reffered to as PKO (PORCN knock-out). We recieved two cell lines from the Virshup lab that have PORCN knocked out, A11 and C10. A11 were used as they had the least amount of autonomous WNT activity (as measured by DVL2/3).
HT1080-A11-WNT3A;10/6/2017;drao;;100079;SQZ100079;;;15;8;6;;1/3/2018;11:38:50;;;;;Sikora Lab;;0;00/00/00;00:00:00;;Freeze back on 5-11-18 from previous thaw.;9;Cells;12;5/18/2018;;In Storage;;Sikora LN2 #1;LN2 Canes;SQZ100539A;;DMR;100493;1;D;2;8;;0;100539;;;;;;;For publication (Rao et al, 2018), these cells are reffered to as PKO (PORCN knock-out). We recieved two cell lines from the Virshup lab that have PORCN knocked out, A11 and C10. A11 were used as they had the least amount of autonomous WNT activity (as measured by DVL2/3).
HT1080-A11-WNT3A;10/6/2017;drao;;100079;SQZ100079;;;15;8;6;;1/3/2018;11:38:50;;;;;Sikora Lab;;0;00/00/00;00:00:00;;Freeze back on 5-11-18 from previous thaw.;10;Cells;12;5/18/2018;;In Storage;;Sikora LN2 #1;LN2 Canes;SQZ100540A;;DMR;100493;1;D;2;9;;0;100540;;;;;;;For publication (Rao et al, 2018), these cells are reffered to as PKO (PORCN knock-out). We recieved two cell lines from the Virshup lab that have PORCN knocked out, A11 and C10. A11 were used as they had the least amount of autonomous WNT activity (as measured by DVL2/3).
HT1080-A11-WNT3A;10/6/2017;drao;;100079;SQZ100079;;;15;8;6;;1/3/2018;11:38:50;;;;;Sikora Lab;;0;00/00/00;00:00:00;;Freeze back on 5-11-18 from previous thaw.;11;Cells;12;5/18/2018;;In Storage;;Sikora LN2 #1;LN2 Canes;SQZ100541A;;DMR;100493;1;D;3;1;;0;100541;;;;;;;For publication (Rao et al, 2018), these cells are reffered to as PKO (PORCN knock-out). We recieved two cell lines from the Virshup lab that have PORCN knocked out, A11 and C10. A11 were used as they had the least amount of autonomous WNT activity (as measured by DVL2/3).
HT1080-A11-WNT3A;10/6/2017;drao;;100079;SQZ100079;;;15;8;6;;1/3/2018;11:38:50;;;;;Sikora Lab;;0;6/20/2019;14:18:35;;Freeze back on 5-11-18 from previous thaw. Checked out by DMR on 4-9-19.;12;Cells;12;5/18/2018;;Used;;;;SQZ100542A;;DMR;100493;;;;;;0;100542;;;;;;;For publication (Rao et al, 2018), these cells are reffered to as PKO (PORCN knock-out). We recieved two cell lines from the Virshup lab that have PORCN knocked out, A11 and C10. A11 were used as they had the least amount of autonomous WNT activity (as measured by DVL2/3).
HT1080+WNT4;10/6/2017;drao;;100081;SQZ100081;;;13;7;6;;1/3/2018;11:41:39;;;;;Sikora Lab;;0;00/00/00;00:00:00;;Freeze back on 5-11-18 from previous thaw.;6;Cells;12;5/18/2018;;In Storage;;Sikora LN2 #1;LN2 Canes;SQZ100543A;;DMR;100499;1;D;3;3;;0;100543;;;;;;;
HT1080+WNT4;10/6/2017;drao;;100081;SQZ100081;;;13;7;6;;1/3/2018;11:41:39;;;;;Sikora Lab;;0;00/00/00;00:00:00;;Freeze back on 5-11-18 from previous thaw.;7;Cells;12;5/18/2018;;In Storage;;Sikora LN2 #1;LN2 Canes;SQZ100544A;;DMR;100499;1;D;3;4;;0;100544;;;;;;;
HT1080+WNT4;10/6/2017;drao;;100081;SQZ100081;;;13;7;6;;1/3/2018;11:41:39;;;;;Sikora Lab;;0;00/00/00;00:00:00;;Freeze back on 5-11-18 from previous thaw.;8;Cells;12;5/18/2018;;In Storage;;Sikora LN2 #1;LN2 Canes;SQZ100545A;;DMR;100499;1;D;3;5;;0;100545;;;;;;;
HT1080+WNT4;10/6/2017;drao;;100081;SQZ100081;;;13;7;6;;1/3/2018;11:41:39;;;;;Sikora Lab;;0;00/00/00;00:00:00;;Freeze back on 5-11-18 from previous thaw.;9;Cells;12;5/18/2018;;In Storage;;Sikora LN2 #1;LN2 Canes;SQZ100546A;;DMR;100499;1;D;3;6;;0;100546;;;;;;;
HT1080+WNT4;10/6/2017;drao;;100081;SQZ100081;;;13;7;6;;1/3/2018;11:41:39;;;;;Sikora Lab;;0;00/00/00;00:00:00;;Freeze back on 5-11-18 from previous thaw.;10;Cells;12;5/18/2018;;In Storage;;Sikora LN2 #1;LN2 Canes;SQZ100547A;;DMR;100499;1;D;3;7;;0;100547;;;;;;;
HT1080-A11+WNT4;10/6/2017;drao;;100080;SQZ100080;;;13;6;6;;1/3/2018;11:39:57;;;;;Sikora Lab;;0;00/00/00;00:00:00;;Freeze back on 5-11-18 from previous thaw.;6;Cells;12;5/18/2018;;In Storage;;Sikora LN2 #1;LN2 Canes;SQZ100548A;;DMR;100494;1;D;3;8;;0;100548;;;;;;;For publication (Rao et al, 2018), these cells are reffered to as PKO (PORCN knock-out). We recieved two cell lines from the Virshup lab that have PORCN knocked out, A11 and C10. A11 were used as they had the least amount of autonomous WNT activity (as measured by DVL2/3).
HT1080-A11+WNT4;10/6/2017;drao;;100080;SQZ100080;;;13;6;6;;1/3/2018;11:39:57;;;;;Sikora Lab;;0;00/00/00;00:00:00;;Freeze back on 5-11-18 from previous thaw.;7;Cells;12;5/18/2018;;In Storage;;Sikora LN2 #1;LN2 Canes;SQZ100549A;;DMR;100494;1;D;3;9;;0;100549;;;;;;;For publication (Rao et al, 2018), these cells are reffered to as PKO (PORCN knock-out). We recieved two cell lines from the Virshup lab that have PORCN knocked out, A11 and C10. A11 were used as they had the least amount of autonomous WNT activity (as measured by DVL2/3).
HT1080-A11+WNT4;10/6/2017;drao;;100080;SQZ100080;;;13;6;6;;1/3/2018;11:39:57;;;;;Sikora Lab;;0;00/00/00;00:00:00;;Freeze back on 5-11-18 from previous thaw.;8;Cells;12;5/18/2018;;In Storage;;Sikora LN2 #1;LN2 Canes;SQZ100550A;;DMR;100494;1;D;4;1;;0;100550;;;;;;;For publication (Rao et al, 2018), these cells are reffered to as PKO (PORCN knock-out). We recieved two cell lines from the Virshup lab that have PORCN knocked out, A11 and C10. A11 were used as they had the least amount of autonomous WNT activity (as measured by DVL2/3).
HT1080-A11+WNT4;10/6/2017;drao;;100080;SQZ100080;;;13;6;6;;1/3/2018;11:39:57;;;;;Sikora Lab;;0;00/00/00;00:00:00;;Freeze back on 5-11-18 from previous thaw.;9;Cells;12;5/18/2018;;In Storage;;Sikora LN2 #1;LN2 Canes;SQZ100551A;;DMR;100494;1;D;4;2;;0;100551;;;;;;;For publication (Rao et al, 2018), these cells are reffered to as PKO (PORCN knock-out). We recieved two cell lines from the Virshup lab that have PORCN knocked out, A11 and C10. A11 were used as they had the least amount of autonomous WNT activity (as measured by DVL2/3).
HT1080-A11+WNT4;10/6/2017;drao;;100080;SQZ100080;;;13;6;6;;1/3/2018;11:39:57;;;;;Sikora Lab;;0;6/20/2019;14:18:53;;Freeze back on 5-11-18 from previous thaw. Checked out by DMR on 4-9-19.;10;Cells;12;5/18/2018;;Used;;;;SQZ100552A;;DMR;100494;;;;;;0;100552;;;;;;;For publication (Rao et al, 2018), these cells are reffered to as PKO (PORCN knock-out). We recieved two cell lines from the Virshup lab that have PORCN knocked out, A11 and C10. A11 were used as they had the least amount of autonomous WNT activity (as measured by DVL2/3).
MDA-MB-231;6/21/2018;drao;;100089;SQZ100089;;;10;9;1;;6/21/2018;09:35:59;;;;;ATCC;;0;00/00/00;00:00:00;;Original vial from ATCC.;1;Cells;1;6/21/2018;;In Storage;;Sikora LN2 #1;LN2 Canes;SQZ100553A;;DMR;0;4;J;2;9;;0;100553;;;;;;;ATCC HTB-26. From ATCC "Mammary gland/breast, derived from metastatic site. Growth media is L-15+10%FBS." *Two vials sent with purchase (?)Lot: 70000792
MDA-MB-231;6/21/2018;drao;;100089;SQZ100089;;;10;9;1;;6/21/2018;09:35:59;;;;;ATCC;;0;9/28/2018;14:00:45;;;2;Cells;p1;7/10/2018;;Used;;;;SQZ100554A;;ATCC;0;;;;;;0;100554;;;;;;;ATCC HTB-26. From ATCC "Mammary gland/breast, derived from metastatic site. Growth media is L-15+10%FBS." *Two vials sent with purchase (?)Lot: 70000792
RL95-2;6/21/2018;ADMIN;;100090;SQZ100090;;;5;4;p1;;7/10/2018;12:03:56;;;;;ATCC;;0;11/1/2018;16:08:55;;;1;Cells;p1;7/10/2018;;Used;;;;SQZ100555A;;ATCC;0;;;;;;0;100555;;;;;;;RL95-2 (ATCC CRL-1971); endometrial cancerLot: 62130010
MM134-WNT3A;7/13/2018;drao;;100091;SQZ100091;;;5;5;17;;7/23/2018;07:44:36;;;;;Sikora Lab;;0;9/4/2019;11:53:26;;Thawed by MTS on 09/04/19;1;Cells;17;7/23/2018;;Checked Out;;Sikora LN2 #1;LN2 Canes;SQZ100556A;;DMR;0;4;J;3;3;;0;100556;;;;;;;These are MM134 that overexpress WNT3A made by RF and frozen back by DMR. Blasticidin is used for selection.
MM134-WNT3A;7/13/2018;drao;;100091;SQZ100091;;;5;5;17;;7/23/2018;07:44:36;;;;;Sikora Lab;;0;00/00/00;00:00:00;;;2;Cells;17;7/23/2018;;In Storage;;Sikora LN2 #1;LN2 Canes;SQZ100557A;;DMR;0;4;J;3;4;;0;100557;;;;;;;These are MM134 that overexpress WNT3A made by RF and frozen back by DMR. Blasticidin is used for selection.
MM134-WNT3A;7/13/2018;drao;;100091;SQZ100091;;;5;5;17;;7/23/2018;07:44:36;;;;;Sikora Lab;;0;00/00/00;00:00:00;;;3;Cells;17;7/23/2018;;In Storage;;Sikora LN2 #1;LN2 Canes;SQZ100558A;;DMR;0;4;J;3;5;;0;100558;;;;;;;These are MM134 that overexpress WNT3A made by RF and frozen back by DMR. Blasticidin is used for selection.
MM134-WNT3A;7/13/2018;drao;;100091;SQZ100091;;;5;5;17;;7/23/2018;07:44:36;;;;;Sikora Lab;;0;00/00/00;00:00:00;;;4;Cells;17;7/23/2018;;In Storage;;Sikora LN2 #1;LN2 Canes;SQZ100559A;;DMR;0;4;J;3;6;;0;100559;;;;;;;These are MM134 that overexpress WNT3A made by RF and frozen back by DMR. Blasticidin is used for selection.
MM134-WNT3A;7/13/2018;drao;;100091;SQZ100091;;;5;5;17;;7/23/2018;07:44:36;;;;;Sikora Lab;;0;00/00/00;00:00:00;;;5;Cells;17;7/23/2018;;In Storage;;Sikora LN2 #1;LN2 Canes;SQZ100560A;;DMR;0;4;J;3;7;;0;100560;;;;;;;These are MM134 that overexpress WNT3A made by RF and frozen back by DMR. Blasticidin is used for selection.
MM134-WNT4;7/13/2018;drao;;100092;SQZ100092;;;5;5;17;;7/23/2018;07:54:42;;;;;Sikora Lab;;0;00/00/00;00:00:00;;;1;Cells;17;7/23/2018;;In Storage;;Sikora LN2 #1;LN2 Canes;SQZ100561A;;DMR;0;4;J;3;8;;0;100561;;;;;;;These are MM134 that overexpress WNT4 made by RF and frozen back by DMR. Blasticidin is used for selection.
MM134-WNT4;7/13/2018;drao;;100092;SQZ100092;;;5;5;17;;7/23/2018;07:54:42;;;;;Sikora Lab;;0;00/00/00;00:00:00;;;2;Cells;17;7/23/2018;;In Storage;;Sikora LN2 #1;LN2 Canes;SQZ100562A;;DMR;0;4;J;3;9;;0;100562;;;;;;;These are MM134 that overexpress WNT4 made by RF and frozen back by DMR. Blasticidin is used for selection.
MM134-WNT4;7/13/2018;drao;;100092;SQZ100092;;;5;5;17;;7/23/2018;07:54:42;;;;;Sikora Lab;;0;00/00/00;00:00:00;;;3;Cells;17;7/23/2018;;In Storage;;Sikora LN2 #1;LN2 Canes;SQZ100563A;;DMR;0;4;J;4;1;;0;100563;;;;;;;These are MM134 that overexpress WNT4 made by RF and frozen back by DMR. Blasticidin is used for selection.
MM134-WNT4;7/13/2018;drao;;100092;SQZ100092;;;5;5;17;;7/23/2018;07:54:42;;;;;Sikora Lab;;0;11/5/2019;12:29:04;;11-5-2019 MTS Checked out;4;Cells;17;7/23/2018;;Checked Out;;Sikora LN2 #1;LN2 Canes;SQZ100564A;;DMR;0;4;J;4;2;;0;100564;;;;;;;These are MM134 that overexpress WNT4 made by RF and frozen back by DMR. Blasticidin is used for selection.
MM134-WNT4;7/13/2018;drao;;100092;SQZ100092;;;5;5;17;;7/23/2018;07:54:42;;;;;Sikora Lab;;0;9/4/2019;11:55:03;;Thawed by MTS on 09.04.19;5;Cells;17;7/23/2018;;Checked Out;;Sikora LN2 #1;LN2 Canes;SQZ100565A;;DMR;0;4;J;4;3;;0;100565;;;;;;;These are MM134 that overexpress WNT4 made by RF and frozen back by DMR. Blasticidin is used for selection.
MDA-MB-231;6/21/2018;drao;;100089;SQZ100089;;;10;9;1;;6/21/2018;09:35:59;;;;;ATCC;;0;00/00/00;00:00:00;;;3;Cells;p+2;7/26/2018;;In Storage;;Sikora LN2 #1;LN2 Canes;SQZ100566A;;Matt;100554;4;J;4;4;;0;100566;;;;;;;ATCC HTB-26. From ATCC "Mammary gland/breast, derived from metastatic site. Growth media is L-15+10%FBS." *Two vials sent with purchase (?)Lot: 70000792
MDA-MB-231;6/21/2018;drao;;100089;SQZ100089;;;10;9;1;;6/21/2018;09:35:59;;;;;ATCC;;0;00/00/00;00:00:00;;;4;Cells;p+2;7/26/2018;;In Storage;;Sikora LN2 #1;LN2 Canes;SQZ100567A;;Matt;100554;4;J;4;5;;0;100567;;;;;;;ATCC HTB-26. From ATCC "Mammary gland/breast, derived from metastatic site. Growth media is L-15+10%FBS." *Two vials sent with purchase (?)Lot: 70000792
MDA-MB-231;6/21/2018;drao;;100089;SQZ100089;;;10;9;1;;6/21/2018;09:35:59;;;;;ATCC;;0;00/00/00;00:00:00;;;5;Cells;p+2;7/26/2018;;In Storage;;Sikora LN2 #1;LN2 Canes;SQZ100568A;;Matt;100554;4;J;4;6;;0;100568;;;;;;;ATCC HTB-26. From ATCC "Mammary gland/breast, derived from metastatic site. Growth media is L-15+10%FBS." *Two vials sent with purchase (?)Lot: 70000792
MDA-MB-231;6/21/2018;drao;;100089;SQZ100089;;;10;9;1;;6/21/2018;09:35:59;;;;;ATCC;;0;00/00/00;00:00:00;;;6;Cells;p+2;7/26/2018;;In Storage;;Sikora LN2 #1;LN2 Canes;SQZ100569A;;Matt;100554;4;J;4;7;;0;100569;;;;;;;ATCC HTB-26. From ATCC "Mammary gland/breast, derived from metastatic site. Growth media is L-15+10%FBS." *Two vials sent with purchase (?)Lot: 70000792
PEO1;7/9/2018;ADMIN;;100093;SQZ100093;Matt Sikora;;5;5;p+2;;7/26/2018;15:26:02;;;;;Bitler Lab;;0;00/00/00;00:00:00;;;1;Cells;p+2;7/26/2018;;In Storage;;Sikora LN2 #1;LN2 Canes;SQZ100570A;;Matt;0;4;J;4;8;;0;100570;;;;;;;Obtained from Ben Bitler (CU Anschutz), unknown starting passage.
PEO1;7/9/2018;ADMIN;;100093;SQZ100093;Matt Sikora;;5;5;p+2;;7/26/2018;15:26:02;;;;;Bitler Lab;;0;00/00/00;00:00:00;;;2;Cells;p+2;7/26/2018;;In Storage;;Sikora LN2 #1;LN2 Canes;SQZ100571A;;Matt;0;4;J;4;9;;0;100571;;;;;;;Obtained from Ben Bitler (CU Anschutz), unknown starting passage.
PEO1;7/9/2018;ADMIN;;100093;SQZ100093;Matt Sikora;;5;5;p+2;;7/26/2018;15:26:02;;;;;Bitler Lab;;0;00/00/00;00:00:00;;;3;Cells;p+2;7/26/2018;;In Storage;;Sikora LN2 #1;LN2 Canes;SQZ100572A;;Matt;0;4;J;5;1;;0;100572;;;;;;;Obtained from Ben Bitler (CU Anschutz), unknown starting passage.
PEO1;7/9/2018;ADMIN;;100093;SQZ100093;Matt Sikora;;5;5;p+2;;7/26/2018;15:26:02;;;;;Bitler Lab;;0;00/00/00;00:00:00;;;4;Cells;p+2;7/26/2018;;In Storage;;Sikora LN2 #1;LN2 Canes;SQZ100573A;;Matt;0;4;J;5;2;;0;100573;;;;;;;Obtained from Ben Bitler (CU Anschutz), unknown starting passage.
PEO1;7/9/2018;ADMIN;;100093;SQZ100093;Matt Sikora;;5;5;p+2;;7/26/2018;15:26:02;;;;;Bitler Lab;;0;00/00/00;00:00:00;;;5;Cells;p+2;7/26/2018;;In Storage;;Sikora LN2 #1;LN2 Canes;SQZ100574A;;Matt;0;4;J;5;3;;0;100574;;;;;;;Obtained from Ben Bitler (CU Anschutz), unknown starting passage.
SUM44PE+WNT3A;7/23/2018;drao;;100094;SQZ100094;;;15;14;13;;7/27/2018;11:06:49;;;;;Sikora Lab;;0;00/00/00;00:00:00;;;1;Cells;13;7/27/2018;;In Storage;;Sikora LN2 #1;LN2 Canes;SQZ100575A;;DMR;0;4;J;5;4;;0;100575;;;;;;;This cell line was made by RF to stably over-express WNT3A. Blasticidin is used for selection.
SUM44PE+WNT3A;7/23/2018;drao;;100094;SQZ100094;;;15;14;13;;7/27/2018;11:06:49;;;;;Sikora Lab;;0;00/00/00;00:00:00;;;2;Cells;13;7/27/2018;;In Storage;;Sikora LN2 #1;LN2 Canes;SQZ100576A;;DMR;0;4;J;5;5;;0;100576;;;;;;;This cell line was made by RF to stably over-express WNT3A. Blasticidin is used for selection.
SUM44PE+WNT3A;7/23/2018;drao;;100094;SQZ100094;;;15;14;13;;7/27/2018;11:06:49;;;;;Sikora Lab;;0;00/00/00;00:00:00;;;3;Cells;13;7/27/2018;;In Storage;;Sikora LN2 #1;LN2 Canes;SQZ100577A;;DMR;0;4;J;5;6;;0;100577;;;;;;;This cell line was made by RF to stably over-express WNT3A. Blasticidin is used for selection.
SUM44PE+WNT3A;7/23/2018;drao;;100094;SQZ100094;;;15;14;13;;7/27/2018;11:06:49;;;;;Sikora Lab;;0;00/00/00;00:00:00;;;4;Cells;13;7/27/2018;;In Storage;;Sikora LN2 #1;LN2 Canes;SQZ100578A;;DMR;0;4;J;5;7;;0;100578;;;;;;;This cell line was made by RF to stably over-express WNT3A. Blasticidin is used for selection.
SUM44PE+WNT3A;7/23/2018;drao;;100094;SQZ100094;;;15;14;13;;7/27/2018;11:06:49;;;;;Sikora Lab;;0;11/1/2018;16:03:46;;Thawed by DMR on 9-24-18.;5;Cells;13;7/27/2018;;Used;;;;SQZ100579A;;DMR;0;;;;;;0;100579;;;;;;;This cell line was made by RF to stably over-express WNT3A. Blasticidin is used for selection.
SUM44PE+WNT4;7/23/2018;drao;;100095;SQZ100095;;;15;12;13;;7/27/2018;11:12:02;;;;;Sikora Lab;;0;00/00/00;00:00:00;;;1;Cells;13;7/27/2018;;In Storage;;Sikora LN2 #1;LN2 Canes;SQZ100580A;;DMR;0;4;J;5;9;;0;100580;;;;;;;This cell line was made by RF to stably over-express WNT4. Blasticidin is used for selection.
SUM44PE+WNT4;7/23/2018;drao;;100095;SQZ100095;;;15;12;13;;7/27/2018;11:12:02;;;;;Sikora Lab;;0;00/00/00;00:00:00;;;2;Cells;13;7/27/2018;;In Storage;;Sikora LN2 #1;LN2 Canes;SQZ100581A;;DMR;0;4;J;6;1;;0;100581;;;;;;;This cell line was made by RF to stably over-express WNT4. Blasticidin is used for selection.
SUM44PE+WNT4;7/23/2018;drao;;100095;SQZ100095;;;15;12;13;;7/27/2018;11:12:02;;;;;Sikora Lab;;0;3/18/2019;07:28:32;;Thawd by DMR on 2-26-19.;3;Cells;13;7/27/2018;;Used;;;;SQZ100582A;;DMR;0;;;;;;0;100582;;;;;;;This cell line was made by RF to stably over-express WNT4. Blasticidin is used for selection.
SUM44PE+WNT4;7/23/2018;drao;;100095;SQZ100095;;;15;12;13;;7/27/2018;11:12:02;;;;;Sikora Lab;;0;3/18/2019;14:57:48;;Thawed by RF on 11-7-18.;4;Cells;13;7/27/2018;;Used;;;;SQZ100583A;;DMR;0;;;;;;0;100583;;;;;;;This cell line was made by RF to stably over-express WNT4. Blasticidin is used for selection.
SUM44PE+WNT4;7/23/2018;drao;;100095;SQZ100095;;;15;12;13;;7/27/2018;11:12:02;;;;;Sikora Lab;;0;11/1/2018;16:05:04;;Thawed by DMR on 9-24-18.;5;Cells;13;7/27/2018;;Used;;;;SQZ100584A;;DMR;0;;;;;;0;100584;;;;;;;This cell line was made by RF to stably over-express WNT4. Blasticidin is used for selection.
HCC1428+WNT3A;7/23/2018;drao;;100096;SQZ100096;;;5;5;11;;7/27/2018;11:16:01;;;;;Sikora Lab;;0;00/00/00;00:00:00;;;1;Cells;11;7/27/2018;;In Storage;;Sikora LN2 #1;LN2 Canes;SQZ100585A;;DMR;0;4;J;6;5;;0;100585;;;;;;;This cell lines was made by RF to stably over-express WNT3A. Blasticidin is used for selection.
HCC1428+WNT3A;7/23/2018;drao;;100096;SQZ100096;;;5;5;11;;7/27/2018;11:16:01;;;;;Sikora Lab;;0;00/00/00;00:00:00;;;2;Cells;11;7/27/2018;;In Storage;;Sikora LN2 #1;LN2 Canes;SQZ100586A;;DMR;0;4;J;6;6;;0;100586;;;;;;;This cell lines was made by RF to stably over-express WNT3A. Blasticidin is used for selection.
HCC1428+WNT3A;7/23/2018;drao;;100096;SQZ100096;;;5;5;11;;7/27/2018;11:16:01;;;;;Sikora Lab;;0;00/00/00;00:00:00;;;3;Cells;11;7/27/2018;;In Storage;;Sikora LN2 #1;LN2 Canes;SQZ100587A;;DMR;0;4;J;6;7;;0;100587;;;;;;;This cell lines was made by RF to stably over-express WNT3A. Blasticidin is used for selection.
HCC1428+WNT3A;7/23/2018;drao;;100096;SQZ100096;;;5;5;11;;7/27/2018;11:16:01;;;;;Sikora Lab;;0;00/00/00;00:00:00;;;4;Cells;11;7/27/2018;;In Storage;;Sikora LN2 #1;LN2 Canes;SQZ100588A;;DMR;0;4;J;6;8;;0;100588;;;;;;;This cell lines was made by RF to stably over-express WNT3A. Blasticidin is used for selection.
HCC1428+WNT3A;7/23/2018;drao;;100096;SQZ100096;;;5;5;11;;7/27/2018;11:16:01;;;;;Sikora Lab;;0;00/00/00;00:00:00;;;5;Cells;11;7/27/2018;;In Storage;;Sikora LN2 #1;LN2 Canes;SQZ100589A;;DMR;0;4;J;6;9;;0;100589;;;;;;;This cell lines was made by RF to stably over-express WNT3A. Blasticidin is used for selection.
HCC1428+WNT4;7/23/2018;drao;;100097;SQZ100097;;;5;5;11;;7/27/2018;11:21:01;;;;;Sikora Lab;;0;00/00/00;00:00:00;;;1;Cells;11;7/27/2018;;In Storage;;Sikora LN2 #1;LN2 Canes;SQZ100590A;;DMR;0;4;J;7;1;;0;100590;;;;;;;This cell line was made by RF to stably over-express WNT4. Blasticidin is used for selection.
HCC1428+WNT4;7/23/2018;drao;;100097;SQZ100097;;;5;5;11;;7/27/2018;11:21:01;;;;;Sikora Lab;;0;00/00/00;00:00:00;;;2;Cells;11;7/27/2018;;In Storage;;Sikora LN2 #1;LN2 Canes;SQZ100591A;;DMR;0;4;J;7;2;;0;100591;;;;;;;This cell line was made by RF to stably over-express WNT4. Blasticidin is used for selection.
HCC1428+WNT4;7/23/2018;drao;;100097;SQZ100097;;;5;5;11;;7/27/2018;11:21:01;;;;;Sikora Lab;;0;00/00/00;00:00:00;;;3;Cells;11;7/27/2018;;In Storage;;Sikora LN2 #1;LN2 Canes;SQZ100592A;;DMR;0;4;J;7;3;;0;100592;;;;;;;This cell line was made by RF to stably over-express WNT4. Blasticidin is used for selection.
HCC1428+WNT4;7/23/2018;drao;;100097;SQZ100097;;;5;5;11;;7/27/2018;11:21:01;;;;;Sikora Lab;;0;00/00/00;00:00:00;;;4;Cells;11;7/27/2018;;In Storage;;Sikora LN2 #1;LN2 Canes;SQZ100593A;;DMR;0;4;J;7;4;;0;100593;;;;;;;This cell line was made by RF to stably over-express WNT4. Blasticidin is used for selection.
HCC1428+WNT4;7/23/2018;drao;;100097;SQZ100097;;;5;5;11;;7/27/2018;11:21:01;;;;;Sikora Lab;;0;00/00/00;00:00:00;;;5;Cells;11;7/27/2018;;In Storage;;Sikora LN2 #1;LN2 Canes;SQZ100594A;;DMR;0;4;J;7;5;;0;100594;;;;;;;This cell line was made by RF to stably over-express WNT4. Blasticidin is used for selection.
CAMA-1;4/7/2017;admin;;100036;SQZ100036;Matt Sikora;;18;14;p+8;;4/12/2017;15:32:03;;;;;U. Michigan;;0;00/00/00;00:00:00;;;6;Cells;12;7/27/2018;;In Storage;;Sikora LN2 #1;LN2 Canes;SQZ100595A;;RF;100194;4;J;7;6;;0;100595;;;;;;;Obtained from Rae laboratory, J. Thibert freezebacks
CAMA-1;4/7/2017;admin;;100036;SQZ100036;Matt Sikora;;18;14;p+8;;4/12/2017;15:32:03;;;;;U. Michigan;;0;00/00/00;00:00:00;;;7;Cells;12;7/27/2018;;In Storage;;Sikora LN2 #1;LN2 Canes;SQZ100596A;;RF;100194;4;J;7;7;;0;100596;;;;;;;Obtained from Rae laboratory, J. Thibert freezebacks
CAMA-1;4/7/2017;admin;;100036;SQZ100036;Matt Sikora;;18;14;p+8;;4/12/2017;15:32:03;;;;;U. Michigan;;0;00/00/00;00:00:00;;;8;Cells;12;7/27/2018;;In Storage;;Sikora LN2 #1;LN2 Canes;SQZ100597A;;RF;100194;4;J;7;8;;0;100597;;;;;;;Obtained from Rae laboratory, J. Thibert freezebacks
CAMA-1;4/7/2017;admin;;100036;SQZ100036;Matt Sikora;;18;14;p+8;;4/12/2017;15:32:03;;;;;U. Michigan;;0;00/00/00;00:00:00;;;9;Cells;12;7/27/2018;;In Storage;;Sikora LN2 #1;LN2 Canes;SQZ100598A;;RF;100194;4;J;7;9;;0;100598;;;;;;;Obtained from Rae laboratory, J. Thibert freezebacks
CAMA-1;4/7/2017;admin;;100036;SQZ100036;Matt Sikora;;18;14;p+8;;4/12/2017;15:32:03;;;;;U. Michigan;;0;00/00/00;00:00:00;;;10;Cells;12;7/27/2018;;In Storage;;Sikora LN2 #1;LN2 Canes;SQZ100599A;;RF;100194;4;J;8;1;;0;100599;;;;;;;Obtained from Rae laboratory, J. Thibert freezebacks
CAMA-1;4/7/2017;admin;;100036;SQZ100036;Matt Sikora;;18;14;p+8;;4/12/2017;15:32:03;;;;;U. Michigan;;0;00/00/00;00:00:00;;;11;Cells;12;7/27/2018;;In Storage;;Sikora LN2 #1;LN2 Canes;SQZ100600A;;RF;100194;4;J;8;2;;0;100600;;;;;;;Obtained from Rae laboratory, J. Thibert freezebacks
CAMA-1;4/7/2017;admin;;100036;SQZ100036;Matt Sikora;;18;14;p+8;;4/12/2017;15:32:03;;;;;U. Michigan;;0;00/00/00;00:00:00;;;12;Cells;12;7/27/2018;;In Storage;;Sikora LN2 #1;LN2 Canes;SQZ100601A;;RF;100194;4;J;8;3;;0;100601;;;;;;;Obtained from Rae laboratory, J. Thibert freezebacks
CAMA-1;4/7/2017;admin;;100036;SQZ100036;Matt Sikora;;18;14;p+8;;4/12/2017;15:32:03;;;;;U. Michigan;;0;00/00/00;00:00:00;;;13;Cells;12;7/27/2018;;In Storage;;Sikora LN2 #1;LN2 Canes;SQZ100602A;;RF;100194;4;J;8;4;;0;100602;;;;;;;Obtained from Rae laboratory, J. Thibert freezebacks
MCF-7;3/16/2017;admin;;100025;ZZZ100059;Matt Sikora;;26;21;p143;;3/24/2017;15:19:12;;;;;UM/LCCC;;0;00/00/00;00:00:00;;Frozen back on 07.11.18;16;Cells;145;7/27/2018;;In Storage;;Sikora LN2 #1;LN2 Canes;SQZ100603A;;EKB;100154;1;F;1;1;;0;100603;;;;;;;From Rae Lab, Sikora 2009 freezeback.
MCF-7;3/16/2017;admin;;100025;ZZZ100059;Matt Sikora;;26;21;p143;;3/24/2017;15:19:12;;;;;UM/LCCC;;0;00/00/00;00:00:00;;Frozen back on 07.11.18;17;Cells;145;7/27/2018;;In Storage;;Sikora LN2 #1;LN2 Canes;SQZ100604A;;EKB;100154;1;F;1;2;;0;100604;;;;;;;From Rae Lab, Sikora 2009 freezeback.
MCF-7;3/16/2017;admin;;100025;ZZZ100059;Matt Sikora;;26;21;p143;;3/24/2017;15:19:12;;;;;UM/LCCC;;0;00/00/00;00:00:00;;Frozen back on 07.11.18;18;Cells;145;7/27/2018;;In Storage;;Sikora LN2 #1;LN2 Canes;SQZ100605A;;EKB;100154;1;F;1;3;;0;100605;;;;;;;From Rae Lab, Sikora 2009 freezeback.
MCF-7;3/16/2017;admin;;100025;ZZZ100059;Matt Sikora;;26;21;p143;;3/24/2017;15:19:12;;;;;UM/LCCC;;0;00/00/00;00:00:00;;Frozen back on 07.11.18;19;Cells;145;7/27/2018;;In Storage;;Sikora LN2 #1;LN2 Canes;SQZ100606A;;EKB;100154;1;F;1;4;;0;100606;;;;;;;From Rae Lab, Sikora 2009 freezeback.
MCF-7;3/16/2017;admin;;100025;ZZZ100059;Matt Sikora;;26;21;p143;;3/24/2017;15:19:12;;;;;UM/LCCC;;0;11/1/2019;16:36:37;;Frozen back on 07.11.18 Thawed by EKB on 11.01.19;20;Cells;145;7/27/2018;;Checked Out;;Sikora LN2 #1;LN2 Canes;SQZ100607A;;EKB;100154;1;F;1;5;;0;100607;;;;;;;From Rae Lab, Sikora 2009 freezeback.
RL95-2;6/21/2018;ADMIN;;100090;SQZ100090;;;5;4;p1;;7/10/2018;12:03:56;;;;;ATCC;;0;00/00/00;00:00:00;;7/27/2018;2;Cells;p3;8/3/2018;;In Storage;;Sikora LN2 #1;LN2 Canes;SQZ100608A;;Matt;100555;4;F;8;6;;0;100608;;;;;;;RL95-2 (ATCC CRL-1971); endometrial cancer Lot: 62130010
RL95-2;6/21/2018;ADMIN;;100090;SQZ100090;;;5;4;p1;;7/10/2018;12:03:56;;;;;ATCC;;0;00/00/00;00:00:00;;7/27/2018;3;Cells;p3;8/3/2018;;In Storage;;Sikora LN2 #1;LN2 Canes;SQZ100609A;;Matt;100555;4;F;8;7;;0;100609;;;;;;;RL95-2 (ATCC CRL-1971); endometrial cancer Lot: 62130010
RL95-2;6/21/2018;ADMIN;;100090;SQZ100090;;;5;4;p1;;7/10/2018;12:03:56;;;;;ATCC;;0;00/00/00;00:00:00;;7/27/2018;4;Cells;p3;8/3/2018;;In Storage;;Sikora LN2 #1;LN2 Canes;SQZ100610A;;Matt;100555;4;F;8;8;;0;100610;;;;;;;RL95-2 (ATCC CRL-1971); endometrial cancer Lot: 62130010
RL95-2;6/21/2018;ADMIN;;100090;SQZ100090;;;5;4;p1;;7/10/2018;12:03:56;;;;;ATCC;;0;00/00/00;00:00:00;;7/27/2018;5;Cells;p3;8/3/2018;;In Storage;;Sikora LN2 #1;LN2 Canes;SQZ100611A;;Matt;100555;4;F;8;9;;0;100611;;;;;;;RL95-2 (ATCC CRL-1971); endometrial cancer Lot: 62130010
MDA MB 134VI (MM134);2/13/2017;admin;;100011;ZZZ100044;Matt Sikora;;21;14;p+36;;2/17/2017;14:34:42;;;;;UPMC/MJS;;0;00/00/00;00:00:00;;Freezeback from flask previously provided by RF;11;Cells;47;8/8/2018;;In Storage;;Sikora LN2 #1;LN2 Canes;SQZ100612A;;EKB;100067;1;F;2;1;;0;100612;;;;;;;Continuous maintenance from p+33 (FWID 100000)
MDA MB 134VI (MM134);2/13/2017;admin;;100011;ZZZ100044;Matt Sikora;;21;14;p+36;;2/17/2017;14:34:42;;;;;UPMC/MJS;;0;00/00/00;00:00:00;;Freezeback from flask previously provided by RF;12;Cells;47;8/8/2018;;In Storage;;Sikora LN2 #1;LN2 Canes;SQZ100613A;;EKB;100067;1;F;2;2;;0;100613;;;;;;;Continuous maintenance from p+33 (FWID 100000)
PEO1:WNT3A;8/3/2018;ADMIN;MJS_C020;100098;SQZ100098;Matt Sikora;;4;4;p+2;;8/17/2018;11:31:08;;;;;Sikora Lab;;0;00/00/00;00:00:00;;;1;Cells;p+2;8/17/2018;;In Storage;;Sikora LN2 #1;LN2 Canes;SQZ100615A;;Matt;0;4;J;8;5;;0;100615;;;;;;;
PEO1:WNT3A;8/3/2018;ADMIN;MJS_C020;100098;SQZ100098;Matt Sikora;;4;4;p+2;;8/17/2018;11:31:08;;;;;Sikora Lab;;0;00/00/00;00:00:00;;;2;Cells;p+2;8/17/2018;;In Storage;;Sikora LN2 #1;LN2 Canes;SQZ100616A;;Matt;0;4;J;8;6;;0;100616;;;;;;;
PEO1:WNT3A;8/3/2018;ADMIN;MJS_C020;100098;SQZ100098;Matt Sikora;;4;4;p+2;;8/17/2018;11:31:08;;;;;Sikora Lab;;0;00/00/00;00:00:00;;;3;Cells;p+2;8/17/2018;;In Storage;;Sikora LN2 #1;LN2 Canes;SQZ100617A;;Matt;0;4;J;8;7;;0;100617;;;;;;;
PEO1:WNT3A;8/3/2018;ADMIN;MJS_C020;100098;SQZ100098;Matt Sikora;;4;4;p+2;;8/17/2018;11:31:08;;;;;Sikora Lab;;0;00/00/00;00:00:00;;;4;Cells;p+2;8/17/2018;;In Storage;;Sikora LN2 #1;LN2 Canes;SQZ100618A;;Matt;0;4;J;8;8;;0;100618;;;;;;;
PEO1:WNT4;8/10/2018;ADMIN;MJS_C020;100099;SQZ100099;Matt Sikora;;3;3;p+2;;8/17/2018;11:33:37;;;;;Sikora Lab;;0;00/00/00;00:00:00;;;1;Cells;p+2;8/17/2018;;In Storage;;Sikora LN2 #1;LN2 Canes;SQZ100619A;;Matt;0;4;J;8;9;;0;100619;;;;;;;
PEO1:WNT4;8/10/2018;ADMIN;MJS_C020;100099;SQZ100099;Matt Sikora;;3;3;p+2;;8/17/2018;11:33:37;;;;;Sikora Lab;;0;00/00/00;00:00:00;;;2;Cells;p+2;8/17/2018;;In Storage;;Sikora LN2 #1;LN2 Canes;SQZ100620A;;Matt;0;4;J;9;1;;0;100620;;;;;;;
PEO1:WNT4;8/10/2018;ADMIN;MJS_C020;100099;SQZ100099;Matt Sikora;;3;3;p+2;;8/17/2018;11:33:37;;;;;Sikora Lab;;0;00/00/00;00:00:00;;;3;Cells;p+2;8/17/2018;;In Storage;;Sikora LN2 #1;LN2 Canes;SQZ100621A;;Matt;0;4;J;9;2;;0;100621;;;;;;;
PEO1;8/23/2018;drao;;100100;SQZ100100;;;9;6;12;;8/28/2018;09:32:45;;;;;Bitler Lab;;0;00/00/00;00:00:00;;Frozen back by DMR on 8-23-18;1;Cells;12;8/28/2018;;In Storage;;Sikora LN2 #1;LN2 Canes;SQZ100622A;;DMR;0;4;D;1;1;;0;100622;;;;;;;Obtained from Ben Bitler (CU Anschutz), unknown starting passage.
PEO1;8/23/2018;drao;;100100;SQZ100100;;;9;6;12;;8/28/2018;09:32:45;;;;;Bitler Lab;;0;00/00/00;00:00:00;;Frozen back by DMR on 8-23-18;2;Cells;12;8/28/2018;;In Storage;;Sikora LN2 #1;LN2 Canes;SQZ100623A;;DMR;0;4;D;1;2;;0;100623;;;;;;;Obtained from Ben Bitler (CU Anschutz), unknown starting passage.
PEO1;8/23/2018;drao;;100100;SQZ100100;;;9;6;12;;8/28/2018;09:32:45;;;;;Bitler Lab;;0;00/00/00;00:00:00;;Frozen back by DMR on 8-23-18;3;Cells;12;8/28/2018;;In Storage;;Sikora LN2 #1;LN2 Canes;SQZ100624A;;DMR;0;4;D;1;3;;0;100624;;;;;;;Obtained from Ben Bitler (CU Anschutz), unknown starting passage.
PEO1;8/23/2018;drao;;100100;SQZ100100;;;9;6;12;;8/28/2018;09:32:45;;;;;Bitler Lab;;0;8/19/2019;14:20:37;;Frozen back by DMR on 8-23-18;4;Cells;12;8/28/2018;;Checked Out;;Sikora LN2 #1;LN2 Canes;SQZ100625A;;DMR;0;4;D;1;4;;0;100625;;;;;;;Obtained from Ben Bitler (CU Anschutz), unknown starting passage.
PEO1;8/23/2018;drao;;100100;SQZ100100;;;9;6;12;;8/28/2018;09:32:45;;;;;Bitler Lab;;0;11/1/2018;09:21:25;;Frozen back by DMR on 8-23-18. Checked out by DMR on 10-18-18.;5;Cells;12;8/28/2018;;Used;;;;SQZ100626A;;DMR;0;;;;;;0;100626;;;;;;;Obtained from Ben Bitler (CU Anschutz), unknown starting passage.
PEO1:WNT3A;8/23/2018;drao;;100101;SQZ100101;;;9;6;8;;8/28/2018;09:35:52;;;;;Sikora Lab;;0;00/00/00;00:00:00;;Frozen back by DMR on 8-23-18;1;Cells;8;8/28/2018;;In Storage;;Sikora LN2 #1;LN2 Canes;SQZ100627A;;DMR;0;4;D;1;6;;0;100627;;;;;;;Wildtype obtained from Ben Bitler (CU Anschutz), with unknown starting passage. Overexpression of WNT3A via viral transduction performed by T. Yamamoto (Bitler Lab).
PEO1:WNT3A;8/23/2018;drao;;100101;SQZ100101;;;9;6;8;;8/28/2018;09:35:52;;;;;Sikora Lab;;0;00/00/00;00:00:00;;Frozen back by DMR on 8-23-18;2;Cells;8;8/28/2018;;In Storage;;Sikora LN2 #1;LN2 Canes;SQZ100628A;;DMR;0;4;D;1;7;;0;100628;;;;;;;Wildtype obtained from Ben Bitler (CU Anschutz), with unknown starting passage. Overexpression of WNT3A via viral transduction performed by T. Yamamoto (Bitler Lab).
PEO1:WNT3A;8/23/2018;drao;;100101;SQZ100101;;;9;6;8;;8/28/2018;09:35:52;;;;;Sikora Lab;;0;00/00/00;00:00:00;;Frozen back by DMR on 8-23-18;3;Cells;8;8/28/2018;;In Storage;;Sikora LN2 #1;LN2 Canes;SQZ100629A;;DMR;0;4;D;1;8;;0;100629;;;;;;;Wildtype obtained from Ben Bitler (CU Anschutz), with unknown starting passage. Overexpression of WNT3A via viral transduction performed by T. Yamamoto (Bitler Lab).
PEO1:WNT3A;8/23/2018;drao;;100101;SQZ100101;;;9;6;8;;8/28/2018;09:35:52;;;;;Sikora Lab;;0;00/00/00;00:00:00;;Frozen back by DMR on 8-23-18;4;Cells;8;8/28/2018;;In Storage;;Sikora LN2 #1;LN2 Canes;SQZ100630A;;DMR;0;4;D;1;9;;0;100630;;;;;;;Wildtype obtained from Ben Bitler (CU Anschutz), with unknown starting passage. Overexpression of WNT3A via viral transduction performed by T. Yamamoto (Bitler Lab).
PEO1:WNT3A;8/23/2018;drao;;100101;SQZ100101;;;9;6;8;;8/28/2018;09:35:52;;;;;Sikora Lab;;0;11/1/2018;09:22:23;;Frozen back by DMR on 8-23-18. Checked out by DMR on 10-18-18.;5;Cells;8;8/28/2018;;Used;;;;SQZ100631A;;DMR;0;;;;;;0;100631;;;;;;;Wildtype obtained from Ben Bitler (CU Anschutz), with unknown starting passage. Overexpression of WNT3A via viral transduction performed by T. Yamamoto (Bitler Lab).
PEO1:WNT4;8/23/2018;drao;;100102;SQZ100102;;;9;6;6;;8/28/2018;09:48:00;;;;;Sikora Lab;;0;00/00/00;00:00:00;;Frozen back by DMR on 8-23-18.;2;Cells;6;8/28/2018;;In Storage;;Sikora LN2 #1;LN2 Canes;SQZ100633A;;DMR;0;4;D;2;3;;0;100633;;;;;;;Wildtype obtained from Ben Bitler (CU Anschutz), with unknown starting passage. Overexpression of WNT4 via viral transduction performed by MJS.
PEO1:WNT4;8/23/2018;drao;;100102;SQZ100102;;;9;6;6;;8/28/2018;09:48:00;;;;;Sikora Lab;;0;00/00/00;00:00:00;;Frozen back by DMR on 8-23-18.;3;Cells;6;8/28/2018;;In Storage;;Sikora LN2 #1;LN2 Canes;SQZ100634A;;DMR;0;4;D;2;4;;0;100634;;;;;;;Wildtype obtained from Ben Bitler (CU Anschutz), with unknown starting passage. Overexpression of WNT4 via viral transduction performed by MJS.
PEO1:WNT4;8/23/2018;drao;;100102;SQZ100102;;;9;6;6;;8/28/2018;09:48:00;;;;;Sikora Lab;;0;00/00/00;00:00:00;;Frozen back by DMR on 8-23-18.;4;Cells;6;8/28/2018;;In Storage;;Sikora LN2 #1;LN2 Canes;SQZ100635A;;DMR;0;4;D;2;5;;0;100635;;;;;;;Wildtype obtained from Ben Bitler (CU Anschutz), with unknown starting passage. Overexpression of WNT4 via viral transduction performed by MJS.
PEO1:WNT4;8/23/2018;drao;;100102;SQZ100102;;;9;6;6;;8/28/2018;09:48:00;;;;;Sikora Lab;;0;11/1/2018;09:23:00;;Frozen back by DMR on 8-23-18. Checked out by DMR on 10-18-18.;5;Cells;6;8/28/2018;;Used;;;;SQZ100636A;;DMR;0;;;;;;0;100636;;;;;;;Wildtype obtained from Ben Bitler (CU Anschutz), with unknown starting passage. Overexpression of WNT4 via viral transduction performed by MJS.
MDA MB 330 (MM330);8/23/2018;ebordeaux;;100103;SQZ100103;;;3;3;p27;;8/28/2018;10:54:49;;;;;Pittsburg;;0;00/00/00;00:00:00;;;1;;;8/28/2018;;;;Sikora LN2 #1;LN2 Canes;SQZ100638A;;;0;1;F;3;1;;0;100638;;;;;;;From flask sent over from Pitt 07/18 Frozen back by EKB on 08/23/18
MDA MB 330 (MM330);8/23/2018;ebordeaux;;100103;SQZ100103;;;3;3;p27;;8/28/2018;10:54:49;;;;;Pittsburg;;0;9/4/2019;12:08:48;;Thawed by EKB on 09.04.19;2;Cells;?;8/28/2018;;Checked Out;;Sikora LN2 #1;LN2 Canes;SQZ100639A;;EKB;0;1;F;3;2;;0;100639;;;;;;;From flask sent over from Pitt 07/18 Frozen back by EKB on 08/23/18
MDA MB 330 (MM330);8/23/2018;ebordeaux;;100103;SQZ100103;;;3;3;p27;;8/28/2018;10:54:49;;;;;Pittsburg;;0;7/23/2019;15:37:58;;Check out by EKB on 07.23.19;3;Cells;8;8/28/2018;;Checked Out;;Sikora LN2 #1;LN2 Canes;SQZ100640A;;EKB;0;1;F;3;3;;0;100640;;;;;;;From flask sent over from Pitt 07/18 Frozen back by EKB on 08/23/18
CAMA-1;4/7/2017;admin;;100036;SQZ100036;Matt Sikora;;18;14;p+8;;4/12/2017;15:32:03;;;;;U. Michigan;;0;3/5/2019;12:15:20;;Aliquotes frozen back on 08.28.18 by EKBThawed 01/02/18 by EKB;18;Cells;p19;8/31/2018;;Used;;;;SQZ100650A;;EKB;100194;;;;;;0;100650;;;;;;;Obtained from Rae laboratory, J. Thibert freezebacks
CAMA-1;4/7/2017;admin;;100036;SQZ100036;Matt Sikora;;18;14;p+8;;4/12/2017;15:32:03;;;;;U. Michigan;;0;00/00/00;00:00:00;;Aliquotes frozen back on 08.28.18 by EKB;17;Cells;p19;8/31/2018;;In Storage;;Sikora LN2 #1;LN2 Canes;SQZ100649A;;EKB;100194;1;F;4;4;;0;100649;;;;;;;Obtained from Rae laboratory, J. Thibert freezebacks
CAMA-1;4/7/2017;admin;;100036;SQZ100036;Matt Sikora;;18;14;p+8;;4/12/2017;15:32:03;;;;;U. Michigan;;0;00/00/00;00:00:00;;Aliquotes frozen back on 08.28.18 by EKB;16;Cells;p19;8/31/2018;;In Storage;;Sikora LN2 #1;LN2 Canes;SQZ100648A;;EKB;100194;1;F;4;3;;0;100648;;;;;;;Obtained from Rae laboratory, J. Thibert freezebacks
CAMA-1;4/7/2017;admin;;100036;SQZ100036;Matt Sikora;;18;14;p+8;;4/12/2017;15:32:03;;;;;U. Michigan;;0;00/00/00;00:00:00;;Aliquotes frozen back on 08.28.18 by EKB;15;Cells;p19;8/31/2018;;In Storage;;Sikora LN2 #1;LN2 Canes;SQZ100647A;;EKB;100194;1;F;4;2;;0;100647;;;;;;;Obtained from Rae laboratory, J. Thibert freezebacks
CAMA-1;4/7/2017;admin;;100036;SQZ100036;Matt Sikora;;18;14;p+8;;4/12/2017;15:32:03;;;;;U. Michigan;;0;00/00/00;00:00:00;;Aliquotes frozen back on 08.28.18 by EKB;14;Cells;p19;8/31/2018;;In Storage;;Sikora LN2 #1;LN2 Canes;SQZ100646A;;EKB;100194;1;F;4;1;;0;100646;;;;;;;Obtained from Rae laboratory, J. Thibert freezebacks
HT1080-WT:WNT4-FLAG-Myc;9/24/2018;drao;LS-002-B;100104;SQZ100104;;;6;0;2;;9/27/2018;09:49:25;;;;;Sikora Lab;;0;10/31/2018;13:25:06;;;1;Cells;2;9/27/2018;;Used;;;;SQZ100651A;;LW;0;;;;;;0;100651;;;;;;;These constructs were made by LW in the Sikora Lab. The original HT1080 cell lines were obatined from Virshup Lab. These lines overexpress WNT4 from the pLX304-FLAG plasmid. WNT4 is tagged on the N-terminal with FLAG and on the C-terminal with Myc. *Did not express WNT4, were thrown out and replaced with lines that actually express Myc-tagged WNTs.*
HT1080-WT:WNT4-FLAG-Myc;9/24/2018;drao;LS-002-B;100104;SQZ100104;;;6;0;2;;9/27/2018;09:49:25;;;;;Sikora Lab;;0;10/31/2018;13:25:18;;;2;Cells;2;9/27/2018;;Used;;;;SQZ100652A;;LW;0;;;;;;0;100652;;;;;;;These constructs were made by LW in the Sikora Lab. The original HT1080 cell lines were obatined from Virshup Lab. These lines overexpress WNT4 from the pLX304-FLAG plasmid. WNT4 is tagged on the N-terminal with FLAG and on the C-terminal with Myc. *Did not express WNT4, were thrown out and replaced with lines that actually express Myc-tagged WNTs.*
HT1080-WT:WNT4-FLAG-Myc;9/24/2018;drao;LS-002-B;100104;SQZ100104;;;6;0;2;;9/27/2018;09:49:25;;;;;Sikora Lab;;0;10/31/2018;13:25:32;;;3;Cells;2;9/27/2018;;Used;;;;SQZ100653A;;LW;0;;;;;;0;100653;;;;;;;These constructs were made by LW in the Sikora Lab. The original HT1080 cell lines were obatined from Virshup Lab. These lines overexpress WNT4 from the pLX304-FLAG plasmid. WNT4 is tagged on the N-terminal with FLAG and on the C-terminal with Myc. *Did not express WNT4, were thrown out and replaced with lines that actually express Myc-tagged WNTs.*
HT1080-WT:WNT4-FLAG-Myc;9/24/2018;drao;LS-002-B;100104;SQZ100104;;;6;0;2;;9/27/2018;09:49:25;;;;;Sikora Lab;;0;10/31/2018;13:25:45;;;4;Cells;2;9/27/2018;;Used;;;;SQZ100654A;;LW;0;;;;;;0;100654;;;;;;;These constructs were made by LW in the Sikora Lab. The original HT1080 cell lines were obatined from Virshup Lab. These lines overexpress WNT4 from the pLX304-FLAG plasmid. WNT4 is tagged on the N-terminal with FLAG and on the C-terminal with Myc. *Did not express WNT4, were thrown out and replaced with lines that actually express Myc-tagged WNTs.*
HT1080-WT:WNT4-FLAG-Myc;9/24/2018;drao;LS-002-B;100104;SQZ100104;;;6;0;2;;9/27/2018;09:49:25;;;;;Sikora Lab;;0;10/31/2018;13:25:55;;;5;Cells;2;9/27/2018;;Used;;;;SQZ100655A;;LW;0;;;;;;0;100655;;;;;;;These constructs were made by LW in the Sikora Lab. The original HT1080 cell lines were obatined from Virshup Lab. These lines overexpress WNT4 from the pLX304-FLAG plasmid. WNT4 is tagged on the N-terminal with FLAG and on the C-terminal with Myc. *Did not express WNT4, were thrown out and replaced with lines that actually express Myc-tagged WNTs.*
HT1080-WT:WNT4-FLAG-Myc;9/24/2018;drao;LS-002-B;100104;SQZ100104;;;6;0;2;;9/27/2018;09:49:25;;;;;Sikora Lab;;0;10/31/2018;13:26:05;;;6;Cells;2;9/27/2018;;Used;;;;SQZ100656A;;LW;0;;;;;;0;100656;;;;;;;These constructs were made by LW in the Sikora Lab. The original HT1080 cell lines were obatined from Virshup Lab. These lines overexpress WNT4 from the pLX304-FLAG plasmid. WNT4 is tagged on the N-terminal with FLAG and on the C-terminal with Myc. *Did not express WNT4, were thrown out and replaced with lines that actually express Myc-tagged WNTs.*
HT1080-A11:WNT4-FLAG-Myc;9/24/2018;drao;LW-002-B;100105;SQZ100105;;;6;0;2;;9/27/2018;09:55:46;;;;;Sikora Lab;;0;10/31/2018;13:27:25;;;1;Cells;2;9/27/2018;;Used;;;;SQZ100657A;;LW;0;;;;;;0;100657;;;;;;;These constructs were made by LW in the Sikora Lab. The original HT1080 cell lines were obatined from Virshup Lab. These lines overexpress WNT4 from the pLX304-FLAG plasmid. WNT4 is tagged on the N-terminal with FLAG and on the C-terminal with Myc. *Cells did not express WNT4 so they were thrown out and replaced with cells that actually express Myc-tagged Wnts.*
HT1080-A11:WNT4-FLAG-Myc;9/24/2018;drao;LW-002-B;100105;SQZ100105;;;6;0;2;;9/27/2018;09:55:46;;;;;Sikora Lab;;0;10/31/2018;13:27:37;;;2;Cells;2;9/27/2018;;Used;;;;SQZ100658A;;LW;0;;;;;;0;100658;;;;;;;These constructs were made by LW in the Sikora Lab. The original HT1080 cell lines were obatined from Virshup Lab. These lines overexpress WNT4 from the pLX304-FLAG plasmid. WNT4 is tagged on the N-terminal with FLAG and on the C-terminal with Myc. *Cells did not express WNT4 so they were thrown out and replaced with cells that actually express Myc-tagged Wnts.*
HT1080-A11:WNT4-FLAG-Myc;9/24/2018;drao;LW-002-B;100105;SQZ100105;;;6;0;2;;9/27/2018;09:55:46;;;;;Sikora Lab;;0;10/31/2018;13:27:47;;;3;Cells;2;9/27/2018;;Used;;;;SQZ100659A;;LW;0;;;;;;0;100659;;;;;;;These constructs were made by LW in the Sikora Lab. The original HT1080 cell lines were obatined from Virshup Lab. These lines overexpress WNT4 from the pLX304-FLAG plasmid. WNT4 is tagged on the N-terminal with FLAG and on the C-terminal with Myc. *Cells did not express WNT4 so they were thrown out and replaced with cells that actually express Myc-tagged Wnts.*
HT1080-A11:WNT4-FLAG-Myc;9/24/2018;drao;LW-002-B;100105;SQZ100105;;;6;0;2;;9/27/2018;09:55:46;;;;;Sikora Lab;;0;10/31/2018;13:27:58;;;4;Cells;2;9/27/2018;;Used;;;;SQZ100660A;;LW;0;;;;;;0;100660;;;;;;;These constructs were made by LW in the Sikora Lab. The original HT1080 cell lines were obatined from Virshup Lab. These lines overexpress WNT4 from the pLX304-FLAG plasmid. WNT4 is tagged on the N-terminal with FLAG and on the C-terminal with Myc. *Cells did not express WNT4 so they were thrown out and replaced with cells that actually express Myc-tagged Wnts.*
HT1080-A11:WNT4-FLAG-Myc;9/24/2018;drao;LW-002-B;100105;SQZ100105;;;6;0;2;;9/27/2018;09:55:46;;;;;Sikora Lab;;0;10/31/2018;13:28:09;;;5;Cells;2;9/27/2018;;Used;;;;SQZ100661A;;LW;0;;;;;;0;100661;;;;;;;These constructs were made by LW in the Sikora Lab. The original HT1080 cell lines were obatined from Virshup Lab. These lines overexpress WNT4 from the pLX304-FLAG plasmid. WNT4 is tagged on the N-terminal with FLAG and on the C-terminal with Myc. *Cells did not express WNT4 so they were thrown out and replaced with cells that actually express Myc-tagged Wnts.*
HT1080-A11:WNT4-FLAG-Myc;9/24/2018;drao;LW-002-B;100105;SQZ100105;;;6;0;2;;9/27/2018;09:55:46;;;;;Sikora Lab;;0;10/31/2018;13:28:21;;;6;Cells;2;9/27/2018;;Used;;;;SQZ100662A;;LW;0;;;;;;0;100662;;;;;;;These constructs were made by LW in the Sikora Lab. The original HT1080 cell lines were obatined from Virshup Lab. These lines overexpress WNT4 from the pLX304-FLAG plasmid. WNT4 is tagged on the N-terminal with FLAG and on the C-terminal with Myc. *Cells did not express WNT4 so they were thrown out and replaced with cells that actually express Myc-tagged Wnts.*
MDA-MB-231;6/21/2018;drao;;100089;SQZ100089;;;10;9;1;;6/21/2018;09:35:59;;;;;ATCC;;0;00/00/00;00:00:00;;Frozen back by MJS on 8-23-18.;7;Cells;8;9/28/2018;;In Storage;;Sikora LN2 #1;LN2 Canes;SQZ100663A;;MJS;0;4;D;4;1;;0;100663;;;;;;;ATCC HTB-26. From ATCC "Mammary gland/breast, derived from metastatic site. Growth media is L-15+10%FBS." *Two vials sent with purchase (?) Lot: 70000792
MDA-MB-231;6/21/2018;drao;;100089;SQZ100089;;;10;9;1;;6/21/2018;09:35:59;;;;;ATCC;;0;00/00/00;00:00:00;;Frozen back by MJS on 8-23-18.;8;Cells;8;9/28/2018;;In Storage;;Sikora LN2 #1;LN2 Canes;SQZ100664A;;MJS;0;4;D;4;2;;0;100664;;;;;;;ATCC HTB-26. From ATCC "Mammary gland/breast, derived from metastatic site. Growth media is L-15+10%FBS." *Two vials sent with purchase (?) Lot: 70000792
MDA-MB-231;6/21/2018;drao;;100089;SQZ100089;;;10;9;1;;6/21/2018;09:35:59;;;;;ATCC;;0;00/00/00;00:00:00;;Frozen back by MJS on 8-23-18.;9;Cells;8;9/28/2018;;In Storage;;Sikora LN2 #1;LN2 Canes;SQZ100665A;;MJS;0;4;D;4;3;;0;100665;;;;;;;ATCC HTB-26. From ATCC "Mammary gland/breast, derived from metastatic site. Growth media is L-15+10%FBS." *Two vials sent with purchase (?) Lot: 70000792
MDA-MB-231;6/21/2018;drao;;100089;SQZ100089;;;10;9;1;;6/21/2018;09:35:59;;;;;ATCC;;0;00/00/00;00:00:00;;Frozen back by MJS on 8-23-18.;10;Cells;8;9/28/2018;;In Storage;;Sikora LN2 #1;LN2 Canes;SQZ100666A;;MJS;0;4;D;4;4;;0;100666;;;;;;;ATCC HTB-26. From ATCC "Mammary gland/breast, derived from metastatic site. Growth media is L-15+10%FBS." *Two vials sent with purchase (?) Lot: 70000792
MDA-MB-231:WNT3A;8/23/2018;drao;;100106;SQZ100106;;;4;4;2;;9/28/2018;13:52:02;;;;;Sikora Lab;;0;00/00/00;00:00:00;;Frozen back by MJS on 8-23-18.;1;Cells;2;9/28/2018;;In Storage;;Sikora LN2 #1;LN2 Canes;SQZ100667A;;MJS;0;4;D;4;5;;0;100667;;;;;;;Created in the Sikora lab by MJS. Overexpress WNT3A from pLX304 lentiviral construct.
MDA-MB-231:WNT3A;8/23/2018;drao;;100106;SQZ100106;;;4;4;2;;9/28/2018;13:52:02;;;;;Sikora Lab;;0;00/00/00;00:00:00;;Frozen back by MJS on 8-23-18.;2;Cells;2;9/28/2018;;In Storage;;Sikora LN2 #1;LN2 Canes;SQZ100668A;;MJS;0;4;D;4;6;;0;100668;;;;;;;Created in the Sikora lab by MJS. Overexpress WNT3A from pLX304 lentiviral construct.
MDA-MB-231:WNT3A;8/23/2018;drao;;100106;SQZ100106;;;4;4;2;;9/28/2018;13:52:02;;;;;Sikora Lab;;0;00/00/00;00:00:00;;Frozen back by MJS on 8-23-18.;3;Cells;2;9/28/2018;;In Storage;;Sikora LN2 #1;LN2 Canes;SQZ100669A;;MJS;0;4;D;4;7;;0;100669;;;;;;;Created in the Sikora lab by MJS. Overexpress WNT3A from pLX304 lentiviral construct.
MDA-MB-231:WNT3A;8/23/2018;drao;;100106;SQZ100106;;;4;4;2;;9/28/2018;13:52:02;;;;;Sikora Lab;;0;00/00/00;00:00:00;;Frozen back by MJS on 8-23-18.;4;Cells;2;9/28/2018;;In Storage;;Sikora LN2 #1;LN2 Canes;SQZ100670A;;MJS;0;4;D;4;8;;0;100670;;;;;;;Created in the Sikora lab by MJS. Overexpress WNT3A from pLX304 lentiviral construct.
MDA-MB-231:WNT4;8/23/2018;drao;;100107;SQZ100107;;;4;4;2;;9/28/2018;13:55:02;;;;;Sikora Lab;;0;00/00/00;00:00:00;;Frozen back by MJS on 8-23-18.;1;Cells;2;9/28/2018;;In Storage;;Sikora LN2 #1;LN2 Canes;SQZ100671A;;MJS;0;4;D;4;9;;0;100671;;;;;;;Created in the Sikora lab. Overexpress WNT4 from pLX304 lentiviral construct.
MDA-MB-231:WNT4;8/23/2018;drao;;100107;SQZ100107;;;4;4;2;;9/28/2018;13:55:02;;;;;Sikora Lab;;0;00/00/00;00:00:00;;Frozen back by MJS on 8-23-18.;2;Cells;2;9/28/2018;;In Storage;;Sikora LN2 #1;LN2 Canes;SQZ100672A;;MJS;0;4;D;5;1;;0;100672;;;;;;;Created in the Sikora lab. Overexpress WNT4 from pLX304 lentiviral construct.
MDA-MB-231:WNT4;8/23/2018;drao;;100107;SQZ100107;;;4;4;2;;9/28/2018;13:55:02;;;;;Sikora Lab;;0;00/00/00;00:00:00;;Frozen back by MJS on 8-23-18.;3;Cells;2;9/28/2018;;In Storage;;Sikora LN2 #1;LN2 Canes;SQZ100673A;;MJS;0;4;D;5;2;;0;100673;;;;;;;Created in the Sikora lab. Overexpress WNT4 from pLX304 lentiviral construct.
MDA-MB-231:WNT4;8/23/2018;drao;;100107;SQZ100107;;;4;4;2;;9/28/2018;13:55:02;;;;;Sikora Lab;;0;00/00/00;00:00:00;;Frozen back by MJS on 8-23-18.;4;Cells;2;9/28/2018;;In Storage;;Sikora LN2 #1;LN2 Canes;SQZ100674A;;MJS;0;4;D;5;3;;0;100674;;;;;;;Created in the Sikora lab. Overexpress WNT4 from pLX304 lentiviral construct.
HT1080-WT:WNT3A-Myc;10/25/2018;drao;LW-002-D;100108;SQZ100108;;;14;12;2;;10/31/2018;13:28:38;;;;;Sikora Lab;;0;00/00/00;00:00:00;;;1;Cells;2;10/31/2018;;In Storage;;Sikora LN2 #1;LN2 Canes;SQZ100675A;;LW;0;4;D;2;7;;0;100675;;;;;;;These constructs were made by LW in the Sikora Lab. The original HT1080 cell lines were obatined from the Virshup Lab. These lines overexpress c-terminally Myc-tagged WNT3A from the pLX304 plasmid.
HT1080-WT:WNT3A-Myc;10/25/2018;drao;LW-002-D;100108;SQZ100108;;;14;12;2;;10/31/2018;13:28:38;;;;;Sikora Lab;;0;00/00/00;00:00:00;;;2;Cells;2;10/31/2018;;In Storage;;Sikora LN2 #1;LN2 Canes;SQZ100676A;;LW;0;4;D;2;8;;0;100676;;;;;;;These constructs were made by LW in the Sikora Lab. The original HT1080 cell lines were obatined from the Virshup Lab. These lines overexpress c-terminally Myc-tagged WNT3A from the pLX304 plasmid.
HT1080-WT:WNT3A-Myc;10/25/2018;drao;LW-002-D;100108;SQZ100108;;;14;12;2;;10/31/2018;13:28:38;;;;;Sikora Lab;;0;00/00/00;00:00:00;;;3;Cells;2;10/31/2018;;In Storage;;Sikora LN2 #1;LN2 Canes;SQZ100677A;;LW;0;4;D;2;9;;0;100677;;;;;;;These constructs were made by LW in the Sikora Lab. The original HT1080 cell lines were obatined from the Virshup Lab. These lines overexpress c-terminally Myc-tagged WNT3A from the pLX304 plasmid.
HT1080-WT:WNT4-Myc;10/25/2018;drao;LW-002-D;100109;SQZ100109;;;14;12;2;;10/31/2018;14:31:02;;;;;Sikora Lab;;0;00/00/00;00:00:00;;;1;Cells;2;10/31/2018;;In Storage;;Sikora LN2 #1;LN2 Canes;SQZ100678A;;LW;0;4;D;3;1;;0;100678;;;;;;;These constructs were made by LW in the Sikora Lab. The original HT1080 cell lines were obatined from the Virshup Lab. These lines overexpress c-terminally Myc-tagged WNT4 from the pLX304 plasmid.
HT1080-WT:WNT4-Myc;10/25/2018;drao;LW-002-D;100109;SQZ100109;;;14;12;2;;10/31/2018;14:31:02;;;;;Sikora Lab;;0;00/00/00;00:00:00;;;2;Cells;2;10/31/2018;;In Storage;;Sikora LN2 #1;LN2 Canes;SQZ100679A;;LW;0;4;D;3;2;;0;100679;;;;;;;These constructs were made by LW in the Sikora Lab. The original HT1080 cell lines were obatined from the Virshup Lab. These lines overexpress c-terminally Myc-tagged WNT4 from the pLX304 plasmid.
HT1080-WT:WNT4-Myc;10/25/2018;drao;LW-002-D;100109;SQZ100109;;;14;12;2;;10/31/2018;14:31:02;;;;;Sikora Lab;;0;00/00/00;00:00:00;;;3;Cells;2;10/31/2018;;In Storage;;Sikora LN2 #1;LN2 Canes;SQZ100680A;;LW;0;4;D;3;3;;0;100680;;;;;;;These constructs were made by LW in the Sikora Lab. The original HT1080 cell lines were obatined from the Virshup Lab. These lines overexpress c-terminally Myc-tagged WNT4 from the pLX304 plasmid.
HT1080-A11:WNT3A-Myc;10/25/2018;drao;LW-002-D;100110;SQZ100110;;;14;12;2;;10/31/2018;14:47:13;;;;;Sikora Lab;;0;00/00/00;00:00:00;;;1;Cells;2;10/31/2018;;In Storage;;Sikora LN2 #1;LN2 Canes;SQZ100681A;;LW;0;4;D;3;4;;0;100681;;;;;;;These constructs were made by LW in the Sikora Lab. The original HT1080 cell lines were obatined from the Virshup Lab. These lines overexpress c-terminally Myc-tagged WNT3A from the pLX304 plasmid.
HT1080-A11:WNT3A-Myc;10/25/2018;drao;LW-002-D;100110;SQZ100110;;;14;12;2;;10/31/2018;14:47:13;;;;;Sikora Lab;;0;00/00/00;00:00:00;;;2;Cells;2;10/31/2018;;In Storage;;Sikora LN2 #1;LN2 Canes;SQZ100682A;;LW;0;4;D;3;5;;0;100682;;;;;;;These constructs were made by LW in the Sikora Lab. The original HT1080 cell lines were obatined from the Virshup Lab. These lines overexpress c-terminally Myc-tagged WNT3A from the pLX304 plasmid.
HT1080-A11:WNT3A-Myc;10/25/2018;drao;LW-002-D;100110;SQZ100110;;;14;12;2;;10/31/2018;14:47:13;;;;;Sikora Lab;;0;00/00/00;00:00:00;;;3;Cells;2;10/31/2018;;In Storage;;Sikora LN2 #1;LN2 Canes;SQZ100683A;;LW;0;4;D;3;6;;0;100683;;;;;;;These constructs were made by LW in the Sikora Lab. The original HT1080 cell lines were obatined from the Virshup Lab. These lines overexpress c-terminally Myc-tagged WNT3A from the pLX304 plasmid.
HT1080-A11:WNT4-Myc;10/25/2018;drao;LW-002-D;100111;SQZ100111;;;14;12;2;;10/31/2018;14:48:43;;;;;Sikora Lab;;0;00/00/00;00:00:00;;;1;Cells;2;10/31/2018;;In Storage;;Sikora LN2 #1;LN2 Canes;SQZ100684A;;LW;0;4;D;3;7;;0;100684;;;;;;;These constructs were made by LW in the Sikora Lab. The original HT1080 cell lines were obatined from the Virshup Lab. These lines overexpress c-terminally Myc-tagged WNT4 from the pLX304 plasmid.
HT1080-A11:WNT4-Myc;10/25/2018;drao;LW-002-D;100111;SQZ100111;;;14;12;2;;10/31/2018;14:48:43;;;;;Sikora Lab;;0;00/00/00;00:00:00;;;2;Cells;2;10/31/2018;;In Storage;;Sikora LN2 #1;LN2 Canes;SQZ100685A;;LW;0;4;D;3;8;;0;100685;;;;;;;These constructs were made by LW in the Sikora Lab. The original HT1080 cell lines were obatined from the Virshup Lab. These lines overexpress c-terminally Myc-tagged WNT4 from the pLX304 plasmid.
HT1080-A11:WNT4-Myc;10/25/2018;drao;LW-002-D;100111;SQZ100111;;;14;12;2;;10/31/2018;14:48:43;;;;;Sikora Lab;;0;00/00/00;00:00:00;;;3;Cells;2;10/31/2018;;In Storage;;Sikora LN2 #1;LN2 Canes;SQZ100686A;;LW;0;4;D;3;9;;0;100686;;;;;;;These constructs were made by LW in the Sikora Lab. The original HT1080 cell lines were obatined from the Virshup Lab. These lines overexpress c-terminally Myc-tagged WNT4 from the pLX304 plasmid.
SUM44PE;2/16/2017;admin;;100012;ZZZ100045;Matt Sikora;;23;16;p77;;2/17/2017;14:35:49;;;;;UPMC/MJS;;0;4/26/2019;09:41:53;;Frozen back by DMR on 10-25-18.;9;Cells;82;10/31/2018;;In Storage;;Sikora LN2 #1;LN2 Canes;SQZ100687A;;DMR;100078;1;C;2;8;;0;100687;;;;;;;Originally obtained from Rae Laboratory at U.Michigan (Rae Lab obtained directly from Ethier Lab).
SUM44PE;2/16/2017;admin;;100012;ZZZ100045;Matt Sikora;;23;16;p77;;2/17/2017;14:35:49;;;;;UPMC/MJS;;0;4/26/2019;09:42:04;;Frozen back by DMR on 10-25-18.;10;Cells;82;10/31/2018;;In Storage;;Sikora LN2 #1;LN2 Canes;SQZ100688A;;DMR;100078;1;C;2;9;;0;100688;;;;;;;Originally obtained from Rae Laboratory at U.Michigan (Rae Lab obtained directly from Ethier Lab).
SUM44PE;2/16/2017;admin;;100012;ZZZ100045;Matt Sikora;;23;16;p77;;2/17/2017;14:35:49;;;;;UPMC/MJS;;0;4/26/2019;09:42:14;;Frozen back by DMR on 10-25-18.;11;Cells;82;10/31/2018;;In Storage;;Sikora LN2 #1;LN2 Canes;SQZ100689A;;DMR;100078;1;C;3;1;;0;100689;;;;;;;Originally obtained from Rae Laboratory at U.Michigan (Rae Lab obtained directly from Ethier Lab).
SUM44PE;2/16/2017;admin;;100012;ZZZ100045;Matt Sikora;;23;16;p77;;2/17/2017;14:35:49;;;;;UPMC/MJS;;0;4/26/2019;09:10:36;;Frozen back by DMR on 10-25-18. Thawed by DMR on 4-11-19.;12;Cells;82;10/31/2018;;Checked Out;;Sikora LN2 #1;LN2 Canes;SQZ100690A;;DMR;100078;1;C;9;7;;0;100690;;;;;;;Originally obtained from Rae Laboratory at U.Michigan (Rae Lab obtained directly from Ethier Lab).
SUM44PE+WNT3A;7/23/2018;drao;;100094;SQZ100094;;;15;14;13;;7/27/2018;11:06:49;;;;;Sikora Lab;;0;4/26/2019;09:42:35;;Frozen back by DMR on 10-25-18;6;Cells;18;10/31/2018;;In Storage;;Sikora LN2 #1;LN2 Canes;SQZ100691A;;DMR;100579;1;C;3;2;;0;100691;;;;;;;This cell line was made by RF to stably over-express WNT3A. Blasticidin is used for selection.
SUM44PE+WNT3A;7/23/2018;drao;;100094;SQZ100094;;;15;14;13;;7/27/2018;11:06:49;;;;;Sikora Lab;;0;4/26/2019;09:42:48;;Frozen back by DMR on 10-25-18;7;Cells;18;10/31/2018;;In Storage;;Sikora LN2 #1;LN2 Canes;SQZ100692A;;DMR;100579;1;C;3;3;;0;100692;;;;;;;This cell line was made by RF to stably over-express WNT3A. Blasticidin is used for selection.
SUM44PE+WNT3A;7/23/2018;drao;;100094;SQZ100094;;;15;14;13;;7/27/2018;11:06:49;;;;;Sikora Lab;;0;4/26/2019;09:42:59;;Frozen back by DMR on 10-25-18;8;Cells;18;10/31/2018;;In Storage;;Sikora LN2 #1;LN2 Canes;SQZ100693A;;DMR;100579;1;C;3;4;;0;100693;;;;;;;This cell line was made by RF to stably over-express WNT3A. Blasticidin is used for selection.
SUM44PE+WNT3A;7/23/2018;drao;;100094;SQZ100094;;;15;14;13;;7/27/2018;11:06:49;;;;;Sikora Lab;;0;4/26/2019;09:10:16;;Frozen back by DMR on 10-25-18. Thawed by DMR on 4-11-19.;9;Cells;18;10/31/2018;;Checked Out;;Sikora LN2 #1;LN2 Canes;SQZ100694A;;DMR;100579;1;C;9;8;;0;100694;;;;;;;This cell line was made by RF to stably over-express WNT3A. Blasticidin is used for selection.
SUM44PE+WNT4;7/23/2018;drao;;100095;SQZ100095;;;15;12;13;;7/27/2018;11:12:02;;;;;Sikora Lab;;0;4/26/2019;09:43:22;;Frozen back by DMR on 10-25-18.;6;Cells;18;10/31/2018;;In Storage;;Sikora LN2 #1;LN2 Canes;SQZ100695A;;DMR;100584;1;C;3;5;;0;100695;;;;;;;This cell line was made by RF to stably over-express WNT4. Blasticidin is used for selection.
SUM44PE+WNT4;7/23/2018;drao;;100095;SQZ100095;;;15;12;13;;7/27/2018;11:12:02;;;;;Sikora Lab;;0;4/26/2019;09:43:32;;Frozen back by DMR on 10-25-18.;7;Cells;18;10/31/2018;;In Storage;;Sikora LN2 #1;LN2 Canes;SQZ100696A;;DMR;100584;1;C;3;6;;0;100696;;;;;;;This cell line was made by RF to stably over-express WNT4. Blasticidin is used for selection.
SUM44PE+WNT4;7/23/2018;drao;;100095;SQZ100095;;;15;12;13;;7/27/2018;11:12:02;;;;;Sikora Lab;;0;4/26/2019;09:43:42;;Frozen back by DMR on 10-25-18.;8;Cells;18;10/31/2018;;In Storage;;Sikora LN2 #1;LN2 Canes;SQZ100697A;;DMR;100584;1;C;3;7;;0;100697;;;;;;;This cell line was made by RF to stably over-express WNT4. Blasticidin is used for selection.
SUM44PE+WNT4;7/23/2018;drao;;100095;SQZ100095;;;15;12;13;;7/27/2018;11:12:02;;;;;Sikora Lab;;0;4/26/2019;09:09:59;;Frozen back by DMR on 10-25-18. Thawed by DMR on 4-11-19.;9;Cells;18;10/31/2018;;Checked Out;;Sikora LN2 #1;LN2 Canes;SQZ100698A;;DMR;100584;1;C;9;9;;0;100698;;;;;;;This cell line was made by RF to stably over-express WNT4. Blasticidin is used for selection.
PEO1;8/23/2018;drao;;100100;SQZ100100;;;9;6;12;;8/28/2018;09:32:45;;;;;Bitler Lab;;0;00/00/00;00:00:00;;Frozen back by DMR on 10-23-18.;6;Cells;14;10/31/2018;;In Storage;;Sikora LN2 #1;LN2 Canes;SQZ100699A;;DMR;100626;1;D;4;4;;0;100699;;;;;;;Obtained from Ben Bitler (CU Anschutz), unknown starting passage.
PEO1;8/23/2018;drao;;100100;SQZ100100;;;9;6;12;;8/28/2018;09:32:45;;;;;Bitler Lab;;0;6/27/2019;13:46:44;;Frozen back by DMR on 10-23-18.;7;Cells;14;10/31/2018;;In Storage;;Sikora LN2 #1;LN2 Canes;SQZ100700A;;DMR;100626;1;D;4;5;;0;100700;;;;;;;Obtained from Ben Bitler (CU Anschutz), unknown starting passage.
PEO1;8/23/2018;drao;;100100;SQZ100100;;;9;6;12;;8/28/2018;09:32:45;;;;;Bitler Lab;;0;6/27/2019;13:44:03;;Frozen back by DMR on 10-23-18.;8;Cells;14;10/31/2018;;Used;;;;SQZ100701A;;DMR;100626;;;;;;0;100701;;;;;;;Obtained from Ben Bitler (CU Anschutz), unknown starting passage.
PEO1;8/23/2018;drao;;100100;SQZ100100;;;9;6;12;;8/28/2018;09:32:45;;;;;Bitler Lab;;0;3/18/2019;07:23:18;;Frozen back by DMR on 10-23-18. Checked out by DMR on 3-4-19.;9;Cells;14;10/31/2018;;Used;;;;SQZ100702A;;DMR;100626;;;;;;0;100702;;;;;;;Obtained from Ben Bitler (CU Anschutz), unknown starting passage.
PEO1:WNT3A;8/23/2018;drao;;100101;SQZ100101;;;9;6;8;;8/28/2018;09:35:52;;;;;Sikora Lab;;0;00/00/00;00:00:00;;Frozen back by DMR on 10-23-18.;6;Cells;9;10/31/2018;;In Storage;;Sikora LN2 #1;LN2 Canes;SQZ100703A;;DMR;100631;1;D;4;8;;0;100703;;;;;;;Wildtype obtained from Ben Bitler (CU Anschutz), with unknown starting passage. Overexpression of WNT3A via viral transduction performed by T. Yamamoto (Bitler Lab).
PEO1:WNT3A;8/23/2018;drao;;100101;SQZ100101;;;9;6;8;;8/28/2018;09:35:52;;;;;Sikora Lab;;0;00/00/00;00:00:00;;Frozen back by DMR on 10-23-18.;7;Cells;9;10/31/2018;;In Storage;;Sikora LN2 #1;LN2 Canes;SQZ100704A;;DMR;100631;1;D;4;9;;0;100704;;;;;;;Wildtype obtained from Ben Bitler (CU Anschutz), with unknown starting passage. Overexpression of WNT3A via viral transduction performed by T. Yamamoto (Bitler Lab).
PEO1:WNT3A;8/23/2018;drao;;100101;SQZ100101;;;9;6;8;;8/28/2018;09:35:52;;;;;Sikora Lab;;0;6/27/2019;13:44:42;;Frozen back by DMR on 10-23-18.;8;Cells;9;10/31/2018;;Used;;;;SQZ100705A;;DMR;100631;;;;;;0;100705;;;;;;;Wildtype obtained from Ben Bitler (CU Anschutz), with unknown starting passage. Overexpression of WNT3A via viral transduction performed by T. Yamamoto (Bitler Lab).
PEO1:WNT3A;8/23/2018;drao;;100101;SQZ100101;;;9;6;8;;8/28/2018;09:35:52;;;;;Sikora Lab;;0;3/18/2019;07:23:39;;Frozen back by DMR on 10-23-18. Checked out by DMR on 3-4-19.;9;Cells;9;10/31/2018;;Used;;;;SQZ100706A;;DMR;100631;;;;;;0;100706;;;;;;;Wildtype obtained from Ben Bitler (CU Anschutz), with unknown starting passage. Overexpression of WNT3A via viral transduction performed by T. Yamamoto (Bitler Lab).
PEO1:WNT4;8/23/2018;drao;;100102;SQZ100102;;;9;6;6;;8/28/2018;09:48:00;;;;;Sikora Lab;;0;00/00/00;00:00:00;;Frozen back by DMR on 10-23-18.;6;Cells;9;10/31/2018;;In Storage;;Sikora LN2 #1;LN2 Canes;SQZ100707A;;DMR;100636;1;D;5;3;;0;100707;;;;;;;Wildtype obtained from Ben Bitler (CU Anschutz), with unknown starting passage. Overexpression of WNT4 via viral transduction performed by MJS.
PEO1:WNT4;8/23/2018;drao;;100102;SQZ100102;;;9;6;6;;8/28/2018;09:48:00;;;;;Sikora Lab;;0;00/00/00;00:00:00;;Frozen back by DMR on 10-23-18.;7;Cells;9;10/31/2018;;In Storage;;Sikora LN2 #1;LN2 Canes;SQZ100708A;;DMR;100636;1;D;5;4;;0;100708;;;;;;;Wildtype obtained from Ben Bitler (CU Anschutz), with unknown starting passage. Overexpression of WNT4 via viral transduction performed by MJS.
PEO1:WNT4;8/23/2018;drao;;100102;SQZ100102;;;9;6;6;;8/28/2018;09:48:00;;;;;Sikora Lab;;0;6/27/2019;13:44:58;;Frozen back by DMR on 10-23-18.;8;Cells;9;10/31/2018;;Used;;;;SQZ100709A;;DMR;100636;;;;;;0;100709;;;;;;;Wildtype obtained from Ben Bitler (CU Anschutz), with unknown starting passage. Overexpression of WNT4 via viral transduction performed by MJS.
PEO1:WNT4;8/23/2018;drao;;100102;SQZ100102;;;9;6;6;;8/28/2018;09:48:00;;;;;Sikora Lab;;0;3/18/2019;07:23:58;;Frozen back by DMR on 10-23-18. Checked out by DMR on 3-4-19.;9;Cells;9;10/31/2018;;Used;;;;SQZ100710A;;DMR;100636;;;;;;0;100710;;;;;;;Wildtype obtained from Ben Bitler (CU Anschutz), with unknown starting passage. Overexpression of WNT4 via viral transduction performed by MJS.
HT1080-WT:WNT3A-Myc;10/25/2018;drao;LW-002-D;100108;SQZ100108;;;14;12;2;;10/31/2018;13:28:38;;;;;Sikora Lab;;0;1/28/2019;11:30:14;;These are a second, later freezeback of the original cell line that LW created. Thawed by DMR on 1-14-19.;4;Cells;6;11/14/2018;;Used;;;;SQZ100711A;;Lisa Wood;0;;;;;;0;100711;;;;;;;These constructs were made by LW in the Sikora Lab. The original HT1080 cell lines were obatined from the Virshup Lab. These lines overexpress c-terminally Myc-tagged WNT3A from the pLX304 plasmid.
HT1080-WT:WNT3A-Myc;10/25/2018;drao;LW-002-D;100108;SQZ100108;;;14;12;2;;10/31/2018;13:28:38;;;;;Sikora Lab;;0;11/14/2018;14:22:35;;These are a second, later freezeback of the original cell line that LW created.;5;Cells;6;11/14/2018;;In Storage;;Sikora LN2 #1;LN2 Canes;SQZ100712A;;Lisa Wood;0;4;D;5;6;;0;100712;;;;;;;These constructs were made by LW in the Sikora Lab. The original HT1080 cell lines were obatined from the Virshup Lab. These lines overexpress c-terminally Myc-tagged WNT3A from the pLX304 plasmid.
HT1080-WT:WNT3A-Myc;10/25/2018;drao;LW-002-D;100108;SQZ100108;;;14;12;2;;10/31/2018;13:28:38;;;;;Sikora Lab;;0;11/14/2018;14:22:18;;These are a second, later freezeback of the original cell line that LW created.;6;Cells;6;11/14/2018;;In Storage;;Sikora LN2 #1;LN2 Canes;SQZ100713A;;Lisa Wood;0;4;D;5;5;;0;100713;;;;;;;These constructs were made by LW in the Sikora Lab. The original HT1080 cell lines were obatined from the Virshup Lab. These lines overexpress c-terminally Myc-tagged WNT3A from the pLX304 plasmid.
HT1080-WT:WNT3A-Myc;10/25/2018;drao;LW-002-D;100108;SQZ100108;;;14;12;2;;10/31/2018;13:28:38;;;;;Sikora Lab;;0;11/14/2018;14:21:42;;These are a second, later freezeback of the original cell line that LW created.;7;Cells;6;11/14/2018;;In Storage;;Sikora LN2 #1;LN2 Canes;SQZ100714A;;Lisa Wood;0;4;D;5;4;;0;100714;;;;;;;These constructs were made by LW in the Sikora Lab. The original HT1080 cell lines were obatined from the Virshup Lab. These lines overexpress c-terminally Myc-tagged WNT3A from the pLX304 plasmid.
HT1080-WT:WNT4-Myc;10/25/2018;drao;LW-002-D;100109;SQZ100109;;;14;12;2;;10/31/2018;14:31:02;;;;;Sikora Lab;;0;00/00/00;00:00:00;;These are a second, later freezeback of the original cell line that LW created.;4;Cells;6;11/14/2018;;In Storage;;Sikora LN2 #1;LN2 Canes;SQZ100715A;;LW;0;4;D;5;8;;0;100715;;;;;;;These constructs were made by LW in the Sikora Lab. The original HT1080 cell lines were obatined from the Virshup Lab. These lines overexpress c-terminally Myc-tagged WNT4 from the pLX304 plasmid.
HT1080-WT:WNT4-Myc;10/25/2018;drao;LW-002-D;100109;SQZ100109;;;14;12;2;;10/31/2018;14:31:02;;;;;Sikora Lab;;0;00/00/00;00:00:00;;These are a second, later freezeback of the original cell line that LW created.;5;Cells;6;11/14/2018;;In Storage;;Sikora LN2 #1;LN2 Canes;SQZ100716A;;LW;0;4;D;5;9;;0;100716;;;;;;;These constructs were made by LW in the Sikora Lab. The original HT1080 cell lines were obatined from the Virshup Lab. These lines overexpress c-terminally Myc-tagged WNT4 from the pLX304 plasmid.
HT1080-WT:WNT4-Myc;10/25/2018;drao;LW-002-D;100109;SQZ100109;;;14;12;2;;10/31/2018;14:31:02;;;;;Sikora Lab;;0;00/00/00;00:00:00;;These are a second, later freezeback of the original cell line that LW created.;6;Cells;6;11/14/2018;;In Storage;;Sikora LN2 #1;LN2 Canes;SQZ100717A;;LW;0;4;D;6;1;;0;100717;;;;;;;These constructs were made by LW in the Sikora Lab. The original HT1080 cell lines were obatined from the Virshup Lab. These lines overexpress c-terminally Myc-tagged WNT4 from the pLX304 plasmid.
HT1080-WT:WNT4-Myc;10/25/2018;drao;LW-002-D;100109;SQZ100109;;;14;12;2;;10/31/2018;14:31:02;;;;;Sikora Lab;;0;1/28/2019;11:32:06;;These are a second, later freezeback of the original cell line that LW created. Thawed by DMR on 1-14-19.;7;Cells;6;11/14/2018;;Used;;;;SQZ100718A;;LW;0;;;;;;0;100718;;;;;;;These constructs were made by LW in the Sikora Lab. The original HT1080 cell lines were obatined from the Virshup Lab. These lines overexpress c-terminally Myc-tagged WNT4 from the pLX304 plasmid.
HT1080-A11:WNT3A-Myc;10/25/2018;drao;LW-002-D;100110;SQZ100110;;;14;12;2;;10/31/2018;14:47:13;;;;;Sikora Lab;;0;00/00/00;00:00:00;;These are a second, later freezeback of the origianl cell line that LW created.;4;Cells;6;11/14/2018;;In Storage;;Sikora LN2 #1;LN2 Canes;SQZ100719A;;LW;0;4;D;6;3;;0;100719;;;;;;;These constructs were made by LW in the Sikora Lab. The original HT1080 cell lines were obatined from the Virshup Lab. These lines overexpress c-terminally Myc-tagged WNT3A from the pLX304 plasmid.
HT1080-A11:WNT3A-Myc;10/25/2018;drao;LW-002-D;100110;SQZ100110;;;14;12;2;;10/31/2018;14:47:13;;;;;Sikora Lab;;0;00/00/00;00:00:00;;These are a second, later freezeback of the origianl cell line that LW created.;5;Cells;6;11/14/2018;;In Storage;;Sikora LN2 #1;LN2 Canes;SQZ100720A;;LW;0;4;D;6;4;;0;100720;;;;;;;These constructs were made by LW in the Sikora Lab. The original HT1080 cell lines were obatined from the Virshup Lab. These lines overexpress c-terminally Myc-tagged WNT3A from the pLX304 plasmid.
HT1080-A11:WNT3A-Myc;10/25/2018;drao;LW-002-D;100110;SQZ100110;;;14;12;2;;10/31/2018;14:47:13;;;;;Sikora Lab;;0;00/00/00;00:00:00;;These are a second, later freezeback of the origianl cell line that LW created.;6;Cells;6;11/14/2018;;In Storage;;Sikora LN2 #1;LN2 Canes;SQZ100721A;;LW;0;4;D;6;5;;0;100721;;;;;;;These constructs were made by LW in the Sikora Lab. The original HT1080 cell lines were obatined from the Virshup Lab. These lines overexpress c-terminally Myc-tagged WNT3A from the pLX304 plasmid.
HT1080-A11:WNT3A-Myc;10/25/2018;drao;LW-002-D;100110;SQZ100110;;;14;12;2;;10/31/2018;14:47:13;;;;;Sikora Lab;;0;1/28/2019;11:33:30;;These are a second, later freezeback of the origianl cell line that LW created. Thawed by DMR on 1-14-19.;7;Cells;6;11/14/2018;;Used;;;;SQZ100722A;;LW;0;;;;;;0;100722;;;;;;;These constructs were made by LW in the Sikora Lab. The original HT1080 cell lines were obatined from the Virshup Lab. These lines overexpress c-terminally Myc-tagged WNT3A from the pLX304 plasmid.
HT1080-A11:WNT4-Myc;10/25/2018;drao;LW-002-D;100111;SQZ100111;;;14;12;2;;10/31/2018;14:48:43;;;;;Sikora Lab;;0;00/00/00;00:00:00;;These are a second, later freezeback of the origianl cell line that LW created.;4;Cells;6;11/14/2018;;In Storage;;Sikora LN2 #1;LN2 Canes;SQZ100723A;;LW;0;4;D;6;7;;0;100723;;;;;;;These constructs were made by LW in the Sikora Lab. The original HT1080 cell lines were obatined from the Virshup Lab. These lines overexpress c-terminally Myc-tagged WNT4 from the pLX304 plasmid.
HT1080-A11:WNT4-Myc;10/25/2018;drao;LW-002-D;100111;SQZ100111;;;14;12;2;;10/31/2018;14:48:43;;;;;Sikora Lab;;0;00/00/00;00:00:00;;These are a second, later freezeback of the origianl cell line that LW created.;5;Cells;6;11/14/2018;;In Storage;;Sikora LN2 #1;LN2 Canes;SQZ100724A;;LW;0;4;D;6;8;;0;100724;;;;;;;These constructs were made by LW in the Sikora Lab. The original HT1080 cell lines were obatined from the Virshup Lab. These lines overexpress c-terminally Myc-tagged WNT4 from the pLX304 plasmid.
HT1080-A11:WNT4-Myc;10/25/2018;drao;LW-002-D;100111;SQZ100111;;;14;12;2;;10/31/2018;14:48:43;;;;;Sikora Lab;;0;00/00/00;00:00:00;;These are a second, later freezeback of the origianl cell line that LW created.;6;Cells;6;11/14/2018;;In Storage;;Sikora LN2 #1;LN2 Canes;SQZ100725A;;LW;0;4;D;6;9;;0;100725;;;;;;;These constructs were made by LW in the Sikora Lab. The original HT1080 cell lines were obatined from the Virshup Lab. These lines overexpress c-terminally Myc-tagged WNT4 from the pLX304 plasmid.
HT1080-A11:WNT4-Myc;10/25/2018;drao;LW-002-D;100111;SQZ100111;;;14;12;2;;10/31/2018;14:48:43;;;;;Sikora Lab;;0;1/28/2019;11:34:46;;These are a second, later freezeback of the origianl cell line that LW created. Thawed by DMR on 1-14-19.;7;Cells;6;11/14/2018;;Used;;;;SQZ100726A;;LW;0;;;;;;0;100726;;;;;;;These constructs were made by LW in the Sikora Lab. The original HT1080 cell lines were obatined from the Virshup Lab. These lines overexpress c-terminally Myc-tagged WNT4 from the pLX304 plasmid.
HT1080-WT:WNT3A-Myc;10/25/2018;drao;LW-002-D;100108;SQZ100108;;;14;12;2;;10/31/2018;13:28:38;;;;;Sikora Lab;;0;00/00/00;00:00:00;;Later passage from original cell line LW created.;8;Cells;11;11/26/2018;;In Storage;;Sikora LN2 #1;LN2 Canes;SQZ100727A;;DMR;0;1;D;5;7;;0;100727;;;;;;;These constructs were made by LW in the Sikora Lab. The original HT1080 cell lines were obatined from the Virshup Lab. These lines overexpress c-terminally Myc-tagged WNT3A from the pLX304 plasmid.
HT1080-WT:WNT3A-Myc;10/25/2018;drao;LW-002-D;100108;SQZ100108;;;14;12;2;;10/31/2018;13:28:38;;;;;Sikora Lab;;0;00/00/00;00:00:00;;Later passage from original cell line LW created.;9;Cells;11;11/26/2018;;In Storage;;Sikora LN2 #1;LN2 Canes;SQZ100728A;;DMR;0;1;D;5;8;;0;100728;;;;;;;These constructs were made by LW in the Sikora Lab. The original HT1080 cell lines were obatined from the Virshup Lab. These lines overexpress c-terminally Myc-tagged WNT3A from the pLX304 plasmid.
HT1080-WT:WNT3A-Myc;10/25/2018;drao;LW-002-D;100108;SQZ100108;;;14;12;2;;10/31/2018;13:28:38;;;;;Sikora Lab;;0;00/00/00;00:00:00;;Later passage from original cell line LW created.;10;Cells;11;11/26/2018;;In Storage;;Sikora LN2 #1;LN2 Canes;SQZ100729A;;DMR;0;1;D;5;9;;0;100729;;;;;;;These constructs were made by LW in the Sikora Lab. The original HT1080 cell lines were obatined from the Virshup Lab. These lines overexpress c-terminally Myc-tagged WNT3A from the pLX304 plasmid.
HT1080-WT:WNT3A-Myc;10/25/2018;drao;LW-002-D;100108;SQZ100108;;;14;12;2;;10/31/2018;13:28:38;;;;;Sikora Lab;;0;00/00/00;00:00:00;;Later passage from original cell line LW created.;11;Cells;11;11/26/2018;;In Storage;;Sikora LN2 #1;LN2 Canes;SQZ100730A;;DMR;0;1;D;6;1;;0;100730;;;;;;;These constructs were made by LW in the Sikora Lab. The original HT1080 cell lines were obatined from the Virshup Lab. These lines overexpress c-terminally Myc-tagged WNT3A from the pLX304 plasmid.
HT1080-WT:WNT4-Myc;10/25/2018;drao;LW-002-D;100109;SQZ100109;;;14;12;2;;10/31/2018;14:31:02;;;;;Sikora Lab;;0;00/00/00;00:00:00;;Later passage from origianl cell line LW created.;8;Cells;10;11/26/2018;;In Storage;;Sikora LN2 #1;LN2 Canes;SQZ100731A;;DMR;0;1;D;6;2;;0;100731;;;;;;;These constructs were made by LW in the Sikora Lab. The original HT1080 cell lines were obatined from the Virshup Lab. These lines overexpress c-terminally Myc-tagged WNT4 from the pLX304 plasmid.
HT1080-WT:WNT4-Myc;10/25/2018;drao;LW-002-D;100109;SQZ100109;;;14;12;2;;10/31/2018;14:31:02;;;;;Sikora Lab;;0;00/00/00;00:00:00;;Later passage from origianl cell line LW created.;9;Cells;10;11/26/2018;;In Storage;;Sikora LN2 #1;LN2 Canes;SQZ100732A;;DMR;0;1;D;6;3;;0;100732;;;;;;;These constructs were made by LW in the Sikora Lab. The original HT1080 cell lines were obatined from the Virshup Lab. These lines overexpress c-terminally Myc-tagged WNT4 from the pLX304 plasmid.
HT1080-WT:WNT4-Myc;10/25/2018;drao;LW-002-D;100109;SQZ100109;;;14;12;2;;10/31/2018;14:31:02;;;;;Sikora Lab;;0;00/00/00;00:00:00;;Later passage from origianl cell line LW created.;10;Cells;10;11/26/2018;;In Storage;;Sikora LN2 #1;LN2 Canes;SQZ100733A;;DMR;0;1;D;6;4;;0;100733;;;;;;;These constructs were made by LW in the Sikora Lab. The original HT1080 cell lines were obatined from the Virshup Lab. These lines overexpress c-terminally Myc-tagged WNT4 from the pLX304 plasmid.
HT1080-WT:WNT4-Myc;10/25/2018;drao;LW-002-D;100109;SQZ100109;;;14;12;2;;10/31/2018;14:31:02;;;;;Sikora Lab;;0;00/00/00;00:00:00;;Later passage from origianl cell line LW created.;11;Cells;10;11/26/2018;;In Storage;;Sikora LN2 #1;LN2 Canes;SQZ100734A;;DMR;0;1;D;6;5;;0;100734;;;;;;;These constructs were made by LW in the Sikora Lab. The original HT1080 cell lines were obatined from the Virshup Lab. These lines overexpress c-terminally Myc-tagged WNT4 from the pLX304 plasmid.
HT1080-A11:WNT3A-Myc;10/25/2018;drao;LW-002-D;100110;SQZ100110;;;14;12;2;;10/31/2018;14:47:13;;;;;Sikora Lab;;0;00/00/00;00:00:00;;Later passage from original cel lline LW created.;8;Cells;11;11/26/2018;;In Storage;;Sikora LN2 #1;LN2 Canes;SQZ100735A;;DMR;0;1;D;6;6;;0;100735;;;;;;;These constructs were made by LW in the Sikora Lab. The original HT1080 cell lines were obatined from the Virshup Lab. These lines overexpress c-terminally Myc-tagged WNT3A from the pLX304 plasmid.
HT1080-A11:WNT3A-Myc;10/25/2018;drao;LW-002-D;100110;SQZ100110;;;14;12;2;;10/31/2018;14:47:13;;;;;Sikora Lab;;0;00/00/00;00:00:00;;Later passage from original cel lline LW created.;9;Cells;11;11/26/2018;;In Storage;;Sikora LN2 #1;LN2 Canes;SQZ100736A;;DMR;0;1;D;6;7;;0;100736;;;;;;;These constructs were made by LW in the Sikora Lab. The original HT1080 cell lines were obatined from the Virshup Lab. These lines overexpress c-terminally Myc-tagged WNT3A from the pLX304 plasmid.
HT1080-A11:WNT3A-Myc;10/25/2018;drao;LW-002-D;100110;SQZ100110;;;14;12;2;;10/31/2018;14:47:13;;;;;Sikora Lab;;0;00/00/00;00:00:00;;Later passage from original cel lline LW created.;10;Cells;11;11/26/2018;;In Storage;;Sikora LN2 #1;LN2 Canes;SQZ100737A;;DMR;0;1;D;6;8;;0;100737;;;;;;;These constructs were made by LW in the Sikora Lab. The original HT1080 cell lines were obatined from the Virshup Lab. These lines overexpress c-terminally Myc-tagged WNT3A from the pLX304 plasmid.
HT1080-A11:WNT3A-Myc;10/25/2018;drao;LW-002-D;100110;SQZ100110;;;14;12;2;;10/31/2018;14:47:13;;;;;Sikora Lab;;0;00/00/00;00:00:00;;Later passage from original cel lline LW created.;11;Cells;11;11/26/2018;;In Storage;;Sikora LN2 #1;LN2 Canes;SQZ100738A;;DMR;0;1;D;6;9;;0;100738;;;;;;;These constructs were made by LW in the Sikora Lab. The original HT1080 cell lines were obatined from the Virshup Lab. These lines overexpress c-terminally Myc-tagged WNT3A from the pLX304 plasmid.
HT1080-A11:WNT4-Myc;10/25/2018;drao;LW-002-D;100111;SQZ100111;;;14;12;2;;10/31/2018;14:48:43;;;;;Sikora Lab;;0;00/00/00;00:00:00;;Later passage from original cell line LW created.;8;Cells;10;11/26/2018;;In Storage;;Sikora LN2 #1;LN2 Canes;SQZ100739A;;DMR;0;1;D;7;1;;0;100739;;;;;;;These constructs were made by LW in the Sikora Lab. The original HT1080 cell lines were obatined from the Virshup Lab. These lines overexpress c-terminally Myc-tagged WNT4 from the pLX304 plasmid.
HT1080-A11:WNT4-Myc;10/25/2018;drao;LW-002-D;100111;SQZ100111;;;14;12;2;;10/31/2018;14:48:43;;;;;Sikora Lab;;0;00/00/00;00:00:00;;Later passage from original cell line LW created.;9;Cells;10;11/26/2018;;In Storage;;Sikora LN2 #1;LN2 Canes;SQZ100740A;;DMR;0;1;D;7;2;;0;100740;;;;;;;These constructs were made by LW in the Sikora Lab. The original HT1080 cell lines were obatined from the Virshup Lab. These lines overexpress c-terminally Myc-tagged WNT4 from the pLX304 plasmid.
HT1080-A11:WNT4-Myc;10/25/2018;drao;LW-002-D;100111;SQZ100111;;;14;12;2;;10/31/2018;14:48:43;;;;;Sikora Lab;;0;00/00/00;00:00:00;;Later passage from original cell line LW created.;10;Cells;10;11/26/2018;;In Storage;;Sikora LN2 #1;LN2 Canes;SQZ100741A;;DMR;0;1;D;7;3;;0;100741;;;;;;;These constructs were made by LW in the Sikora Lab. The original HT1080 cell lines were obatined from the Virshup Lab. These lines overexpress c-terminally Myc-tagged WNT4 from the pLX304 plasmid.
HT1080-A11:WNT4-Myc;10/25/2018;drao;LW-002-D;100111;SQZ100111;;;14;12;2;;10/31/2018;14:48:43;;;;;Sikora Lab;;0;00/00/00;00:00:00;;Later passage from original cell line LW created.;11;Cells;10;11/26/2018;;In Storage;;Sikora LN2 #1;LN2 Canes;SQZ100742A;;DMR;0;1;D;7;4;;0;100742;;;;;;;These constructs were made by LW in the Sikora Lab. The original HT1080 cell lines were obatined from the Virshup Lab. These lines overexpress c-terminally Myc-tagged WNT4 from the pLX304 plasmid.
SUM44PE;9/6/2018;drao;;100112;SQZ100112;;;1;1;84;;12/4/2018;13:24:13;;;;;Riggins Lab;;0;12/4/2018;14:14:51;;Cells frozen back by HS from Dr. Riggins lab. We recieved these on 12/4/18.;1;Cells;84;12/4/2018;;In Storage;;Sikora LN2 #1;LN2 Canes;SQZ100743A;;HS (Riggins Lab);0;4;F;9;8;;0;100743;;;;;;;This is a wildtype SUM44PE cell line obtined from Dr. Rebecca Riggins lab that we obtained in order grow them alongside Dr. Riggins' tamoxifen resistant SUM44PE cell line (PMID: 18974135).
HT1080;7/30/2017;drao;;100052;SQZ100052;;;20;14;P3;;8/29/2017;10:58:46;;;;;Virshup/Singapore;;0;00/00/00;00:00:00;;Freeze-back from a previous thaw on 1-18-19.;18;Cells;8;1/28/2019;;In Storage;;Sikora LN2 #1;LN2 Canes;SQZ100745A;;DMR;100507;1;E;1;1;;0;100745;;;;;;;These cells were split and frozen down from a vial originally obtained from the Virshup laboratory.
HT1080;7/30/2017;drao;;100052;SQZ100052;;;20;14;P3;;8/29/2017;10:58:46;;;;;Virshup/Singapore;;0;6/21/2019;12:50:54;;Freeze-back from a previous thaw on 1-18-19. Thawed by DMR on 6-21-19.;19;Cells;8;1/28/2019;;Checked Out;;Sikora LN2 #1;LN2 Canes;SQZ100746A;;DMR;100507;1;E;1;2;;0;100746;;;;;;;These cells were split and frozen down from a vial originally obtained from the Virshup laboratory.
HT1080;7/30/2017;drao;;100052;SQZ100052;;;20;14;P3;;8/29/2017;10:58:46;;;;;Virshup/Singapore;;0;3/18/2019;14:58:16;;Freeze-back from a previous thaw on 1-18-19. Thawed by DMR on 2-11-19.;20;Cells;8;1/28/2019;;Used;;;;SQZ100747A;;DMR;100507;;;;;;0;100747;;;;;;;These cells were split and frozen down from a vial originally obtained from the Virshup laboratory.
HT1080 A11;8/11/2017;drao;;100051;SQZ100051;;;21;15;P4;;8/29/2017;10:53:09;;;;;Virshup/Singapore;;0;00/00/00;00:00:00;;Frozen back from a previous thaw on 1-18-19.;19;Cells;10;1/28/2019;;In Storage;;Sikora LN2 #1;LN2 Canes;SQZ100748A;;DMR;100504;1;E;1;4;;0;100748;;;;;;;These were split and frozen down from an original vial from Virshup. The passage number refers to how many times it has been passeged by the Sikora Lab. For publication (Rao et al, 2018), these cells are reffered to as PKO (PORCN knock-out). We recieved two cell lines from the Virshup lab that have PORCN knocked out, A11 and C10. A11 were used as they had the least amount of autonomous WNT activity (as measured by DVL2/3).
HT1080 A11;8/11/2017;drao;;100051;SQZ100051;;;21;15;P4;;8/29/2017;10:53:09;;;;;Virshup/Singapore;;0;6/21/2019;12:51:29;;Frozen back from a previous thaw on 1-18-19. Checked out by DMR on 6-21-19.;20;Cells;10;1/28/2019;;Checked Out;;Sikora LN2 #1;LN2 Canes;SQZ100749A;;DMR;100504;1;E;1;5;;0;100749;;;;;;;These were split and frozen down from an original vial from Virshup. The passage number refers to how many times it has been passeged by the Sikora Lab. For publication (Rao et al, 2018), these cells are reffered to as PKO (PORCN knock-out). We recieved two cell lines from the Virshup lab that have PORCN knocked out, A11 and C10. A11 were used as they had the least amount of autonomous WNT activity (as measured by DVL2/3).
HT1080 A11;8/11/2017;drao;;100051;SQZ100051;;;21;15;P4;;8/29/2017;10:53:09;;;;;Virshup/Singapore;;0;3/18/2019;14:58:34;;Frozen back from a previous thaw on 1-18-19. Thawed by DMR on 2-11-19.;21;Cells;10;1/28/2019;;Used;;;;SQZ100750A;;DMR;100504;;;;;;0;100750;;;;;;;These were split and frozen down from an original vial from Virshup. The passage number refers to how many times it has been passeged by the Sikora Lab. For publication (Rao et al, 2018), these cells are reffered to as PKO (PORCN knock-out). We recieved two cell lines from the Virshup lab that have PORCN knocked out, A11 and C10. A11 were used as they had the least amount of autonomous WNT activity (as measured by DVL2/3).
HT1080+WNT3A;10/6/2017;drao;;100082;SQZ100082;;;13;8;6;;1/3/2018;11:44:08;;;;;Sikora Lab;;0;00/00/00;00:00:00;;Frozen back from a previous thaw on 1-18-19.;11;Cells;8;1/28/2019;;In Storage;;Sikora LN2 #1;LN2 Canes;SQZ100751A;;DMR;100405;1;E;1;7;;0;100751;;;;;;;
HT1080+WNT3A;10/6/2017;drao;;100082;SQZ100082;;;13;8;6;;1/3/2018;11:44:08;;;;;Sikora Lab;;0;6/21/2019;12:52:03;;Frozen back from a previous thaw on 1-18-19. Checked out by DMR on 6-21-19.;12;Cells;8;1/28/2019;;Checked Out;;Sikora LN2 #1;LN2 Canes;SQZ100752A;;DMR;100405;1;E;1;8;;0;100752;;;;;;;
HT1080+WNT3A;10/6/2017;drao;;100082;SQZ100082;;;13;8;6;;1/3/2018;11:44:08;;;;;Sikora Lab;;0;3/18/2019;14:58:51;;Frozen back from a previous thaw on 1-18-19. Thawed by DMR on 2-11-19.;13;Cells;8;1/28/2019;;Used;;;;SQZ100753A;;DMR;100405;;;;;;0;100753;;;;;;;
HT1080+WNT4;10/6/2017;drao;;100081;SQZ100081;;;13;7;6;;1/3/2018;11:41:39;;;;;Sikora Lab;;0;00/00/00;00:00:00;;Frozen back from previous thaw on 1-18-19.;11;Cells;8;1/28/2019;;In Storage;;Sikora LN2 #1;LN2 Canes;SQZ100754A;;DMR;100403;1;E;2;1;;0;100754;;;;;;;
HT1080+WNT4;10/6/2017;drao;;100081;SQZ100081;;;13;7;6;;1/3/2018;11:41:39;;;;;Sikora Lab;;0;6/21/2019;12:52:36;;Frozen back from previous thaw on 1-18-19. Checked out by DMR on 6-21-19.;12;Cells;8;1/28/2019;;Checked Out;;Sikora LN2 #1;LN2 Canes;SQZ100755A;;DMR;100403;1;E;2;2;;0;100755;;;;;;;
HT1080+WNT4;10/6/2017;drao;;100081;SQZ100081;;;13;7;6;;1/3/2018;11:41:39;;;;;Sikora Lab;;0;3/18/2019;14:59:06;;Frozen back from previous thaw on 1-18-19. Thawed by DMR on 2-11-19.;13;Cells;8;1/28/2019;;Used;;;;SQZ100756A;;DMR;100403;;;;;;0;100756;;;;;;;
HT1080-A11-WNT3A;10/6/2017;drao;;100079;SQZ100079;;;15;8;6;;1/3/2018;11:38:50;;;;;Sikora Lab;;0;00/00/00;00:00:00;;Frozen back from previous thaw on 1-18-19.;13;Cells;8;1/28/2019;;In Storage;;Sikora LN2 #1;LN2 Canes;SQZ100757A;;DMR;100399;1;E;2;4;;0;100757;;;;;;;For publication (Rao et al, 2018), these cells are reffered to as PKO (PORCN knock-out). We recieved two cell lines from the Virshup lab that have PORCN knocked out, A11 and C10. A11 were used as they had the least amount of autonomous WNT activity (as measured by DVL2/3).
HT1080-A11-WNT3A;10/6/2017;drao;;100079;SQZ100079;;;15;8;6;;1/3/2018;11:38:50;;;;;Sikora Lab;;0;6/21/2019;12:53:06;;Frozen back from previous thaw on 1-18-19. Checked out by DMR on 6-21-19.;14;Cells;8;1/28/2019;;Checked Out;;Sikora LN2 #1;LN2 Canes;SQZ100758A;;DMR;100399;1;E;2;5;;0;100758;;;;;;;For publication (Rao et al, 2018), these cells are reffered to as PKO (PORCN knock-out). We recieved two cell lines from the Virshup lab that have PORCN knocked out, A11 and C10. A11 were used as they had the least amount of autonomous WNT activity (as measured by DVL2/3).
HT1080-A11-WNT3A;10/6/2017;drao;;100079;SQZ100079;;;15;8;6;;1/3/2018;11:38:50;;;;;Sikora Lab;;0;3/18/2019;14:59:24;;Frozen back from previous thaw on 1-18-19. Thawed by DMR on 2-11-19.;15;Cells;8;1/28/2019;;Used;;;;SQZ100759A;;DMR;100399;;;;;;0;100759;;;;;;;For publication (Rao et al, 2018), these cells are reffered to as PKO (PORCN knock-out). We recieved two cell lines from the Virshup lab that have PORCN knocked out, A11 and C10. A11 were used as they had the least amount of autonomous WNT activity (as measured by DVL2/3).
HT1080-A11+WNT4;10/6/2017;drao;;100080;SQZ100080;;;13;6;6;;1/3/2018;11:39:57;;;;;Sikora Lab;;0;00/00/00;00:00:00;;Frozen back from a previous thaw on 1-18-19.;11;Cells;8;1/28/2019;;In Storage;;Sikora LN2 #1;LN2 Canes;SQZ100760A;;DMR;100401;1;E;2;7;;0;100760;;;;;;;For publication (Rao et al, 2018), these cells are reffered to as PKO (PORCN knock-out). We recieved two cell lines from the Virshup lab that have PORCN knocked out, A11 and C10. A11 were used as they had the least amount of autonomous WNT activity (as measured by DVL2/3).
HT1080-A11+WNT4;10/6/2017;drao;;100080;SQZ100080;;;13;6;6;;1/3/2018;11:39:57;;;;;Sikora Lab;;0;6/21/2019;12:53:34;;Frozen back from a previous thaw on 1-18-19. Checked out by DMR on 6-21-19.;12;Cells;8;1/28/2019;;Checked Out;;Sikora LN2 #1;LN2 Canes;SQZ100761A;;DMR;100401;1;E;2;8;;0;100761;;;;;;;For publication (Rao et al, 2018), these cells are reffered to as PKO (PORCN knock-out). We recieved two cell lines from the Virshup lab that have PORCN knocked out, A11 and C10. A11 were used as they had the least amount of autonomous WNT activity (as measured by DVL2/3).
HT1080-A11+WNT4;10/6/2017;drao;;100080;SQZ100080;;;13;6;6;;1/3/2018;11:39:57;;;;;Sikora Lab;;0;3/18/2019;14:59:39;;Frozen back from a previous thaw on 1-18-19. Thawed by DMR on 2-11-19.;13;Cells;8;1/28/2019;;Used;;;;SQZ100762A;;DMR;100401;;;;;;0;100762;;;;;;;For publication (Rao et al, 2018), these cells are reffered to as PKO (PORCN knock-out). We recieved two cell lines from the Virshup lab that have PORCN knocked out, A11 and C10. A11 were used as they had the least amount of autonomous WNT activity (as measured by DVL2/3).
HT1080-WT:WNT3A-Myc;10/25/2018;drao;LW-002-D;100108;SQZ100108;;;14;12;2;;10/31/2018;13:28:38;;;;;Sikora Lab;;0;00/00/00;00:00:00;;Frozen back from a previous thaw on 1-18-19.;12;Cells;8;1/28/2019;;In Storage;;Sikora LN2 #1;LN2 Canes;SQZ100763A;;DMR;100711;1;E;3;1;;0;100763;;;;;;;These constructs were made by LW in the Sikora Lab. The original HT1080 cell lines were obatined from the Virshup Lab. These lines overexpress c-terminally Myc-tagged WNT3A from the pLX304 plasmid.
HT1080-WT:WNT3A-Myc;10/25/2018;drao;LW-002-D;100108;SQZ100108;;;14;12;2;;10/31/2018;13:28:38;;;;;Sikora Lab;;0;00/00/00;00:00:00;;Frozen back from a previous thaw on 1-18-19.;13;Cells;8;1/28/2019;;In Storage;;Sikora LN2 #1;LN2 Canes;SQZ100764A;;DMR;100711;1;E;3;2;;0;100764;;;;;;;These constructs were made by LW in the Sikora Lab. The original HT1080 cell lines were obatined from the Virshup Lab. These lines overexpress c-terminally Myc-tagged WNT3A from the pLX304 plasmid.
HT1080-WT:WNT3A-Myc;10/25/2018;drao;LW-002-D;100108;SQZ100108;;;14;12;2;;10/31/2018;13:28:38;;;;;Sikora Lab;;0;3/18/2019;07:24:54;;Frozen back from a previous thaw on 1-18-19. Thawed by DMR on 2-11-19.;14;Cells;8;1/28/2019;;Used;;;;SQZ100765A;;DMR;100711;;;;;;0;100765;;;;;;;These constructs were made by LW in the Sikora Lab. The original HT1080 cell lines were obatined from the Virshup Lab. These lines overexpress c-terminally Myc-tagged WNT3A from the pLX304 plasmid.
HT1080-WT:WNT4-Myc;10/25/2018;drao;LW-002-D;100109;SQZ100109;;;14;12;2;;10/31/2018;14:31:02;;;;;Sikora Lab;;0;00/00/00;00:00:00;;Frozen back from a previous thaw on 1-18-19.;12;Cells;8;1/28/2019;;In Storage;;Sikora LN2 #1;LN2 Canes;SQZ100766A;;DMR;100718;1;E;3;4;;0;100766;;;;;;;These constructs were made by LW in the Sikora Lab. The original HT1080 cell lines were obatined from the Virshup Lab. These lines overexpress c-terminally Myc-tagged WNT4 from the pLX304 plasmid.
HT1080-WT:WNT4-Myc;10/25/2018;drao;LW-002-D;100109;SQZ100109;;;14;12;2;;10/31/2018;14:31:02;;;;;Sikora Lab;;0;00/00/00;00:00:00;;Frozen back from a previous thaw on 1-18-19.;13;Cells;8;1/28/2019;;In Storage;;Sikora LN2 #1;LN2 Canes;SQZ100767A;;DMR;100718;1;E;3;5;;0;100767;;;;;;;These constructs were made by LW in the Sikora Lab. The original HT1080 cell lines were obatined from the Virshup Lab. These lines overexpress c-terminally Myc-tagged WNT4 from the pLX304 plasmid.
HT1080-WT:WNT4-Myc;10/25/2018;drao;LW-002-D;100109;SQZ100109;;;14;12;2;;10/31/2018;14:31:02;;;;;Sikora Lab;;0;3/18/2019;07:25:12;;Frozen back from a previous thaw on 1-18-19. Thawed by DMR on 2-11-19.;14;Cells;8;1/28/2019;;Used;;;;SQZ100768A;;DMR;100718;;;;;;0;100768;;;;;;;These constructs were made by LW in the Sikora Lab. The original HT1080 cell lines were obatined from the Virshup Lab. These lines overexpress c-terminally Myc-tagged WNT4 from the pLX304 plasmid.
HT1080-A11:WNT3A-Myc;10/25/2018;drao;LW-002-D;100110;SQZ100110;;;14;12;2;;10/31/2018;14:47:13;;;;;Sikora Lab;;0;00/00/00;00:00:00;;Frozen back from previous thaw on 1-18-19.;12;Cells;8;1/28/2019;;In Storage;;Sikora LN2 #1;LN2 Canes;SQZ100769A;;DMR;100722;1;E;3;7;;0;100769;;;;;;;These constructs were made by LW in the Sikora Lab. The original HT1080 cell lines were obatined from the Virshup Lab. These lines overexpress c-terminally Myc-tagged WNT3A from the pLX304 plasmid.
HT1080-A11:WNT3A-Myc;10/25/2018;drao;LW-002-D;100110;SQZ100110;;;14;12;2;;10/31/2018;14:47:13;;;;;Sikora Lab;;0;00/00/00;00:00:00;;Frozen back from previous thaw on 1-18-19.;13;Cells;8;1/28/2019;;In Storage;;Sikora LN2 #1;LN2 Canes;SQZ100770A;;DMR;100722;1;E;3;8;;0;100770;;;;;;;These constructs were made by LW in the Sikora Lab. The original HT1080 cell lines were obatined from the Virshup Lab. These lines overexpress c-terminally Myc-tagged WNT3A from the pLX304 plasmid.
HT1080-A11:WNT3A-Myc;10/25/2018;drao;LW-002-D;100110;SQZ100110;;;14;12;2;;10/31/2018;14:47:13;;;;;Sikora Lab;;0;3/18/2019;07:25:29;;Frozen back from previous thaw on 1-18-19. Thawed by DMR on 2-11-19.;14;Cells;8;1/28/2019;;Used;;;;SQZ100771A;;DMR;100722;;;;;;0;100771;;;;;;;These constructs were made by LW in the Sikora Lab. The original HT1080 cell lines were obatined from the Virshup Lab. These lines overexpress c-terminally Myc-tagged WNT3A from the pLX304 plasmid.
HT1080-A11:WNT4-Myc;10/25/2018;drao;LW-002-D;100111;SQZ100111;;;14;12;2;;10/31/2018;14:48:43;;;;;Sikora Lab;;0;00/00/00;00:00:00;;Frozen back from a previous thaw on 1-18-19.;12;Cells;8;1/28/2019;;In Storage;;Sikora LN2 #1;LN2 Canes;SQZ100772A;;DMR;100726;1;E;4;1;;0;100772;;;;;;;These constructs were made by LW in the Sikora Lab. The original HT1080 cell lines were obatined from the Virshup Lab. These lines overexpress c-terminally Myc-tagged WNT4 from the pLX304 plasmid.
HT1080-A11:WNT4-Myc;10/25/2018;drao;LW-002-D;100111;SQZ100111;;;14;12;2;;10/31/2018;14:48:43;;;;;Sikora Lab;;0;00/00/00;00:00:00;;Frozen back from a previous thaw on 1-18-19.;13;Cells;8;1/28/2019;;In Storage;;Sikora LN2 #1;LN2 Canes;SQZ100773A;;DMR;100726;1;E;4;2;;0;100773;;;;;;;These constructs were made by LW in the Sikora Lab. The original HT1080 cell lines were obatined from the Virshup Lab. These lines overexpress c-terminally Myc-tagged WNT4 from the pLX304 plasmid.
HT1080-A11:WNT4-Myc;10/25/2018;drao;LW-002-D;100111;SQZ100111;;;14;12;2;;10/31/2018;14:48:43;;;;;Sikora Lab;;0;3/18/2019;07:25:50;;Frozen back from a previous thaw on 1-18-19. Thawed by DMR on 2-11-19.;14;Cells;8;1/28/2019;;Used;;;;SQZ100774A;;DMR;100726;;;;;;0;100774;;;;;;;These constructs were made by LW in the Sikora Lab. The original HT1080 cell lines were obatined from the Virshup Lab. These lines overexpress c-terminally Myc-tagged WNT4 from the pLX304 plasmid.
HC1018 PDX;9/11/2018;drao;;100114;SQZ100114;;;1;1;3.C1.M2;;2/20/2019;11:03:08;;;;;Matt Strutz (HCI);;0;00/00/00;00:00:00;;Recived from Matt Strutz on 2/20/19. The material is listed as "viable chunks".;1;PDX chunk;P3.C1.M2;2/20/2019;;In Storage;;Sikora LN2 #1;LN2 Canes;SQZ100775A;;DMR;0;4;J;9;9;;0;100775;;;;;;;Patient Derived Xenograft (PDX) "viable chunks". P3.C1.M2. #008. 9/11/2018. D5-787. Obtained from Matthew Strutz at the Huntsman Cancer Institute at the University of Utah.
MDA MB 134VI (MM134);2/13/2017;admin;;100011;ZZZ100044;Matt Sikora;;21;14;p+36;;2/17/2017;14:34:42;;;;;UPMC/MJS;;0;00/00/00;00:00:00;;;14;Cells;38;3/21/2019;;In Storage;;Sikora LN2 #1;LN2 Canes;SQZ100777A;;EKB;0;1;F;2;3;;0;100777;;;;;;;Continuous maintenance from p+33 (FWID 100000)
MDA MB 134VI (MM134);2/13/2017;admin;;100011;ZZZ100044;Matt Sikora;;21;14;p+36;;2/17/2017;14:34:42;;;;;UPMC/MJS;;0;00/00/00;00:00:00;;;15;Cells;38;3/21/2019;;In Storage;;Sikora LN2 #1;LN2 Canes;SQZ100778A;;EKB;0;1;F;2;4;;0;100778;;;;;;;Continuous maintenance from p+33 (FWID 100000)
MDA MB 134VI (MM134);2/13/2017;admin;;100011;ZZZ100044;Matt Sikora;;21;14;p+36;;2/17/2017;14:34:42;;;;;UPMC/MJS;;0;00/00/00;00:00:00;;;16;Cells;38;3/21/2019;;In Storage;;Sikora LN2 #1;LN2 Canes;SQZ100779A;;EKB;0;1;F;2;5;;0;100779;;;;;;;Continuous maintenance from p+33 (FWID 100000)
MDA MB 134VI (MM134);2/13/2017;admin;;100011;ZZZ100044;Matt Sikora;;21;14;p+36;;2/17/2017;14:34:42;;;;;UPMC/MJS;;0;00/00/00;00:00:00;;;17;Cells;38;3/21/2019;;In Storage;;Sikora LN2 #1;LN2 Canes;SQZ100780A;;EKB;0;1;F;2;6;;0;100780;;;;;;;Continuous maintenance from p+33 (FWID 100000)
MDA MB 134VI (MM134);2/13/2017;admin;;100011;ZZZ100044;Matt Sikora;;21;14;p+36;;2/17/2017;14:34:42;;;;;UPMC/MJS;;0;00/00/00;00:00:00;;;18;Cells;38;3/21/2019;;In Storage;;Sikora LN2 #1;LN2 Canes;SQZ100781A;;EKB;0;1;F;2;7;;0;100781;;;;;;;Continuous maintenance from p+33 (FWID 100000)
SUM44PE;2/16/2017;admin;;100012;ZZZ100045;Matt Sikora;;23;16;p77;;2/17/2017;14:35:49;;;;;UPMC/MJS;;0;4/9/2019;15:49:35;;Frozen back by EKB.;13;Cells;78;3/21/2019;;In Storage;;Sikora LN2 #1;LN2 Canes;SQZ100782A;;EKB;0;4;F;9;1;;0;100782;;;;;;;Originally obtained from Rae Laboratory at U.Michigan (Rae Lab obtained directly from Ethier Lab).
SUM44PE;2/16/2017;admin;;100012;ZZZ100045;Matt Sikora;;23;16;p77;;2/17/2017;14:35:49;;;;;UPMC/MJS;;0;4/9/2019;15:49:12;;Frozen back by EKB.;14;Cells;78;3/21/2019;;In Storage;;Sikora LN2 #1;LN2 Canes;SQZ100783A;;EKB;0;4;F;9;2;;0;100783;;;;;;;Originally obtained from Rae Laboratory at U.Michigan (Rae Lab obtained directly from Ethier Lab).
SUM44PE;2/16/2017;admin;;100012;ZZZ100045;Matt Sikora;;23;16;p77;;2/17/2017;14:35:49;;;;;UPMC/MJS;;0;00/00/00;00:00:00;;Frozen back by EKB on 4-4-19.;15;Cells;79;4/9/2019;;In Storage;;Sikora LN2 #1;LN2 Canes;SQZ100784A;;EKB;100076;4;F;9;3;;0;100784;;;;;;;Originally obtained from Rae Laboratory at U.Michigan (Rae Lab obtained directly from Ethier Lab).
MDA MB 134VI (MM134);2/13/2017;admin;;100011;ZZZ100044;Matt Sikora;;21;14;p+36;;2/17/2017;14:34:42;;;;;UPMC/MJS;;0;9/4/2019;12:07:30;;Frozen back by EKB on 04.04.19 Thawed by EKB on 09.04.19;21;Cells;40;4/9/2019;;Checked Out;;Sikora LN2 #1;LN2 Canes;SQZ100790A;;EKB;100063;1;F;3;9;;0;100790;;;;;;;Continuous maintenance from p+33 (FWID 100000)
MDA MB 134VI (MM134);2/13/2017;admin;;100011;ZZZ100044;Matt Sikora;;21;14;p+36;;2/17/2017;14:34:42;;;;;UPMC/MJS;;0;00/00/00;00:00:00;;Frozen back by EKB on 04.04.19;20;Cells;40;4/9/2019;;In Storage;;Sikora LN2 #1;LN2 Canes;SQZ100789A;;EKB;100063;1;F;3;8;;0;100789;;;;;;;Continuous maintenance from p+33 (FWID 100000)
MDA MB 134VI (MM134);2/13/2017;admin;;100011;ZZZ100044;Matt Sikora;;21;14;p+36;;2/17/2017;14:34:42;;;;;UPMC/MJS;;0;00/00/00;00:00:00;;Frozen back by EKB on 04.04.19;19;Cells;40;4/9/2019;;In Storage;;Sikora LN2 #1;LN2 Canes;SQZ100788A;;EKB;100063;1;F;3;7;;0;100788;;;;;;;Continuous maintenance from p+33 (FWID 100000)
SUM44PE;2/16/2017;admin;;100012;ZZZ100045;Matt Sikora;;23;16;p77;;2/17/2017;14:35:49;;;;;UPMC/MJS;;0;00/00/00;00:00:00;;Frozen back by EKB 4-4-19;16;Cells;79;4/9/2019;;In Storage;;Sikora LN2 #1;LN2 Canes;SQZ100791A;;EKB;100076;4;F;9;4;;0;100791;;;;;;;Originally obtained from Rae Laboratory at U.Michigan (Rae Lab obtained directly from Ethier Lab).
SUM44PE;2/16/2017;admin;;100012;ZZZ100045;Matt Sikora;;23;16;p77;;2/17/2017;14:35:49;;;;;UPMC/MJS;;0;00/00/00;00:00:00;;Frozen back by EKB 4-4-19;17;Cells;79;4/9/2019;;In Storage;;Sikora LN2 #1;LN2 Canes;SQZ100792A;;EKB;100076;4;F;9;5;;0;100792;;;;;;;Originally obtained from Rae Laboratory at U.Michigan (Rae Lab obtained directly from Ethier Lab).
HCC1428;10/5/2017;drao;;100060;SQZ100060;;;18;9;17;;10/6/2017;08:54:36;;;;;UPMC/MJS;;0;9/4/2019;12:10:09;;Frozen back by EKB 04.04.19 Thawed by EKB on 09.04.19;11;Cells;49;4/9/2019;;Checked Out;;Sikora LN2 #1;LN2 Canes;SQZ100793A;;EKB;100311;1;F;5;1;;0;100793;;;;;;;Fibrosarcoma cell line, high expression of WNT4, brought from Pittsburgh by Dr. Sikora
MDA MB 330 (MM330);4/11/2017;admin;;100037;SQZ100037;Matt Sikora;;10;7;p+5;;4/12/2017;15:33:09;;;;;ATCC;;0;7/23/2019;15:37:22;;Frozen back by EKB 04.04.19 Checked out on 04.29.19;10;Cells;8;4/9/2019;;Used;;;;SQZ100794A;;EKB;100365;;;;;;0;100794;;;;;;;Obtained directly from ATCC (no passage number assigned).
SUM44PE;2/16/2017;admin;;100012;ZZZ100045;Matt Sikora;;23;16;p77;;2/17/2017;14:35:49;;;;;UPMC/MJS;;0;00/00/00;00:00:00;;Frozen back by DMR on 4-26-19.;18;Cells;85;5/1/2019;;In Storage;;Sikora LN2 #1;LN2 Canes;SQZ100795A;;DMR;100690;1;C;4;5;;0;100795;;;;;;;Originally obtained from Rae Laboratory at U.Michigan (Rae Lab obtained directly from Ethier Lab).
SUM44PE;2/16/2017;admin;;100012;ZZZ100045;Matt Sikora;;23;16;p77;;2/17/2017;14:35:49;;;;;UPMC/MJS;;0;00/00/00;00:00:00;;Frozen back by DMR on 4-26-19.;19;Cells;85;5/1/2019;;In Storage;;Sikora LN2 #1;LN2 Canes;SQZ100796A;;DMR;100690;1;C;4;6;;0;100796;;;;;;;Originally obtained from Rae Laboratory at U.Michigan (Rae Lab obtained directly from Ethier Lab).
SUM44PE;2/16/2017;admin;;100012;ZZZ100045;Matt Sikora;;23;16;p77;;2/17/2017;14:35:49;;;;;UPMC/MJS;;0;00/00/00;00:00:00;;Frozen back by DMR on 4-26-19.;20;Cells;85;5/1/2019;;In Storage;;Sikora LN2 #1;LN2 Canes;SQZ100797A;;DMR;100690;1;C;4;7;;0;100797;;;;;;;Originally obtained from Rae Laboratory at U.Michigan (Rae Lab obtained directly from Ethier Lab).
SUM44PE;2/16/2017;admin;;100012;ZZZ100045;Matt Sikora;;23;16;p77;;2/17/2017;14:35:49;;;;;UPMC/MJS;;0;00/00/00;00:00:00;;Frozen back by DMR on 4-26-19.;21;Cells;85;5/1/2019;;In Storage;;Sikora LN2 #1;LN2 Canes;SQZ100798A;;DMR;100690;1;C;4;8;;0;100798;;;;;;;Originally obtained from Rae Laboratory at U.Michigan (Rae Lab obtained directly from Ethier Lab).
SUM44PE;2/16/2017;admin;;100012;ZZZ100045;Matt Sikora;;23;16;p77;;2/17/2017;14:35:49;;;;;UPMC/MJS;;0;00/00/00;00:00:00;;Frozen back by DMR on 4-26-19.;22;Cells;85;5/1/2019;;In Storage;;Sikora LN2 #1;LN2 Canes;SQZ100799A;;DMR;100690;1;C;4;9;;0;100799;;;;;;;Originally obtained from Rae Laboratory at U.Michigan (Rae Lab obtained directly from Ethier Lab).
SUM44PE;2/16/2017;admin;;100012;ZZZ100045;Matt Sikora;;23;16;p77;;2/17/2017;14:35:49;;;;;UPMC/MJS;;0;00/00/00;00:00:00;;Frozen back by DMR on 4-26-19.;23;Cells;85;5/1/2019;;In Storage;;Sikora LN2 #1;LN2 Canes;SQZ100800A;;DMR;100690;1;C;5;1;;0;100800;;;;;;;Originally obtained from Rae Laboratory at U.Michigan (Rae Lab obtained directly from Ethier Lab).
SUM44PE+WNT3A;7/23/2018;drao;;100094;SQZ100094;;;15;14;13;;7/27/2018;11:06:49;;;;;Sikora Lab;;0;00/00/00;00:00:00;;Frozen back by DMR on 4-26-19.;10;Cells;21;5/1/2019;;In Storage;;Sikora LN2 #1;LN2 Canes;SQZ100801A;;DMR;100694;1;C;5;2;;0;100801;;;;;;;This cell line was made by RF to stably over-express WNT3A. Blasticidin is used for selection.
SUM44PE+WNT3A;7/23/2018;drao;;100094;SQZ100094;;;15;14;13;;7/27/2018;11:06:49;;;;;Sikora Lab;;0;00/00/00;00:00:00;;Frozen back by DMR on 4-26-19.;11;Cells;21;5/1/2019;;In Storage;;Sikora LN2 #1;LN2 Canes;SQZ100802A;;DMR;100694;1;C;5;3;;0;100802;;;;;;;This cell line was made by RF to stably over-express WNT3A. Blasticidin is used for selection.
SUM44PE+WNT3A;7/23/2018;drao;;100094;SQZ100094;;;15;14;13;;7/27/2018;11:06:49;;;;;Sikora Lab;;0;00/00/00;00:00:00;;Frozen back by DMR on 4-26-19.;12;Cells;21;5/1/2019;;In Storage;;Sikora LN2 #1;LN2 Canes;SQZ100803A;;DMR;100694;1;C;5;4;;0;100803;;;;;;;This cell line was made by RF to stably over-express WNT3A. Blasticidin is used for selection.
SUM44PE+WNT3A;7/23/2018;drao;;100094;SQZ100094;;;15;14;13;;7/27/2018;11:06:49;;;;;Sikora Lab;;0;00/00/00;00:00:00;;Frozen back by DMR on 4-26-19.;13;Cells;21;5/1/2019;;In Storage;;Sikora LN2 #1;LN2 Canes;SQZ100804A;;DMR;100694;1;C;5;5;;0;100804;;;;;;;This cell line was made by RF to stably over-express WNT3A. Blasticidin is used for selection.
SUM44PE+WNT3A;7/23/2018;drao;;100094;SQZ100094;;;15;14;13;;7/27/2018;11:06:49;;;;;Sikora Lab;;0;00/00/00;00:00:00;;Frozen back by DMR on 4-26-19.;14;Cells;21;5/1/2019;;In Storage;;Sikora LN2 #1;LN2 Canes;SQZ100805A;;DMR;100694;1;C;5;6;;0;100805;;;;;;;This cell line was made by RF to stably over-express WNT3A. Blasticidin is used for selection.
SUM44PE+WNT3A;7/23/2018;drao;;100094;SQZ100094;;;15;14;13;;7/27/2018;11:06:49;;;;;Sikora Lab;;0;00/00/00;00:00:00;;Frozen back by DMR on 4-26-19.;15;Cells;21;5/1/2019;;In Storage;;Sikora LN2 #1;LN2 Canes;SQZ100806A;;DMR;100694;1;C;5;7;;0;100806;;;;;;;This cell line was made by RF to stably over-express WNT3A. Blasticidin is used for selection.
SUM44PE+WNT4;7/23/2018;drao;;100095;SQZ100095;;;15;12;13;;7/27/2018;11:12:02;;;;;Sikora Lab;;0;00/00/00;00:00:00;;Frozen back by DMR on 4-26-19.;10;Cells;21;5/1/2019;;In Storage;;Sikora LN2 #1;LN2 Canes;SQZ100807A;;DMR;100698;1;C;5;8;;0;100807;;;;;;;This cell line was made by RF to stably over-express WNT4. Blasticidin is used for selection.
SUM44PE+WNT4;7/23/2018;drao;;100095;SQZ100095;;;15;12;13;;7/27/2018;11:12:02;;;;;Sikora Lab;;0;00/00/00;00:00:00;;Frozen back by DMR on 4-26-19.;11;Cells;21;5/1/2019;;In Storage;;Sikora LN2 #1;LN2 Canes;SQZ100808A;;DMR;100698;1;C;5;9;;0;100808;;;;;;;This cell line was made by RF to stably over-express WNT4. Blasticidin is used for selection.
SUM44PE+WNT4;7/23/2018;drao;;100095;SQZ100095;;;15;12;13;;7/27/2018;11:12:02;;;;;Sikora Lab;;0;00/00/00;00:00:00;;Frozen back by DMR on 4-26-19.;12;Cells;21;5/1/2019;;In Storage;;Sikora LN2 #1;LN2 Canes;SQZ100809A;;DMR;100698;1;C;6;1;;0;100809;;;;;;;This cell line was made by RF to stably over-express WNT4. Blasticidin is used for selection.
SUM44PE+WNT4;7/23/2018;drao;;100095;SQZ100095;;;15;12;13;;7/27/2018;11:12:02;;;;;Sikora Lab;;0;00/00/00;00:00:00;;Frozen back by DMR on 4-26-19.;13;Cells;21;5/1/2019;;In Storage;;Sikora LN2 #1;LN2 Canes;SQZ100810A;;DMR;100698;1;C;6;2;;0;100810;;;;;;;This cell line was made by RF to stably over-express WNT4. Blasticidin is used for selection.
SUM44PE+WNT4;7/23/2018;drao;;100095;SQZ100095;;;15;12;13;;7/27/2018;11:12:02;;;;;Sikora Lab;;0;00/00/00;00:00:00;;Frozen back by DMR on 4-26-19.;14;Cells;21;5/1/2019;;In Storage;;Sikora LN2 #1;LN2 Canes;SQZ100811A;;DMR;100698;1;C;6;3;;0;100811;;;;;;;This cell line was made by RF to stably over-express WNT4. Blasticidin is used for selection.
SUM44PE+WNT4;7/23/2018;drao;;100095;SQZ100095;;;15;12;13;;7/27/2018;11:12:02;;;;;Sikora Lab;;0;00/00/00;00:00:00;;Frozen back by DMR on 4-26-19.;15;Cells;21;5/1/2019;;In Storage;;Sikora LN2 #1;LN2 Canes;SQZ100812A;;DMR;100698;1;C;6;4;;0;100812;;;;;;;This cell line was made by RF to stably over-express WNT4. Blasticidin is used for selection.
MCF-7;3/16/2017;admin;;100025;ZZZ100059;Matt Sikora;;26;21;p143;;3/24/2017;15:19:12;;;;;UM/LCCC;;0;00/00/00;00:00:00;;Frozen back by DMR on 4-30-19.;21;Cells;146;5/1/2019;;In Storage;;Sikora LN2 #1;LN2 Canes;SQZ100813A;;DMR;100152;1;C;3;8;;0;100813;;;;;;;From Rae Lab, Sikora 2009 freezeback.
MCF-7;3/16/2017;admin;;100025;ZZZ100059;Matt Sikora;;26;21;p143;;3/24/2017;15:19:12;;;;;UM/LCCC;;0;00/00/00;00:00:00;;Frozen back by DMR on 4-30-19.;22;Cells;146;5/1/2019;;In Storage;;Sikora LN2 #1;LN2 Canes;SQZ100814A;;DMR;100152;1;C;3;9;;0;100814;;;;;;;From Rae Lab, Sikora 2009 freezeback.
MCF-7;3/16/2017;admin;;100025;ZZZ100059;Matt Sikora;;26;21;p143;;3/24/2017;15:19:12;;;;;UM/LCCC;;0;00/00/00;00:00:00;;Frozen back by DMR on 4-30-19.;23;Cells;146;5/1/2019;;In Storage;;Sikora LN2 #1;LN2 Canes;SQZ100815A;;DMR;100152;1;C;4;1;;0;100815;;;;;;;From Rae Lab, Sikora 2009 freezeback.
MCF-7;3/16/2017;admin;;100025;ZZZ100059;Matt Sikora;;26;21;p143;;3/24/2017;15:19:12;;;;;UM/LCCC;;0;00/00/00;00:00:00;;Frozen back by DMR on 4-30-19.;24;Cells;146;5/1/2019;;In Storage;;Sikora LN2 #1;LN2 Canes;SQZ100816A;;DMR;100152;1;C;4;2;;0;100816;;;;;;;From Rae Lab, Sikora 2009 freezeback.
MCF-7;3/16/2017;admin;;100025;ZZZ100059;Matt Sikora;;26;21;p143;;3/24/2017;15:19:12;;;;;UM/LCCC;;0;00/00/00;00:00:00;;Frozen back by DMR on 4-30-19.;25;Cells;146;5/1/2019;;In Storage;;Sikora LN2 #1;LN2 Canes;SQZ100817A;;DMR;100152;1;C;4;3;;0;100817;;;;;;;From Rae Lab, Sikora 2009 freezeback.
MCF-7;3/16/2017;admin;;100025;ZZZ100059;Matt Sikora;;26;21;p143;;3/24/2017;15:19:12;;;;;UM/LCCC;;0;00/00/00;00:00:00;;Frozen back by DMR on 4-30-19.;26;Cells;146;5/1/2019;;In Storage;;Sikora LN2 #1;LN2 Canes;SQZ100818A;;DMR;100152;1;C;4;4;;0;100818;;;;;;;From Rae Lab, Sikora 2009 freezeback.
MDA MB 134VI (MM134);8/8/2017;drao;;100076;SQZ100076;;;12;7;69;;1/3/2018;09:18:00;;;;;Sikora Lab;;0;00/00/00;00:00:00;;Frozen back by DMR on 5-6-19.;7;Cells;10;5/6/2019;;In Storage;;Sikora LN2 #1;LN2 Canes;SQZ100819A;;DMR;100390;1;C;6;5;;0;100819;;;;;;;
MDA MB 134VI (MM134);8/8/2017;drao;;100076;SQZ100076;;;12;7;69;;1/3/2018;09:18:00;;;;;Sikora Lab;;0;00/00/00;00:00:00;;Frozen back by DMR on 5-6-19.;8;Cells;10;5/6/2019;;In Storage;;Sikora LN2 #1;LN2 Canes;SQZ100820A;;DMR;100390;1;C;6;6;;0;100820;;;;;;;
MDA MB 134VI (MM134);8/8/2017;drao;;100076;SQZ100076;;;12;7;69;;1/3/2018;09:18:00;;;;;Sikora Lab;;0;00/00/00;00:00:00;;Frozen back by DMR on 5-6-19.;9;Cells;10;5/6/2019;;In Storage;;Sikora LN2 #1;LN2 Canes;SQZ100821A;;DMR;100390;1;C;6;7;;0;100821;;;;;;;
MDA MB 134VI (MM134);8/8/2017;drao;;100076;SQZ100076;;;12;7;69;;1/3/2018;09:18:00;;;;;Sikora Lab;;0;00/00/00;00:00:00;;Frozen back by DMR on 5-6-19.;10;Cells;10;5/6/2019;;In Storage;;Sikora LN2 #1;LN2 Canes;SQZ100822A;;DMR;100390;1;C;6;8;;0;100822;;;;;;;
MDA MB 134VI (MM134);8/8/2017;drao;;100076;SQZ100076;;;12;7;69;;1/3/2018;09:18:00;;;;;Sikora Lab;;0;00/00/00;00:00:00;;Frozen back by DMR on 5-6-19.;11;Cells;10;5/6/2019;;In Storage;;Sikora LN2 #1;LN2 Canes;SQZ100823A;;DMR;100390;1;C;6;9;;0;100823;;;;;;;
MDA MB 134VI (MM134);8/8/2017;drao;;100076;SQZ100076;;;12;7;69;;1/3/2018;09:18:00;;;;;Sikora Lab;;0;00/00/00;00:00:00;;Frozen back by DMR on 5-6-19.;12;Cells;10;5/6/2019;;In Storage;;Sikora LN2 #1;LN2 Canes;SQZ100824A;;DMR;100390;1;C;7;1;;0;100824;;;;;;;
MM134-WNT3A;2/23/2018;drao;;100087;SQZ100087;;;12;7;8;;3/2/2018;16:55:47;;;;;Sikora Lab;;0;5/8/2019;11:53:02;;Frozen back by DMR on 5-6-19. ***Labelled incorrectly!!!!! They are labeled as WNT4 but are actually WNT3A***;7;Cells;12;5/6/2019;;In Storage;;Sikora LN2 #1;LN2 Canes;SQZ100825A;;DMR;100509;1;C;7;8;;0;100825;;;;;;;RF made these cell lines. They are MM134 that overexpress WNT3A, Blasticidin is used for selection.
MM134-WNT3A;2/23/2018;drao;;100087;SQZ100087;;;12;7;8;;3/2/2018;16:55:47;;;;;Sikora Lab;;0;5/8/2019;11:53:14;;Frozen back by DMR on 5-6-19. ***Labelled incorrectly!!! They are labeled as WNT4 but are actually WNT3A***;8;Cells;12;5/6/2019;;In Storage;;Sikora LN2 #1;LN2 Canes;SQZ100826A;;DMR;100509;1;C;7;9;;0;100826;;;;;;;RF made these cell lines. They are MM134 that overexpress WNT3A, Blasticidin is used for selection.
MM134-WNT3A;2/23/2018;drao;;100087;SQZ100087;;;12;7;8;;3/2/2018;16:55:47;;;;;Sikora Lab;;0;5/8/2019;11:53:24;;Frozen back by DMR on 5-6-19. ***Labelled incorrectly!!! They are labelled at WNT4 but are actually WNT3A***;9;Cells;12;5/6/2019;;In Storage;;Sikora LN2 #1;LN2 Canes;SQZ100827A;;DMR;100509;1;C;8;1;;0;100827;;;;;;;RF made these cell lines. They are MM134 that overexpress WNT3A, Blasticidin is used for selection.
MM134-WNT3A;2/23/2018;drao;;100087;SQZ100087;;;12;7;8;;3/2/2018;16:55:47;;;;;Sikora Lab;;0;5/8/2019;11:53:32;;Frozen back by DMR on 5-6-19. ***Labelled incorrectly!!! They are labelled as WNT4 bu are actually WNT3A***;10;Cells;12;5/6/2019;;In Storage;;Sikora LN2 #1;LN2 Canes;SQZ100828A;;DMR;100509;1;C;8;2;;0;100828;;;;;;;RF made these cell lines. They are MM134 that overexpress WNT3A, Blasticidin is used for selection.
MM134-WNT3A;2/23/2018;drao;;100087;SQZ100087;;;12;7;8;;3/2/2018;16:55:47;;;;;Sikora Lab;;0;5/8/2019;11:53:42;;Frozen back by DMR on 5-6-19. ***Labelled incorrectly!!! They are labelled as WNT4 but are actually WNT3A***;11;Cells;12;5/6/2019;;In Storage;;Sikora LN2 #1;LN2 Canes;SQZ100829A;;DMR;100509;1;C;8;3;;0;100829;;;;;;;RF made these cell lines. They are MM134 that overexpress WNT3A, Blasticidin is used for selection.
MM134-WNT3A;2/23/2018;drao;;100087;SQZ100087;;;12;7;8;;3/2/2018;16:55:47;;;;;Sikora Lab;;0;5/8/2019;11:53:56;;Frozen back by DMR on 5-6-19. ***Labelled incorrectly!!! The are labelled as WNT4 but are actually WNT3A***;12;Cells;12;5/6/2019;;In Storage;;Sikora LN2 #1;LN2 Canes;SQZ100830A;;DMR;100509;1;C;8;4;;0;100830;;;;;;;RF made these cell lines. They are MM134 that overexpress WNT3A, Blasticidin is used for selection.
MM134-WNT4;2/23/2018;drao;;100088;SQZ100088;;;12;7;8;;3/2/2018;16:58:29;;;;;Sikora Lab;;0;5/8/2019;11:49:38;;Frozen back by DMR on 5-6-19. ***Labelled incorrectly!!! Labelled as WNT3A but are actually WNT4***;7;Cells;12;5/6/2019;;In Storage;;Sikora LN2 #1;LN2 Canes;SQZ100831A;;DMR;100515;1;C;7;2;;0;100831;;;;;;;RF made these lines. They are MM134 that overexpress WNT4. Blasticidin is used for selection.
MM134-WNT4;2/23/2018;drao;;100088;SQZ100088;;;12;7;8;;3/2/2018;16:58:29;;;;;Sikora Lab;;0;5/8/2019;11:50:16;;Frozen back by DMR on 5-6-19. ***Labelled incorrectly!!! Labelled as WNT3A but are actually WNT4***;8;Cells;12;5/6/2019;;In Storage;;Sikora LN2 #1;LN2 Canes;SQZ100832A;;DMR;100515;1;C;7;3;;0;100832;;;;;;;RF made these lines. They are MM134 that overexpress WNT4. Blasticidin is used for selection.
MM134-WNT4;2/23/2018;drao;;100088;SQZ100088;;;12;7;8;;3/2/2018;16:58:29;;;;;Sikora Lab;;0;5/8/2019;11:50:49;;Frozen back by DMR on 5-6-19. ***Labelled incorrectly!!! Labelled as WNT3A but are actually WNT4***;9;Cells;12;5/6/2019;;In Storage;;Sikora LN2 #1;LN2 Canes;SQZ100833A;;DMR;100515;1;C;7;4;;0;100833;;;;;;;RF made these lines. They are MM134 that overexpress WNT4. Blasticidin is used for selection.
MM134-WNT4;2/23/2018;drao;;100088;SQZ100088;;;12;7;8;;3/2/2018;16:58:29;;;;;Sikora Lab;;0;5/8/2019;11:51:24;;Frozen back by DMR on 5-6-19. ***Labelled incorrectly! Labelled as WNT3A but are actually WNT4***;10;Cells;12;5/6/2019;;In Storage;;Sikora LN2 #1;LN2 Canes;SQZ100834A;;DMR;100515;1;C;7;5;;0;100834;;;;;;;RF made these lines. They are MM134 that overexpress WNT4. Blasticidin is used for selection.
MM134-WNT4;2/23/2018;drao;;100088;SQZ100088;;;12;7;8;;3/2/2018;16:58:29;;;;;Sikora Lab;;0;5/8/2019;11:52:03;;Frozen back by DMR on 5-6-19. ***Labelled incorrectly!!! Labelled as WNT3A but actually WNT4***;11;Cells;12;5/6/2019;;In Storage;;Sikora LN2 #1;LN2 Canes;SQZ100835A;;DMR;100515;1;C;7;6;;0;100835;;;;;;;RF made these lines. They are MM134 that overexpress WNT4. Blasticidin is used for selection.
MM134-WNT4;2/23/2018;drao;;100088;SQZ100088;;;12;7;8;;3/2/2018;16:58:29;;;;;Sikora Lab;;0;5/8/2019;11:52:42;;Frozen back by DMR on 5-6-19. ***Labelled inicorrectly!!! Labelled as WNT3A but actually WNT4***;12;Cells;12;5/6/2019;;In Storage;;Sikora LN2 #1;LN2 Canes;SQZ100836A;;DMR;100515;1;C;7;7;;0;100836;;;;;;;RF made these lines. They are MM134 that overexpress WNT4. Blasticidin is used for selection.
HCC1428;10/5/2017;drao;;100060;SQZ100060;;;18;9;17;;10/6/2017;08:54:36;;;;;UPMC/MJS;;0;00/00/00;00:00:00;;Freezebacks created by EKB;12;Cells;p19;5/7/2019;;In Storage;;Sikora LN2 #1;LN2 Canes;SQZ100837A;;EKB;0;4;D;7;1;;0;100837;;;;;;;Fibrosarcoma cell line, high expression of WNT4, brought from Pittsburgh by Dr. Sikora
HCC1428;10/5/2017;drao;;100060;SQZ100060;;;18;9;17;;10/6/2017;08:54:36;;;;;UPMC/MJS;;0;00/00/00;00:00:00;;Freezebacks created by EKB;13;Cells;p19;5/7/2019;;In Storage;;Sikora LN2 #1;LN2 Canes;SQZ100838A;;EKB;0;4;D;7;2;;0;100838;;;;;;;Fibrosarcoma cell line, high expression of WNT4, brought from Pittsburgh by Dr. Sikora
HCC1428;10/5/2017;drao;;100060;SQZ100060;;;18;9;17;;10/6/2017;08:54:36;;;;;UPMC/MJS;;0;00/00/00;00:00:00;;Freezebacks created by EKB;14;Cells;p19;5/7/2019;;In Storage;;Sikora LN2 #1;LN2 Canes;SQZ100839A;;EKB;0;4;D;7;3;;0;100839;;;;;;;Fibrosarcoma cell line, high expression of WNT4, brought from Pittsburgh by Dr. Sikora
HCC1428;10/5/2017;drao;;100060;SQZ100060;;;18;9;17;;10/6/2017;08:54:36;;;;;UPMC/MJS;;0;00/00/00;00:00:00;;Freezebacks created by EKB;15;Cells;p19;5/7/2019;;In Storage;;Sikora LN2 #1;LN2 Canes;SQZ100840A;;EKB;0;4;D;7;4;;0;100840;;;;;;;Fibrosarcoma cell line, high expression of WNT4, brought from Pittsburgh by Dr. Sikora
HCC1428;10/5/2017;drao;;100060;SQZ100060;;;18;9;17;;10/6/2017;08:54:36;;;;;UPMC/MJS;;0;00/00/00;00:00:00;;Freezebacks created by EKB;16;Cells;p19;5/7/2019;;In Storage;;Sikora LN2 #1;LN2 Canes;SQZ100841A;;EKB;0;4;D;7;5;;0;100841;;;;;;;Fibrosarcoma cell line, high expression of WNT4, brought from Pittsburgh by Dr. Sikora
HCC1428;10/5/2017;drao;;100060;SQZ100060;;;18;9;17;;10/6/2017;08:54:36;;;;;UPMC/MJS;;0;00/00/00;00:00:00;;Freezebacks created by EKB;17;Cells;p19;5/7/2019;;In Storage;;Sikora LN2 #1;LN2 Canes;SQZ100842A;;EKB;0;4;D;7;6;;0;100842;;;;;;;Fibrosarcoma cell line, high expression of WNT4, brought from Pittsburgh by Dr. Sikora
HCC1428;10/5/2017;drao;;100060;SQZ100060;;;18;9;17;;10/6/2017;08:54:36;;;;;UPMC/MJS;;0;5/14/2019;15:15:39;;Thawed 05/14/19 by EKB;18;Cells;p19;5/7/2019;;Checked Out;;Sikora LN2 #1;LN2 Canes;SQZ100843A;;EKB;0;4;D;7;7;;0;100843;;;;;;;Fibrosarcoma cell line, high expression of WNT4, brought from Pittsburgh by Dr. Sikora
MC3T3-E1;1/8/2018;drao;;100086;SQZ100086;;;10;6;23;;1/19/2018;15:09:15;;;;;Owens Lab;;0;00/00/00;00:00:00;;Frozen back by DMR on 7/6/19.;7;Cells;26;7/15/2019;;In Storage;;Sikora LN2 #1;LN2 Canes;SQZ100844A;;DMR;100488;1;C;8;5;;0;100844;;;;;;;
MC3T3-E1;1/8/2018;drao;;100086;SQZ100086;;;10;6;23;;1/19/2018;15:09:15;;;;;Owens Lab;;0;00/00/00;00:00:00;;Frozen back by DMR on 7/6/19.;8;Cells;26;7/15/2019;;In Storage;;Sikora LN2 #1;LN2 Canes;SQZ100845A;;DMR;100488;1;C;8;6;;0;100845;;;;;;;
MC3T3-E1;1/8/2018;drao;;100086;SQZ100086;;;10;6;23;;1/19/2018;15:09:15;;;;;Owens Lab;;0;00/00/00;00:00:00;;Frozen back by DMR on 7/6/19.;9;Cells;26;7/15/2019;;In Storage;;Sikora LN2 #1;LN2 Canes;SQZ100846A;;DMR;100488;1;C;8;7;;0;100846;;;;;;;
MC3T3-E1;1/8/2018;drao;;100086;SQZ100086;;;10;6;23;;1/19/2018;15:09:15;;;;;Owens Lab;;0;00/00/00;00:00:00;;Frozen back by DMR on 7/6/19.;10;Cells;26;7/15/2019;;In Storage;;Sikora LN2 #1;LN2 Canes;SQZ100847A;;DMR;100488;1;C;8;8;;0;100847;;;;;;;
293FT;8/2/2019;jsottnik;;100115;SQZ100115;;;4;4;4;;8/5/2019;08:33:23;;;;;Costello Lab;;0;00/00/00;00:00:00;;;1;Cells;1;8/5/2019;;In Storage;;TEST FREEZER;Copy of  LN2 Canes;SQZ100848A;;Joe Sottnik;0;1;B;1;1;;0;100848;;;;;;;
293FT;8/2/2019;jsottnik;;100115;SQZ100115;;;4;4;4;;8/5/2019;08:33:23;;;;;Costello Lab;;0;00/00/00;00:00:00;;;2;Cells;1;8/5/2019;;In Storage;;TEST FREEZER;Copy of  LN2 Canes;SQZ100849A;;Joe Sottnik;0;1;B;1;2;;0;100849;;;;;;;
293FT;8/2/2019;jsottnik;;100115;SQZ100115;;;4;4;4;;8/5/2019;08:33:23;;;;;Costello Lab;;0;00/00/00;00:00:00;;;3;Cells;1;8/5/2019;;In Storage;;TEST FREEZER;Copy of  LN2 Canes;SQZ100850A;;Joe Sottnik;0;1;B;1;3;;0;100850;;;;;;;
293FT;8/2/2019;jsottnik;;100115;SQZ100115;;;4;4;4;;8/5/2019;08:33:23;;;;;Costello Lab;;0;00/00/00;00:00:00;;;4;Cells;1;8/5/2019;;In Storage;;TEST FREEZER;Copy of  LN2 Canes;SQZ100851A;;Joe Sottnik;0;1;B;1;4;;0;100851;;;;;;;
293FT;8/2/2019;jsottnik;;100116;SQZ100116;;;15;14;4;;8/9/2019;14:01:05;;;;;Costello Lab;;0;00/00/00;00:00:00;;;4;Cells;4;8/9/2019;;In Storage;;Sikora LN2 #1;LN2 Canes;SQZ100859A;;Joe Sottnik;0;4;C;1;4;;0;100859;;;;;;;
293FT;8/2/2019;jsottnik;;100116;SQZ100116;;;15;14;4;;8/9/2019;14:01:05;;;;;Costello Lab;;0;00/00/00;00:00:00;;;3;Cells;4;8/9/2019;;In Storage;;Sikora LN2 #1;LN2 Canes;SQZ100858A;;Joe Sottnik;0;4;C;1;3;;0;100858;;;;;;;
293FT;8/2/2019;jsottnik;;100116;SQZ100116;;;15;14;4;;8/9/2019;14:01:05;;;;;Costello Lab;;0;00/00/00;00:00:00;;;2;Cells;4;8/9/2019;;In Storage;;Sikora LN2 #1;LN2 Canes;SQZ100857A;;Joe Sottnik;0;4;C;1;2;;0;100857;;;;;;;
293FT;8/2/2019;jsottnik;;100116;SQZ100116;;;15;14;4;;8/9/2019;14:01:05;;;;;Costello Lab;;0;00/00/00;00:00:00;;;1;Cells;4;8/9/2019;;In Storage;;Sikora LN2 #1;LN2 Canes;SQZ100856A;;Joe Sottnik;0;4;C;1;1;;0;100856;Checkout;8/26/2019;8/26/2019;;01:00:00;jsottnik;
293FT;8/2/2019;jsottnik;;100116;SQZ100116;;;15;14;4;;8/9/2019;14:01:05;;;;;Costello Lab;;0;00/00/00;00:00:00;;;5;Cells;5;8/9/2019;;In Storage;;Sikora LN2 #1;LN2 Canes;SQZ100860A;;Joe Sottnik;0;4;C;1;5;;0;100860;;;;;;;
293FT;8/2/2019;jsottnik;;100116;SQZ100116;;;15;14;4;;8/9/2019;14:01:05;;;;;Costello Lab;;0;00/00/00;00:00:00;;;6;Cells;5;8/9/2019;;In Storage;;Sikora LN2 #1;LN2 Canes;SQZ100861A;;Joe Sottnik;0;4;C;1;6;;0;100861;;;;;;;
293FT;8/2/2019;jsottnik;;100116;SQZ100116;;;15;14;4;;8/9/2019;14:01:05;;;;;Costello Lab;;0;00/00/00;00:00:00;;;7;Cells;5;8/9/2019;;In Storage;;Sikora LN2 #1;LN2 Canes;SQZ100862A;;Joe Sottnik;0;4;C;1;7;;0;100862;;;;;;;
293FT;8/2/2019;jsottnik;;100116;SQZ100116;;;15;14;4;;8/9/2019;14:01:05;;;;;Costello Lab;;0;00/00/00;00:00:00;;;8;Cells;5;8/9/2019;;In Storage;;Sikora LN2 #1;LN2 Canes;SQZ100863A;;Joe Sottnik;0;4;C;1;8;;0;100863;;;;;;;
293FT;8/2/2019;jsottnik;;100116;SQZ100116;;;15;14;4;;8/9/2019;14:01:05;;;;;Costello Lab;;0;00/00/00;00:00:00;;;9;Cells;5;8/9/2019;;In Storage;;Sikora LN2 #1;LN2 Canes;SQZ100864A;;Joe Sottnik;0;4;C;1;9;;0;100864;;;;;;;
293FT;8/2/2019;jsottnik;;100116;SQZ100116;;;15;14;4;;8/9/2019;14:01:05;;;;;Costello Lab;;0;00/00/00;00:00:00;;;10;Cells;5;8/9/2019;;In Storage;;Sikora LN2 #1;LN2 Canes;SQZ100865A;;Joe Sottnik;0;4;C;2;1;;0;100865;;;;;;;
293FT;8/2/2019;jsottnik;;100116;SQZ100116;;;15;14;4;;8/9/2019;14:01:05;;;;;Costello Lab;;0;00/00/00;00:00:00;;;11;Cells;5;8/9/2019;;In Storage;;Sikora LN2 #1;LN2 Canes;SQZ100866A;;Joe Sottnik;0;4;C;2;2;;0;100866;;;;;;;
293FT;8/2/2019;jsottnik;;100116;SQZ100116;;;15;14;4;;8/9/2019;14:01:05;;;;;Costello Lab;;0;00/00/00;00:00:00;;;12;Cells;5;8/9/2019;;In Storage;;Sikora LN2 #1;LN2 Canes;SQZ100867A;;Joe Sottnik;0;4;C;2;3;;0;100867;;;;;;;
293FT;8/2/2019;jsottnik;;100116;SQZ100116;;;15;14;4;;8/9/2019;14:01:05;;;;;Costello Lab;;0;00/00/00;00:00:00;;;13;Cells;5;8/9/2019;;In Storage;;Sikora LN2 #1;LN2 Canes;SQZ100868A;;Joe Sottnik;0;4;C;2;4;;0;100868;;;;;;;
293FT;8/2/2019;jsottnik;;100116;SQZ100116;;;15;14;4;;8/9/2019;14:01:05;;;;;Costello Lab;;0;00/00/00;00:00:00;;;14;Cells;5;8/9/2019;;In Storage;;Sikora LN2 #1;LN2 Canes;SQZ100869A;;Joe Sottnik;0;4;C;2;5;;0;100869;;;;;;;
293FT;8/2/2019;jsottnik;;100116;SQZ100116;;;15;14;4;;8/9/2019;14:01:05;;;;;Costello Lab;;0;00/00/00;00:00:00;;;15;Cells;5;8/9/2019;;In Storage;;;;SQZ100870A;;Joe Sottnik;0;;;;;;0;100870;;;;;;;
293FT;9/5/2019;jsottnik;;100117;SQZ100117;;;9;9;6;;9/6/2019;07:06:22;;;;;Costello Lab;;0;00/00/00;00:00:00;;;1;Cells;6;9/6/2019;;In Storage;;Sikora LN2 #1;LN2 Canes;SQZ100871A;;Joe Sottnik;0;4;C;2;6;;0;100871;;;;;;;
293FT;9/5/2019;jsottnik;;100117;SQZ100117;;;9;9;6;;9/6/2019;07:06:22;;;;;Costello Lab;;0;00/00/00;00:00:00;;;2;Cells;6;9/6/2019;;In Storage;;Sikora LN2 #1;LN2 Canes;SQZ100872A;;Joe Sottnik;0;4;C;2;7;;0;100872;;;;;;;
293FT;9/5/2019;jsottnik;;100117;SQZ100117;;;9;9;6;;9/6/2019;07:06:22;;;;;Costello Lab;;0;00/00/00;00:00:00;;;3;Cells;6;9/6/2019;;In Storage;;Sikora LN2 #1;LN2 Canes;SQZ100873A;;Joe Sottnik;0;4;C;2;8;;0;100873;;;;;;;
293FT;9/5/2019;jsottnik;;100117;SQZ100117;;;9;9;6;;9/6/2019;07:06:22;;;;;Costello Lab;;0;00/00/00;00:00:00;;;4;Cells;6;9/6/2019;;In Storage;;Sikora LN2 #1;LN2 Canes;SQZ100874A;;Joe Sottnik;0;4;C;2;9;;0;100874;;;;;;;
293FT;9/5/2019;jsottnik;;100117;SQZ100117;;;9;9;6;;9/6/2019;07:06:22;;;;;Costello Lab;;0;00/00/00;00:00:00;;;5;Cells;6;9/6/2019;;In Storage;;Sikora LN2 #1;LN2 Canes;SQZ100875A;;Joe Sottnik;0;4;C;3;1;;0;100875;;;;;;;
293FT;9/5/2019;jsottnik;;100117;SQZ100117;;;9;9;6;;9/6/2019;07:06:22;;;;;Costello Lab;;0;00/00/00;00:00:00;;;6;Cells;6;9/6/2019;;In Storage;;Sikora LN2 #1;LN2 Canes;SQZ100876A;;Joe Sottnik;0;4;C;3;2;;0;100876;;;;;;;
293FT;9/5/2019;jsottnik;;100117;SQZ100117;;;9;9;6;;9/6/2019;07:06:22;;;;;Costello Lab;;0;00/00/00;00:00:00;;;7;Cells;6;9/6/2019;;In Storage;;Sikora LN2 #1;LN2 Canes;SQZ100877A;;Joe Sottnik;0;4;C;3;3;;0;100877;;;;;;;
293FT;9/5/2019;jsottnik;;100117;SQZ100117;;;9;9;6;;9/6/2019;07:06:22;;;;;Costello Lab;;0;00/00/00;00:00:00;;;8;Cells;6;9/6/2019;;In Storage;;Sikora LN2 #1;LN2 Canes;SQZ100878A;;Joe Sottnik;0;4;C;3;4;;0;100878;;;;;;;
293FT;9/5/2019;jsottnik;;100117;SQZ100117;;;9;9;6;;9/6/2019;07:06:22;;;;;Costello Lab;;0;00/00/00;00:00:00;;;9;Cells;6;9/6/2019;;In Storage;;Sikora LN2 #1;LN2 Canes;SQZ100879A;;Joe Sottnik;0;4;C;3;5;;0;100879;;;;;;;
MM134:L/E;;jsottnik;;100118;SQZ100118;;;6;6;;;3/1/2022;10:51:26;;;;;Sikora Lab;;0;00/00/00;00:00:00;;;1;Cells;16;3/1/2022;;In Storage;;Sikora LN2 #1;LN2 Canes;SQZ100880A;;Joe Sottnik;0;4;A;9;1;;0;100880;;;;;;;
MM134:L/E;;jsottnik;;100118;SQZ100118;;;6;6;;;3/1/2022;10:51:26;;;;;Sikora Lab;;0;00/00/00;00:00:00;;;2;Cells;16;3/1/2022;;In Storage;;Sikora LN2 #1;LN2 Canes;SQZ100881A;;Joe Sottnik;0;4;A;9;2;;0;100881;;;;;;;
MM134:L/E;;jsottnik;;100118;SQZ100118;;;6;6;;;3/1/2022;10:51:26;;;;;Sikora Lab;;0;00/00/00;00:00:00;;;3;Cells;16;3/1/2022;;In Storage;;Sikora LN2 #1;LN2 Canes;SQZ100882A;;Joe Sottnik;0;4;A;9;3;;0;100882;;;;;;;
MM134:L/E;;jsottnik;;100118;SQZ100118;;;6;6;;;3/1/2022;10:51:26;;;;;Sikora Lab;;0;00/00/00;00:00:00;;;4;Cells;16;3/1/2022;;In Storage;;Sikora LN2 #1;LN2 Canes;SQZ100883A;;Joe Sottnik;0;4;A;9;4;;0;100883;;;;;;;
MM134:L/E;;jsottnik;;100118;SQZ100118;;;6;6;;;3/1/2022;10:51:26;;;;;Sikora Lab;;0;00/00/00;00:00:00;;;5;Cells;16;3/1/2022;;In Storage;;Sikora LN2 #1;LN2 Canes;SQZ100884A;;Joe Sottnik;0;4;A;9;5;;0;100884;;;;;;;
MM134:L/E;;jsottnik;;100118;SQZ100118;;;6;6;;;3/1/2022;10:51:26;;;;;Sikora Lab;;0;00/00/00;00:00:00;;;6;Cells;16;3/1/2022;;In Storage;;Sikora LN2 #1;LN2 Canes;SQZ100885A;;Joe Sottnik;0;4;A;9;6;;0;100885;;;;;;;
MCF7-1-LAPLL;2/18/2022;jsottnik;;100119;SQZ100119;;;3;3;2;;3/1/2022;10:53:17;;;;;;;0;00/00/00;00:00:00;;;1;Cells;2;3/1/2022;;In Storage;;Sikora LN2 #1;LN2 Canes;SQZ100886A;;Joe Sottnik;0;4;A;1;1;;0;100886;;;;;;;
MCF7-1-LAPLL;2/18/2022;jsottnik;;100119;SQZ100119;;;3;3;2;;3/1/2022;10:53:17;;;;;;;0;00/00/00;00:00:00;;;2;Cells;2;3/1/2022;;In Storage;;Sikora LN2 #1;LN2 Canes;SQZ100887A;;Joe Sottnik;0;4;A;1;2;;0;100887;;;;;;;
MCF7-1-LAPLL;2/18/2022;jsottnik;;100119;SQZ100119;;;3;3;2;;3/1/2022;10:53:17;;;;;;;0;00/00/00;00:00:00;;;3;Cells;2;3/1/2022;;In Storage;;Sikora LN2 #1;LN2 Canes;SQZ100888A;;Joe Sottnik;0;4;A;1;3;;0;100888;;;;;;;
MCF7-2-LSPAA;2/18/2022;jsottnik;;100120;SQZ100120;;;3;3;2;;3/1/2022;10:56:26;;;;;;;0;00/00/00;00:00:00;;;1;Cells;2;3/1/2022;;In Storage;;Sikora LN2 #1;LN2 Canes;SQZ100889A;;Joe Sottnik;0;4;A;1;4;;0;100889;;;;;;;
MCF7-2-LSPAA;2/18/2022;jsottnik;;100120;SQZ100120;;;3;3;2;;3/1/2022;10:56:26;;;;;;;0;00/00/00;00:00:00;;;2;Cells;2;3/1/2022;;In Storage;;Sikora LN2 #1;LN2 Canes;SQZ100890A;;Joe Sottnik;0;4;A;1;5;;0;100890;;;;;;;
MCF7-2-LSPAA;2/18/2022;jsottnik;;100120;SQZ100120;;;3;3;2;;3/1/2022;10:56:26;;;;;;;0;00/00/00;00:00:00;;;3;Cells;2;3/1/2022;;In Storage;;Sikora LN2 #1;LN2 Canes;SQZ100891A;;Joe Sottnik;0;4;A;1;6;;0;100891;;;;;;;
MCF7-3-SRC2;2/18/2022;jsottnik;;100121;SQZ100121;;;3;3;2;;3/1/2022;10:57:17;;;;;;;0;00/00/00;00:00:00;;;1;Cells;2;3/1/2022;;In Storage;;Sikora LN2 #1;LN2 Canes;SQZ100892A;;Joe Sottnik;0;4;A;1;7;;0;100892;;;;;;;
MCF7-3-SRC2;2/18/2022;jsottnik;;100121;SQZ100121;;;3;3;2;;3/1/2022;10:57:17;;;;;;;0;00/00/00;00:00:00;;;2;Cells;2;3/1/2022;;In Storage;;Sikora LN2 #1;LN2 Canes;SQZ100893A;;Joe Sottnik;0;4;A;1;8;;0;100893;;;;;;;
MCF7-3-SRC2;2/18/2022;jsottnik;;100121;SQZ100121;;;3;3;2;;3/1/2022;10:57:17;;;;;;;0;00/00/00;00:00:00;;;3;Cells;2;3/1/2022;;In Storage;;Sikora LN2 #1;LN2 Canes;SQZ100894A;;Joe Sottnik;0;4;A;1;9;;0;100894;;;;;;;
MCF7-4-LSPLL;2/18/2022;jsottnik;;100122;SQZ100122;;;3;3;2;;3/1/2022;10:58:06;;;;;;;0;00/00/00;00:00:00;;;1;Cells;2;3/1/2022;;In Storage;;Sikora LN2 #1;LN2 Canes;SQZ100895A;;Joe Sottnik;0;4;A;2;1;;0;100895;;;;;;;
MCF7-4-LSPLL;2/18/2022;jsottnik;;100122;SQZ100122;;;3;3;2;;3/1/2022;10:58:06;;;;;;;0;00/00/00;00:00:00;;;2;Cells;2;3/1/2022;;In Storage;;Sikora LN2 #1;LN2 Canes;SQZ100896A;;Joe Sottnik;0;4;A;2;2;;0;100896;;;;;;;
MCF7-4-LSPLL;2/18/2022;jsottnik;;100122;SQZ100122;;;3;3;2;;3/1/2022;10:58:06;;;;;;;0;00/00/00;00:00:00;;;3;Cells;2;3/1/2022;;In Storage;;Sikora LN2 #1;LN2 Canes;SQZ100897A;;Joe Sottnik;0;4;A;2;3;;0;100897;;;;;;;
MCF7-5-MmMDC1;2/18/2022;jsottnik;;100123;SQZ100123;;;3;3;2;;3/1/2022;10:58:46;;;;;;;0;00/00/00;00:00:00;;;1;Cells;2;3/1/2022;;In Storage;;Sikora LN2 #1;LN2 Canes;SQZ100898A;;Joe Sottnik;0;4;A;2;4;;0;100898;;;;;;;
MCF7-5-MmMDC1;2/18/2022;jsottnik;;100123;SQZ100123;;;3;3;2;;3/1/2022;10:58:46;;;;;;;0;00/00/00;00:00:00;;;2;Cells;2;3/1/2022;;In Storage;;Sikora LN2 #1;LN2 Canes;SQZ100899A;;Joe Sottnik;0;4;A;2;5;;0;100899;;;;;;;
MCF7-5-MmMDC1;2/18/2022;jsottnik;;100123;SQZ100123;;;3;3;2;;3/1/2022;10:58:46;;;;;;;0;00/00/00;00:00:00;;;3;Cells;2;3/1/2022;;In Storage;;Sikora LN2 #1;LN2 Canes;SQZ100900A;;Joe Sottnik;0;4;A;2;6;;0;100900;;;;;;;
MCF7-6-LDPLL;2/18/2022;jsottnik;;100124;SQZ100124;;;3;3;2;;3/1/2022;10:59:31;;;;;;;0;00/00/00;00:00:00;;;1;Cells;2;3/1/2022;;In Storage;;Sikora LN2 #1;LN2 Canes;SQZ100901A;;Joe Sottnik;0;4;A;2;7;;0;100901;;;;;;;
MCF7-6-LDPLL;2/18/2022;jsottnik;;100124;SQZ100124;;;3;3;2;;3/1/2022;10:59:31;;;;;;;0;00/00/00;00:00:00;;;2;Cells;2;3/1/2022;;In Storage;;Sikora LN2 #1;LN2 Canes;SQZ100902A;;Joe Sottnik;0;4;A;2;8;;0;100902;;;;;;;
MCF7-6-LDPLL;2/18/2022;jsottnik;;100124;SQZ100124;;;3;3;2;;3/1/2022;10:59:31;;;;;;;0;00/00/00;00:00:00;;;3;Cells;2;3/1/2022;;In Storage;;Sikora LN2 #1;LN2 Canes;SQZ100903A;;Joe Sottnik;0;4;A;2;9;;0;100903;;;;;;;
MM134-1-LAPLL;3/9/2022;jsottnik;;100125;SQZ100125;;;3;3;3;;3/11/2022;09:46:30;;;;;Sikora Lab;;0;00/00/00;00:00:00;;;1;Cells;3;3/11/2022;;In Storage;;Sikora LN2 #1;LN2 Canes;SQZ100904A;;Joe Sottnik;0;4;A;3;1;;0;100904;;;;;;;
MM134-1-LAPLL;3/9/2022;jsottnik;;100125;SQZ100125;;;3;3;3;;3/11/2022;09:46:30;;;;;Sikora Lab;;0;00/00/00;00:00:00;;;2;Cells;3;3/11/2022;;In Storage;;Sikora LN2 #1;LN2 Canes;SQZ100905A;;Joe Sottnik;0;4;A;3;2;;0;100905;;;;;;;
MM134-1-LAPLL;3/9/2022;jsottnik;;100125;SQZ100125;;;3;3;3;;3/11/2022;09:46:30;;;;;Sikora Lab;;0;00/00/00;00:00:00;;;3;Cells;3;3/11/2022;;In Storage;;Sikora LN2 #1;LN2 Canes;SQZ100906A;;Joe Sottnik;0;4;A;3;3;;0;100906;;;;;;;
MM134-2-LSPAA;3/9/2022;jsottnik;;100126;SQZ100126;;;3;3;3;;3/11/2022;09:48:00;;;;;Sikora Lab;;0;00/00/00;00:00:00;;;1;Cells;3;3/11/2022;;In Storage;;Sikora LN2 #1;LN2 Canes;SQZ100907A;;Joe Sottnik;0;4;A;3;4;;0;100907;;;;;;;
MM134-2-LSPAA;3/9/2022;jsottnik;;100126;SQZ100126;;;3;3;3;;3/11/2022;09:48:00;;;;;Sikora Lab;;0;00/00/00;00:00:00;;;2;Cells;3;3/11/2022;;In Storage;;Sikora LN2 #1;LN2 Canes;SQZ100908A;;Joe Sottnik;0;4;A;3;5;;0;100908;;;;;;;
MM134-2-LSPAA;3/9/2022;jsottnik;;100126;SQZ100126;;;3;3;3;;3/11/2022;09:48:00;;;;;Sikora Lab;;0;00/00/00;00:00:00;;;3;Cells;3;3/11/2022;;In Storage;;Sikora LN2 #1;LN2 Canes;SQZ100909A;;Joe Sottnik;0;4;A;3;6;;0;100909;;;;;;;
MM134-3-SRC2;3/9/2022;jsottnik;;100127;SQZ100127;;;3;3;3;;3/11/2022;09:48:43;;;;;Sikora Lab;;0;00/00/00;00:00:00;;;1;Cells;3;3/11/2022;;In Storage;;Sikora LN2 #1;LN2 Canes;SQZ100910A;;Joe Sottnik;0;4;A;3;7;;0;100910;;;;;;;
MM134-3-SRC2;3/9/2022;jsottnik;;100127;SQZ100127;;;3;3;3;;3/11/2022;09:48:43;;;;;Sikora Lab;;0;00/00/00;00:00:00;;;2;Cells;3;3/11/2022;;In Storage;;Sikora LN2 #1;LN2 Canes;SQZ100911A;;Joe Sottnik;0;4;A;3;8;;0;100911;;;;;;;
MM134-3-SRC2;3/9/2022;jsottnik;;100127;SQZ100127;;;3;3;3;;3/11/2022;09:48:43;;;;;Sikora Lab;;0;00/00/00;00:00:00;;;3;Cells;3;3/11/2022;;In Storage;;Sikora LN2 #1;LN2 Canes;SQZ100912A;;Joe Sottnik;0;4;A;3;9;;0;100912;;;;;;;
MM134-4-LSPLL;3/9/2022;jsottnik;;100128;SQZ100128;;;3;3;3;;3/11/2022;09:49:21;;;;;Sikora Lab;;0;00/00/00;00:00:00;;;1;Cells;3;3/11/2022;;In Storage;;Sikora LN2 #1;LN2 Canes;SQZ100913A;;Joe Sottnik;0;4;A;4;1;;0;100913;;;;;;;
MM134-4-LSPLL;3/9/2022;jsottnik;;100128;SQZ100128;;;3;3;3;;3/11/2022;09:49:21;;;;;Sikora Lab;;0;00/00/00;00:00:00;;;2;Cells;3;3/11/2022;;In Storage;;Sikora LN2 #1;LN2 Canes;SQZ100914A;;Joe Sottnik;0;4;A;4;2;;0;100914;;;;;;;
MM134-4-LSPLL;3/9/2022;jsottnik;;100128;SQZ100128;;;3;3;3;;3/11/2022;09:49:21;;;;;Sikora Lab;;0;00/00/00;00:00:00;;;3;Cells;3;3/11/2022;;In Storage;;Sikora LN2 #1;LN2 Canes;SQZ100915A;;Joe Sottnik;0;4;A;4;3;;0;100915;;;;;;;
MM134-5-MmMDC1;3/9/2022;jsottnik;;100129;SQZ100129;;;3;3;3;;3/11/2022;09:50:04;;;;;Sikora Lab;;0;00/00/00;00:00:00;;;1;Cells;3;3/11/2022;;In Storage;;Sikora LN2 #1;LN2 Canes;SQZ100916A;;Joe Sottnik;0;4;A;4;4;;0;100916;;;;;;;
MM134-5-MmMDC1;3/9/2022;jsottnik;;100129;SQZ100129;;;3;3;3;;3/11/2022;09:50:04;;;;;Sikora Lab;;0;00/00/00;00:00:00;;;2;Cells;3;3/11/2022;;In Storage;;Sikora LN2 #1;LN2 Canes;SQZ100917A;;Joe Sottnik;0;4;A;4;5;;0;100917;;;;;;;
MM134-5-MmMDC1;3/9/2022;jsottnik;;100129;SQZ100129;;;3;3;3;;3/11/2022;09:50:04;;;;;Sikora Lab;;0;00/00/00;00:00:00;;;3;Cells;3;3/11/2022;;In Storage;;Sikora LN2 #1;LN2 Canes;SQZ100918A;;Joe Sottnik;0;4;A;4;6;;0;100918;;;;;;;
MM134-6-LDPLL;3/9/2022;jsottnik;;100130;SQZ100130;;;3;3;3;;3/11/2022;09:50:35;;;;;Sikora Lab;;0;00/00/00;00:00:00;;;1;Cells;3;3/11/2022;;In Storage;;Sikora LN2 #1;LN2 Canes;SQZ100919A;;Joe Sottnik;0;4;A;4;7;;0;100919;;;;;;;
MM134-6-LDPLL;3/9/2022;jsottnik;;100130;SQZ100130;;;3;3;3;;3/11/2022;09:50:35;;;;;Sikora Lab;;0;00/00/00;00:00:00;;;2;Cells;3;3/11/2022;;In Storage;;Sikora LN2 #1;LN2 Canes;SQZ100920A;;Joe Sottnik;0;4;A;4;8;;0;100920;;;;;;;
MM134-6-LDPLL;3/9/2022;jsottnik;;100130;SQZ100130;;;3;3;3;;3/11/2022;09:50:35;;;;;Sikora Lab;;0;00/00/00;00:00:00;;;3;Cells;3;3/11/2022;;In Storage;;Sikora LN2 #1;LN2 Canes;SQZ100921A;;Joe Sottnik;0;4;A;4;9;;0;100921;;;;;;;
